job_title,role_family,company,country,city,salary_min,salary_max,salary_mid,salary_is_point,salary_reliability,currency,remote_type,experience_level,skills_list,is_intern,is_dup_req,posted_date,source
AI Engineer,AI Engineer,Jobot,United States,Mount Carmel,160000,160000,160000,true,point_estimate,USD,Unspecified,Lead,RAG,false,false,2026-02-16,Adzuna
AI Engineer,AI Engineer,Jobot,United States,The Gap,175000,175000,175000,true,point_estimate,USD,Unspecified,Lead,RAG,false,true,2026-02-16,Adzuna
AI Engineer,AI Engineer,Jobot,United States,Nashville,218000,218000,218000,true,point_estimate,USD,Unspecified,Lead,RAG,false,true,2026-02-16,Adzuna
Frontend/AI Engineer,AI Engineer,Jobot,United States,New York City,112000,112000,112000,true,point_estimate,USD,Unspecified,Mid-level,,false,false,2026-02-16,Adzuna
AI Engineering Lead,AI Engineer,Jobot,United States,Irvine,92000,92000,92000,true,point_estimate,USD,Unspecified,Senior,,false,false,2026-02-16,Adzuna
Agentic AI Engineer,AI Engineer,Tata Consultancy Services,United States,Edison,57000,57000,57000,true,point_estimate,USD,Unspecified,Mid-level,"Python, NLP, Computer Vision",false,false,2025-12-04,Adzuna
Agentic AI Engineer,AI Engineer,Tata Consultancy Services,United States,Santa Clara,62000,62000,62000,true,point_estimate,USD,Unspecified,Mid-level,"Python, NLP, Computer Vision",false,true,2025-12-04,Adzuna
Agentic AI Engineer,AI Engineer,Tata Consultancy Services,United States,Atlanta,52000,52000,52000,true,point_estimate,USD,Unspecified,Mid-level,"Python, NLP, Computer Vision",false,true,2025-12-04,Adzuna
AI Engineer,AI Engineer,Collabera,United States,North Carolina,79000,79000,79000,true,point_estimate,USD,Unspecified,Mid-level,"Python, LangChain",false,false,2026-02-14,Adzuna
Applied AI Engineer,AI Engineer,CXG Holdings Inc,United States,Smithtown,75000,75000,75000,true,point_estimate,USD,Hybrid,Mid-level,,false,false,2026-02-05,Adzuna
Machine Learning AI Engineer,AI Engineer,Jobot,United States,Acton,100000,100000,100000,true,point_estimate,USD,Unspecified,Mid-level,,false,false,2026-02-16,Adzuna
Machine Learning AI Engineer,AI Engineer,Jobot,United States,Santa Monica,107000,107000,107000,true,point_estimate,USD,Unspecified,Mid-level,,false,false,2026-02-16,Adzuna
Staff AI Research Engineer,AI / ML Research,Lockheed Martin,United States,Nebraska,100000,100000,100000,true,point_estimate,USD,Unspecified,Lead,,false,false,2026-01-14,Adzuna
Staff AI Research Engineer,AI / ML Research,Lockheed Martin,United States,Offutt Air Force Base,106000,106000,106000,true,point_estimate,USD,Unspecified,Lead,,false,false,2026-02-20,Adzuna
AWS AI Engineer,AI Engineer,"The Computer Merchant, LTD.",United States,Boston,130000,130000,130000,true,point_estimate,USD,Unspecified,Mid-level,AWS,false,false,2026-02-06,Adzuna
Python/AI Engineer,AI Engineer,Collabera,United States,North Carolina,115000,115000,115000,true,point_estimate,USD,Hybrid,Mid-level,"Python, SQL, RAG",false,false,2026-02-18,Adzuna
Agentic AI Engineer,AI Engineer,BIZTECHNOSYS INFOTECH LLP,United States,Chelsea and Clinton,148000,148000,148000,true,point_estimate,USD,Onsite,Mid-level,"LangChain, RAG",false,false,2026-01-28,Adzuna
Senior AI Engineers,AI Engineer,"American Express Travel Related Services Company, Inc.",United States,Arizona,158000,158000,158000,true,point_estimate,USD,Unspecified,Senior,,false,false,2026-02-13,Adzuna
Kubernetes AI Engineer,AI Engineer,Lockheed Martin,United States,Orlando,195000,195000,195000,true,point_estimate,USD,Unspecified,Mid-level,Kubernetes,false,false,2026-02-17,Adzuna
Senior AI/ML Engineer with Poly,Machine Learning Engineer,Lockheed Martin,United States,Savage,192000,192000,192000,true,point_estimate,USD,Unspecified,Senior,,false,false,2026-02-10,Adzuna
AI Engineer,AI Engineer,Koniag Government Services,United States,"Washington, D.C.",96000,96000,96000,true,point_estimate,USD,Unspecified,Mid-level,,false,false,2026-02-04,Adzuna
AI Engineer,AI Engineer,Motion Recruitment Partners,United States,Concord,134000,134000,134000,true,point_estimate,USD,Hybrid,Mid-level,,false,false,2026-02-12,Adzuna
AI Engineer,AI Engineer,Leidos,United States,Redstone Arsenal,128000,128000,128000,true,point_estimate,USD,Unspecified,Mid-level,,false,false,2026-02-21,Adzuna
AI Engineer,AI Engineer,"CGI Technologies and Solutions, Inc.",United States,Lafayette,158000,158000,158000,true,point_estimate,USD,Unspecified,Mid-level,,false,false,2026-02-03,Adzuna
AI Engineer with Azure Databricks,AI Engineer,Genesis10,United States,Charlotte,100000,100000,100000,true,point_estimate,USD,Hybrid,Senior,Azure,false,false,2026-02-03,Adzuna
AI Engineer,AI Engineer,Zions Bancorporation,United States,Cushing,181000,181000,181000,true,point_estimate,USD,Unspecified,Mid-level,,false,false,2026-02-13,Adzuna
AI Engineer,AI Engineer,Cognizant,United States,Wake Island,106000,106000,106000,true,point_estimate,USD,Unspecified,Mid-level,"Python, SQL",false,false,2026-01-09,Adzuna
AI Engineer,AI Engineer,Cognizant,United States,Pierre,173000,173000,173000,true,point_estimate,USD,Unspecified,Mid-level,"Python, SQL",false,true,2026-01-09,Adzuna
AI Engineer,AI Engineer,Cognizant,United States,Five Points,129000,129000,129000,true,point_estimate,USD,Unspecified,Mid-level,"Python, SQL",false,true,2026-01-09,Adzuna
AI Engineer,AI Engineer,Cognizant,United States,Grandview Heights,142000,142000,142000,true,point_estimate,USD,Unspecified,Mid-level,"Python, SQL",false,true,2026-01-09,Adzuna
AI Engineer,AI Engineer,Cognizant,United States,Atlanta,162000,162000,162000,true,point_estimate,USD,Unspecified,Mid-level,"Python, SQL",false,true,2026-01-09,Adzuna
AI Engineer,AI Engineer,Cognizant,United States,Salem,110000,110000,110000,true,point_estimate,USD,Unspecified,Mid-level,"Python, SQL",false,true,2026-01-09,Adzuna
AI Engineer,AI Engineer,Cognizant,United States,Des Moines,112000,112000,112000,true,point_estimate,USD,Unspecified,Mid-level,"Python, SQL",false,true,2026-01-09,Adzuna
AI Engineer,AI Engineer,Cognizant,United States,Madison,117000,117000,117000,true,point_estimate,USD,Unspecified,Mid-level,"Python, SQL",false,true,2026-01-09,Adzuna
AI Engineer,AI Engineer,Cognizant,United States,Nashville,119000,119000,119000,true,point_estimate,USD,Unspecified,Mid-level,"Python, SQL",false,true,2026-01-09,Adzuna
AI Engineer,AI Engineer,Cognizant,United States,Lansing,121000,121000,121000,true,point_estimate,USD,Unspecified,Mid-level,"Python, SQL",false,true,2026-01-09,Adzuna
AI Engineer,AI Engineer,Cognizant,United States,Boise,114000,114000,114000,true,point_estimate,USD,Unspecified,Mid-level,"Python, SQL",false,true,2026-01-09,Adzuna
AI Engineer,AI Engineer,Cognizant,United States,Topeka,117000,117000,117000,true,point_estimate,USD,Unspecified,Mid-level,"Python, SQL",false,true,2026-01-09,Adzuna
AI Engineer,AI Engineer,Cognizant,United States,Augusta,155000,155000,155000,true,point_estimate,USD,Unspecified,Mid-level,"Python, SQL",false,true,2026-01-09,Adzuna
AI Engineer,AI Engineer,Cognizant,United States,Annapolis,142000,142000,142000,true,point_estimate,USD,Unspecified,Mid-level,"Python, SQL",false,true,2026-01-09,Adzuna
AI Engineer,AI Engineer,Cognizant,United States,Jackson,106000,106000,106000,true,point_estimate,USD,Unspecified,Mid-level,"Python, SQL",false,true,2026-01-09,Adzuna
AI Engineer,AI Engineer,Cognizant,United States,Concord,170000,170000,170000,true,point_estimate,USD,Unspecified,Mid-level,"Python, SQL",false,true,2026-01-09,Adzuna
AI Engineer,AI Engineer,Cognizant,United States,Chisolm,102000,102000,102000,true,point_estimate,USD,Unspecified,Mid-level,"Python, SQL",false,true,2026-01-09,Adzuna
AI Engineer,AI Engineer,Cognizant,United States,"Washington, D.C.",117000,117000,117000,true,point_estimate,USD,Unspecified,Mid-level,"Python, SQL",false,true,2026-01-09,Adzuna
AI Engineer,AI Engineer,Cognizant,United States,Edgewood,115000,115000,115000,true,point_estimate,USD,Unspecified,Mid-level,"Python, SQL",false,true,2026-01-09,Adzuna
AI Engineer,AI Engineer,Cognizant,United States,Ny State Campus,129000,129000,129000,true,point_estimate,USD,Unspecified,Mid-level,"Python, SQL",false,true,2026-01-09,Adzuna
AI Engineer,AI Engineer,Cognizant,United States,Carson Mall,121000,121000,121000,true,point_estimate,USD,Unspecified,Mid-level,"Python, SQL",false,true,2026-01-09,Adzuna
AI Engineer,AI Engineer,Cognizant,United States,Archer,133000,133000,133000,true,point_estimate,USD,Unspecified,Mid-level,"Python, SQL",false,true,2026-01-09,Adzuna
AI Engineer,AI Engineer,Cognizant,United States,Boston,109000,109000,109000,true,point_estimate,USD,Unspecified,Mid-level,"Python, SQL",false,true,2026-01-09,Adzuna
AI Engineer,AI Engineer,Cognizant,United States,Bentonville,130000,130000,130000,true,point_estimate,USD,Unspecified,Mid-level,"Python, SQL",false,true,2026-01-09,Adzuna
AI Engineer,AI Engineer,Cognizant,United States,Saint Paul,113000,113000,113000,true,point_estimate,USD,Unspecified,Mid-level,"Python, SQL",false,true,2026-01-09,Adzuna
AI Engineer,AI Engineer,Cognizant,United States,Bismarck,110000,110000,110000,true,point_estimate,USD,Unspecified,Mid-level,"Python, SQL",false,true,2026-01-09,Adzuna
AI Engineer,AI Engineer,Cognizant,United States,Uptown,141000,141000,141000,true,point_estimate,USD,Unspecified,Mid-level,"Python, SQL",false,true,2026-01-09,Adzuna
AI Engineer,AI Engineer,Cognizant,United States,Talcott Village,124000,124000,124000,true,point_estimate,USD,Unspecified,Mid-level,"Python, SQL",false,true,2026-01-09,Adzuna
AI Engineer,AI Engineer,Cognizant,United States,Missoula,146000,146000,146000,true,point_estimate,USD,Unspecified,Mid-level,"Python, SQL",false,true,2026-01-09,Adzuna
AI Engineer,AI Engineer,Cognizant,United States,Providence,118000,118000,118000,true,point_estimate,USD,Unspecified,Mid-level,"Python, SQL",false,true,2026-01-09,Adzuna
AI Engineer,AI Engineer,Cognizant,United States,Baton Rouge,112000,112000,112000,true,point_estimate,USD,Unspecified,Mid-level,"Python, SQL",false,true,2026-01-09,Adzuna
AI Engineer,AI Engineer,Cognizant,United States,Oklahoma City,113000,113000,113000,true,point_estimate,USD,Unspecified,Mid-level,"Python, SQL",false,true,2026-01-09,Adzuna
AI Engineer,AI Engineer,Cognizant,United States,Wyoming,145000,145000,145000,true,point_estimate,USD,Unspecified,Mid-level,"Python, SQL",false,true,2026-01-09,Adzuna
AI Engineer,AI Engineer,Janus Henderson Investors,United States,Glendale,139000,139000,139000,true,point_estimate,USD,Unspecified,Mid-level,,false,false,2026-01-21,Adzuna
AI Engineer,AI Engineer,ThermoFisher Scientific,United States,Wilmington,162000,162000,162000,true,point_estimate,USD,Unspecified,Mid-level,,false,false,2026-02-19,Adzuna
AI Engineer,AI Engineer,ThermoFisher Scientific,United States,Greenville,159000,159000,159000,true,point_estimate,USD,Unspecified,Mid-level,,false,true,2026-02-19,Adzuna
AI Engineer,AI Engineer,Teradata,United States,Augusta,184000,184000,184000,true,point_estimate,USD,Unspecified,Mid-level,,false,false,2025-12-11,Adzuna
AI Engineer,AI Engineer,Teradata,United States,Trenton,144000,144000,144000,true,point_estimate,USD,Unspecified,Mid-level,,false,true,2025-12-11,Adzuna
AI Engineer,AI Engineer,Teradata,United States,Montpelier,134000,134000,134000,true,point_estimate,USD,Unspecified,Mid-level,,false,true,2025-12-11,Adzuna
AI Engineer,AI Engineer,Teradata,United States,Des Moines,133000,133000,133000,true,point_estimate,USD,Unspecified,Mid-level,,false,true,2025-12-11,Adzuna
AI Engineer,AI Engineer,Teradata,United States,Annapolis,168000,168000,168000,true,point_estimate,USD,Unspecified,Mid-level,,false,true,2025-12-11,Adzuna
AI Engineer,AI Engineer,Teradata,United States,Nashville,142000,142000,142000,true,point_estimate,USD,Unspecified,Mid-level,,false,true,2025-12-11,Adzuna
AI Engineer,AI Engineer,Teradata,United States,Lansing,144000,144000,144000,true,point_estimate,USD,Unspecified,Mid-level,,false,true,2025-12-11,Adzuna
AI Engineer,AI Engineer,Teradata,United States,State House,169000,169000,169000,true,point_estimate,USD,Unspecified,Mid-level,,false,true,2025-12-11,Adzuna
AI Engineer,AI Engineer,Teradata,United States,Boise,135000,135000,135000,true,point_estimate,USD,Unspecified,Mid-level,,false,true,2025-12-11,Adzuna
AI Engineer,AI Engineer,Teradata,United States,Salem,131000,131000,131000,true,point_estimate,USD,Unspecified,Mid-level,,false,true,2025-12-11,Adzuna
AI Engineer,AI Engineer,Teradata,United States,Phoenix,130000,130000,130000,true,point_estimate,USD,Unspecified,Mid-level,,false,true,2025-12-11,Adzuna
AI Engineer,AI Engineer,Teradata,United States,Concord,202000,202000,202000,true,point_estimate,USD,Unspecified,Mid-level,,false,true,2025-12-11,Adzuna
AI Engineer,AI Engineer,Teradata,United States,Jackson,125000,125000,125000,true,point_estimate,USD,Unspecified,Mid-level,,false,true,2025-12-11,Adzuna
AI Engineer,AI Engineer,Teradata,United States,Saint Paul,134000,134000,134000,true,point_estimate,USD,Unspecified,Mid-level,,false,true,2025-12-11,Adzuna
AI Engineer,AI Engineer,Teradata,United States,Atlanta,192000,192000,192000,true,point_estimate,USD,Unspecified,Mid-level,,false,true,2025-12-11,Adzuna
AI Engineer,AI Engineer,Teradata,United States,Sacramento,146000,146000,146000,true,point_estimate,USD,Unspecified,Mid-level,,false,true,2025-12-11,Adzuna
AI Engineer,AI Engineer,Teradata,United States,Glendale,161000,161000,161000,true,point_estimate,USD,Unspecified,Mid-level,,false,true,2025-12-11,Adzuna
AI Engineer,AI Engineer,Teradata,United States,Chisolm,122000,122000,122000,true,point_estimate,USD,Unspecified,Mid-level,,false,true,2025-12-11,Adzuna
AI Engineer,AI Engineer,Teradata,United States,Cammack Village,206000,206000,206000,true,point_estimate,USD,Unspecified,Mid-level,,false,true,2025-12-11,Adzuna
AI Engineer,AI Engineer,Teradata,United States,Topeka,139000,139000,139000,true,point_estimate,USD,Unspecified,Mid-level,,false,true,2025-12-11,Adzuna
AI Engineer,AI Engineer,Teradata,United States,La Cienga,188000,188000,188000,true,point_estimate,USD,Unspecified,Mid-level,,false,true,2025-12-11,Adzuna
AI Engineer,AI Engineer,Teradata,United States,Edgewood,136000,136000,136000,true,point_estimate,USD,Unspecified,Mid-level,,false,true,2025-12-11,Adzuna
AI Engineer,AI Engineer,Teradata,United States,Wake Island,127000,127000,127000,true,point_estimate,USD,Unspecified,Mid-level,,false,true,2025-12-11,Adzuna
AI Engineer,AI Engineer,Teradata,United States,Grandview Heights,169000,169000,169000,true,point_estimate,USD,Unspecified,Mid-level,,false,true,2025-12-11,Adzuna
AI Engineer,AI Engineer,Teradata,United States,Pierre,206000,206000,206000,true,point_estimate,USD,Unspecified,Mid-level,,false,true,2025-12-11,Adzuna
AI Engineer,AI Engineer,Teradata,United States,Five Points,153000,153000,153000,true,point_estimate,USD,Unspecified,Mid-level,,false,true,2025-12-11,Adzuna
AI Engineer,AI Engineer,Teradata,United States,Baton Rouge,133000,133000,133000,true,point_estimate,USD,Unspecified,Mid-level,,false,true,2025-12-11,Adzuna
AI Engineer,AI Engineer,Teradata,United States,Wyoming,172000,172000,172000,true,point_estimate,USD,Unspecified,Mid-level,,false,true,2025-12-11,Adzuna
AI Engineer,AI Engineer,Teradata,United States,Uptown,168000,168000,168000,true,point_estimate,USD,Unspecified,Mid-level,,false,true,2025-12-11,Adzuna
AI Engineer,AI Engineer,Teradata,United States,Frankfort,148000,148000,148000,true,point_estimate,USD,Unspecified,Mid-level,,false,true,2025-12-11,Adzuna
AI Engineer,AI Engineer,Teradata,United States,Charleston,141000,141000,141000,true,point_estimate,USD,Unspecified,Mid-level,,false,true,2025-12-11,Adzuna
AI Engineer,AI Engineer,Teradata,United States,Helena,140000,140000,140000,true,point_estimate,USD,Unspecified,Mid-level,,false,true,2025-12-11,Adzuna
AI Engineer,AI Engineer,Teradata,United States,Oklahoma City,135000,135000,135000,true,point_estimate,USD,Unspecified,Mid-level,,false,true,2025-12-11,Adzuna
AI Engineer,AI Engineer,Teradata,United States,Tumwater,139000,139000,139000,true,point_estimate,USD,Unspecified,Mid-level,,false,true,2025-12-11,Adzuna
AI Engineer,AI Engineer,Kiewit,United States,Benson,90000,90000,90000,true,point_estimate,USD,Unspecified,Mid-level,,false,false,2026-01-31,Adzuna
AI Engineer,AI Engineer,Oracle,United States,State House,141000,141000,141000,true,point_estimate,USD,Unspecified,Mid-level,,false,false,2025-12-23,Adzuna
AI Engineer,AI Engineer,Oracle,United States,Bonnie,113000,113000,113000,true,point_estimate,USD,Unspecified,Mid-level,,false,true,2025-12-23,Adzuna
AI Engineer,AI Engineer,Oracle,United States,Tumwater,112000,112000,112000,true,point_estimate,USD,Unspecified,Mid-level,,false,true,2025-12-23,Adzuna
AI Engineer,AI Engineer,Oracle,United States,Madison,112000,112000,112000,true,point_estimate,USD,Unspecified,Mid-level,,false,true,2025-12-23,Adzuna
AI Engineer,AI Engineer,Oracle,United States,Saint Paul,111000,111000,111000,true,point_estimate,USD,Unspecified,Mid-level,,false,true,2025-12-23,Adzuna
AI Engineer,AI Engineer,Kiewit,United States,Quivira,109000,109000,109000,true,point_estimate,USD,Unspecified,Mid-level,,false,true,2026-01-31,Adzuna
AI Engineer,AI Engineer,Oracle,United States,Montpelier,108000,108000,108000,true,point_estimate,USD,Unspecified,Mid-level,,false,true,2025-12-23,Adzuna
AI Engineer,AI Engineer,Oracle,United States,Charleston,114000,114000,114000,true,point_estimate,USD,Unspecified,Mid-level,,false,true,2025-12-23,Adzuna
AI Engineer,AI Engineer,Oracle,United States,Annapolis,135000,135000,135000,true,point_estimate,USD,Unspecified,Mid-level,,false,true,2025-12-23,Adzuna
AI Engineer,AI Engineer,Oracle,United States,Sacramento,117000,117000,117000,true,point_estimate,USD,Unspecified,Mid-level,,false,true,2025-12-23,Adzuna
AI Engineer,AI Engineer,Oracle,United States,La Cienga,151000,151000,151000,true,point_estimate,USD,Unspecified,Mid-level,,false,true,2025-12-23,Adzuna
AI Engineer,AI Engineer,Oracle,United States,Cammack Village,166000,166000,166000,true,point_estimate,USD,Unspecified,Mid-level,,false,true,2025-12-23,Adzuna
AI Engineer,AI Engineer,Oracle,United States,Concord,163000,163000,163000,true,point_estimate,USD,Unspecified,Mid-level,,false,true,2025-12-23,Adzuna
AI Engineer,AI Engineer,Oracle,United States,Carson Mall,116000,116000,116000,true,point_estimate,USD,Unspecified,Mid-level,,false,true,2025-12-23,Adzuna
AI Engineer,AI Engineer,Oracle,United States,Frankfort,119000,119000,119000,true,point_estimate,USD,Unspecified,Mid-level,,false,true,2025-12-23,Adzuna
AI Engineer,AI Engineer,Oracle,United States,Topeka,112000,112000,112000,true,point_estimate,USD,Unspecified,Mid-level,,false,true,2025-12-23,Adzuna
AI Engineer,AI Engineer,Oracle,United States,Oklahoma City,108000,108000,108000,true,point_estimate,USD,Unspecified,Mid-level,,false,true,2025-12-23,Adzuna
AI Engineer,AI Engineer,Oracle,United States,Talcott Village,119000,119000,119000,true,point_estimate,USD,Unspecified,Mid-level,,false,true,2025-12-23,Adzuna
AI Engineer,AI Engineer,Oracle,United States,Wake Island,102000,102000,102000,true,point_estimate,USD,Unspecified,Mid-level,,false,true,2025-12-23,Adzuna
AI Engineer,AI Engineer,Oracle,United States,Edgewood,110000,110000,110000,true,point_estimate,USD,Unspecified,Mid-level,,false,true,2025-12-23,Adzuna
AI Engineer,AI Engineer,Oracle,United States,Archer,128000,128000,128000,true,point_estimate,USD,Unspecified,Mid-level,,false,true,2025-12-23,Adzuna
AI Engineer,AI Engineer,Oracle,United States,Jackson,101000,101000,101000,true,point_estimate,USD,Unspecified,Mid-level,,false,true,2025-12-23,Adzuna
AI Engineer,AI Engineer,Oracle,United States,Baton Rouge,107000,107000,107000,true,point_estimate,USD,Unspecified,Mid-level,,false,true,2025-12-23,Adzuna
AI Engineer,AI Engineer,Oracle,United States,Phoenix,105000,105000,105000,true,point_estimate,USD,Unspecified,Mid-level,,false,true,2025-12-23,Adzuna
AI Engineer,AI Engineer,Oracle,United States,Chisolm,98000,98000,98000,true,point_estimate,USD,Unspecified,Mid-level,,false,true,2025-12-23,Adzuna
AI Engineer,AI Engineer,Oracle,United States,Boise,109000,109000,109000,true,point_estimate,USD,Unspecified,Mid-level,,false,true,2025-12-23,Adzuna
AI Engineer,AI Engineer,Oracle,United States,Wyoming,139000,139000,139000,true,point_estimate,USD,Unspecified,Mid-level,,false,true,2025-12-23,Adzuna
AI Engineer,AI Engineer,Oracle,United States,Trenton,116000,116000,116000,true,point_estimate,USD,Unspecified,Mid-level,,false,true,2025-12-23,Adzuna
AI Engineer,AI Engineer,Oracle,United States,Urbanización El Vedado,107000,107000,107000,true,point_estimate,USD,Unspecified,Mid-level,,false,true,2025-12-23,Adzuna
AI Engineer,AI Engineer,Oracle,United States,Mongmong,124000,124000,124000,true,point_estimate,USD,Unspecified,Mid-level,,false,true,2025-12-23,Adzuna
AI Engineer,AI Engineer,Oracle,United States,Uptown,135000,135000,135000,true,point_estimate,USD,Unspecified,Mid-level,,false,true,2025-12-23,Adzuna
AI Engineer,AI Engineer,Oracle,United States,Augusta,148000,148000,148000,true,point_estimate,USD,Unspecified,Mid-level,,false,true,2025-12-23,Adzuna
AI Engineer,AI Engineer,Oracle,United States,Glendale,130000,130000,130000,true,point_estimate,USD,Unspecified,Mid-level,,false,true,2025-12-23,Adzuna
AI Engineer,AI Engineer,Oracle,United States,Bismarck,106000,106000,106000,true,point_estimate,USD,Unspecified,Mid-level,,false,true,2025-12-23,Adzuna
AI Engineer,AI Engineer,Oracle,United States,Boston,104000,104000,104000,true,point_estimate,USD,Unspecified,Mid-level,,false,true,2025-12-23,Adzuna
AI Engineer,AI Engineer,Oracle,United States,Des Moines,107000,107000,107000,true,point_estimate,USD,Unspecified,Mid-level,,false,true,2025-12-23,Adzuna
AI Engineer,AI Engineer,Oracle,United States,"Washington, D.C.",112000,112000,112000,true,point_estimate,USD,Unspecified,Mid-level,,false,true,2025-12-23,Adzuna
AI Engineer,AI Engineer,Oracle,United States,Nashville,114000,114000,114000,true,point_estimate,USD,Unspecified,Mid-level,,false,true,2025-12-23,Adzuna
AI Engineer,AI Engineer,Oracle,United States,Five Points,123000,123000,123000,true,point_estimate,USD,Unspecified,Mid-level,,false,true,2025-12-23,Adzuna
AI Engineer,AI Engineer,Oracle,United States,Grandview Heights,136000,136000,136000,true,point_estimate,USD,Unspecified,Mid-level,,false,true,2025-12-23,Adzuna
AI Engineer,AI Engineer,Oracle,United States,Atlanta,155000,155000,155000,true,point_estimate,USD,Unspecified,Mid-level,,false,true,2025-12-23,Adzuna
AI Engineer,AI Engineer,Oracle,United States,Lansing,116000,116000,116000,true,point_estimate,USD,Unspecified,Mid-level,,false,true,2025-12-23,Adzuna
AI Engineer,AI Engineer,Oracle,United States,Salem,105000,105000,105000,true,point_estimate,USD,Unspecified,Mid-level,,false,true,2025-12-23,Adzuna
AI Engineer,AI Engineer,Oracle,United States,Ny State Campus,124000,124000,124000,true,point_estimate,USD,Unspecified,Mid-level,,false,true,2025-12-23,Adzuna
AI Engineer,AI Engineer,Oracle,United States,Helena,112000,112000,112000,true,point_estimate,USD,Unspecified,Mid-level,,false,true,2025-12-23,Adzuna
AI Engineer,AI Engineer,Oracle,United States,Providence,113000,113000,113000,true,point_estimate,USD,Unspecified,Mid-level,,false,true,2025-12-23,Adzuna
AI Engineer,AI Engineer,Oracle,United States,Pierre,166000,166000,166000,true,point_estimate,USD,Unspecified,Mid-level,,false,true,2025-12-23,Adzuna
AI Engineer,AI Engineer,BlueCross BlueShield of Tennessee,United States,Ridgeside,110000,110000,110000,true,point_estimate,USD,Unspecified,Mid-level,MLflow,false,false,2026-02-13,Adzuna
AI Engineer,AI Engineer,Actalent,United States,Centennial,77000,77000,77000,true,point_estimate,USD,Unspecified,Mid-level,,false,false,2026-02-10,Adzuna
AI Engineer,AI Engineer,Insight Global,United States,Five Points,104000,104000,104000,true,point_estimate,USD,Unspecified,Mid-level,,false,false,2026-02-13,Adzuna
AI Engineer,AI Engineer,Sutter Health,United States,SoMa,165000,165000,165000,true,point_estimate,USD,Unspecified,Mid-level,,false,false,2026-01-29,Adzuna
AI Engineer with Security Clearance,AI Engineer,Neuma Consulting LLC,United States,"Washington, D.C.",124000,124000,124000,true,point_estimate,USD,Remote,Mid-level,,false,false,2026-01-12,Adzuna
URGENT Backend AI Engineer-Legal Tech!,AI Engineer,Jobot,United States,Santa Monica,109000,109000,109000,true,point_estimate,USD,Unspecified,Mid-level,,false,false,2026-02-16,Adzuna
URGENT Backend AI Engineer-Legal Tech!,AI Engineer,Jobot,United States,Manhattan Beach,77000,77000,77000,true,point_estimate,USD,Unspecified,Mid-level,,false,false,2026-02-16,Adzuna
URGENT Backend AI Engineer-Legal Tech!,AI Engineer,Jobot,United States,Acton,91000,91000,91000,true,point_estimate,USD,Unspecified,Mid-level,,false,true,2026-02-16,Adzuna
URGENT Backend AI Engineer-Legal Tech!,AI Engineer,Jobot,United States,Culver City,110000,110000,110000,true,point_estimate,USD,Unspecified,Mid-level,,false,true,2026-02-16,Adzuna
Startup-Full Stack AI Engineer-Build AI Glasses and More!,AI Engineer,Jobot,United States,Marina Del Rey,114000,114000,114000,true,point_estimate,USD,Unspecified,Mid-level,,false,false,2026-02-16,Adzuna
Startup-Full Stack AI Engineer-Build AI Glasses and More!,AI Engineer,Jobot,United States,Manhattan Beach,88000,88000,88000,true,point_estimate,USD,Unspecified,Mid-level,,false,true,2026-02-16,Adzuna
Startup-Full Stack AI Engineer-Build AI Glasses and More!,AI Engineer,Jobot,United States,Acton,98000,98000,98000,true,point_estimate,USD,Remote,Mid-level,,false,false,2026-02-16,Adzuna
Startup-Full Stack AI Engineer-Build AI Glasses and More!,AI Engineer,Jobot,United States,Santa Monica,130000,130000,130000,true,point_estimate,USD,Remote,Lead,,false,false,2026-02-16,Adzuna
Generative AI Engineer with Security Clearance,AI Engineer,OMW Consulting,United States,"Washington, D.C.",147000,147000,147000,true,point_estimate,USD,Onsite,Mid-level,,false,false,2025-08-01,Adzuna
Distinguished AI Engineer,AI Engineer,Capital One,United States,New York City,224000,224000,224000,true,point_estimate,USD,Unspecified,Mid-level,,false,false,2026-01-10,Adzuna
Distinguished AI Engineer,AI Engineer,Capital One,United States,Harvard Square,169000,169000,169000,true,point_estimate,USD,Unspecified,Mid-level,,false,true,2026-01-10,Adzuna
Senior AI Engineer,AI Engineer,Capital One,United States,New York City,200000,200000,200000,true,point_estimate,USD,Unspecified,Senior,,false,false,2026-01-31,Adzuna
Lead AI Engineer,AI Engineer,Capital One,United States,Harvard Square,205000,205000,205000,true,point_estimate,USD,Unspecified,Lead,,false,false,2025-12-18,Adzuna
Lead AI Engineer,AI Engineer,Capital One,United States,New York City,272000,272000,272000,true,point_estimate,USD,Unspecified,Lead,,false,true,2025-12-18,Adzuna
Lead AI Engineer,AI Engineer,HCA Healthcare,United States,Nashville,111000,111000,111000,true,point_estimate,USD,Unspecified,Lead,,false,false,2026-02-19,Adzuna
"Director, AI Engineering",AI Engineer,Colgate-Palmolive,United States,New York City,209000,209000,209000,true,point_estimate,USD,Unspecified,Management,,false,false,2026-02-13,Adzuna
"Director, AI Engineering",AI Engineer,Capital One,United States,New York City,191000,191000,191000,true,point_estimate,USD,Unspecified,Management,,false,false,2026-01-08,Adzuna
"Director, AI Engineering",AI Engineer,Capital One,United States,Harvard Square,144000,144000,144000,true,point_estimate,USD,Unspecified,Management,,false,true,2026-01-08,Adzuna
REMOTE AI Engineer,AI Engineer,Insight Global,United States,Tyler Park,117000,117000,117000,true,point_estimate,USD,Remote,Mid-level,,false,false,2025-11-04,Adzuna
AI Engineer with Security Clearance,AI Engineer,Kforce Federal Solutions,United States,Chantilly,151000,151000,151000,true,point_estimate,USD,Unspecified,Mid-level,RAG,false,false,2026-02-21,Adzuna
Agentic AI Engineer,AI Engineer,Insight Global,United States,Woonsocket,127000,127000,127000,true,point_estimate,USD,Unspecified,Mid-level,,false,false,2026-02-19,Adzuna
Lead AI Engineer,AI Engineer,MetLife,United States,New York City,141000,141000,141000,true,point_estimate,USD,Unspecified,Lead,,false,false,2026-01-11,Adzuna
Lead AI Engineer,AI Engineer,MetLife,United States,Cary,108000,108000,108000,true,point_estimate,USD,Unspecified,Lead,,false,true,2026-01-11,Adzuna
AWS AI Engineer,AI Engineer,Insight Global,United States,Boston,100000,100000,100000,true,point_estimate,USD,Unspecified,Mid-level,AWS,false,false,2026-02-10,Adzuna
AI Engineer with Security Clearance,AI Engineer,Koniag Government Services,United States,"Washington, D.C.",103000,103000,103000,true,point_estimate,USD,Unspecified,Mid-level,,false,false,2026-02-21,Adzuna
AI Engineering Leader,AI Engineer,Trane Technologies,United States,Davidson,201000,201000,201000,true,point_estimate,USD,Unspecified,Mid-level,,false,false,2025-12-20,Adzuna
AI Engineering Leader,AI Engineer,Trane Technologies,United States,La Crosse,166000,166000,166000,true,point_estimate,USD,Unspecified,Mid-level,,false,true,2025-12-20,Adzuna
Staff AI Engineer,AI Engineer,General Motors,United States,Mountain View,153000,153000,153000,true,point_estimate,USD,Unspecified,Lead,Computer Vision,false,false,2026-02-12,Adzuna
Staff AI Engineer,AI Engineer,General Motors,United States,Warren,126000,126000,126000,true,point_estimate,USD,Unspecified,Lead,Computer Vision,false,true,2026-02-12,Adzuna
AI Engineer - REMOTE,AI Engineer,Insight Global,United States,Talcott Village,83000,83000,83000,true,point_estimate,USD,Remote,Mid-level,,false,false,2026-01-31,Adzuna
AI Engineer II,AI Engineer,Microsoft Corporation,United States,Redmond,188000,188000,188000,true,point_estimate,USD,Unspecified,Mid-level,,false,false,2026-02-01,Adzuna
AI Engineer with Security Clearance,AI Engineer,Plateau Grp DBA Plateau Software,United States,Fairfax,170000,170000,170000,true,point_estimate,USD,Unspecified,Mid-level,,false,false,2026-02-21,Adzuna
AI Engineer / Entertainment,AI Engineer,Motion Recruitment Partners,United States,Santa Monica,94000,94000,94000,true,point_estimate,USD,Hybrid,Mid-level,,false,false,2025-12-18,Adzuna
AI Engineer with Security Clearance,AI Engineer,CCS Global Tech,United States,Savage,217000,217000,217000,true,point_estimate,USD,Remote,Mid-level,,false,false,2026-02-21,Adzuna
Remote AI Engineer,AI Engineer,Insight Global,United States,Saint Bernard,93000,93000,93000,true,point_estimate,USD,Remote,Mid-level,Azure,false,false,2026-02-12,Adzuna
Senior AI Engineer,AI Engineer,Microsoft Corporation,United States,Redmond,214000,214000,214000,true,point_estimate,USD,Unspecified,Senior,,false,false,2026-02-01,Adzuna
AI Engineer IV,AI Engineer,Premera Blue Cross,United States,Mountlake Terrace,185000,185000,185000,true,point_estimate,USD,Unspecified,Lead,,false,false,2026-01-16,Adzuna
Lead AI Engineer,AI Engineer,Elevance Health,United States,Durham,136000,136000,136000,true,point_estimate,USD,Hybrid,Lead,,false,false,2026-01-30,Adzuna
Lead AI Engineer,AI Engineer,Elevance Health,United States,Waukesha,181000,181000,181000,true,point_estimate,USD,Hybrid,Lead,,false,true,2026-01-30,Adzuna
Lead AI Engineer,AI Engineer,Elevance Health,United States,Dearborn,142000,142000,142000,true,point_estimate,USD,Hybrid,Lead,,false,true,2026-01-30,Adzuna
Lead AI Engineer,AI Engineer,Elevance Health,United States,Atlanta,187000,187000,187000,true,point_estimate,USD,Hybrid,Lead,,false,true,2026-01-30,Adzuna
Lead AI Engineer,AI Engineer,Elevance Health,United States,Nashville,138000,138000,138000,true,point_estimate,USD,Hybrid,Lead,,false,true,2026-01-30,Adzuna
Lead AI Engineer,AI Engineer,Elevance Health,United States,Wallingford,144000,144000,144000,true,point_estimate,USD,Hybrid,Lead,,false,true,2026-01-30,Adzuna
Lead AI Engineer,AI Engineer,Elevance Health,United States,Uptown,163000,163000,163000,true,point_estimate,USD,Hybrid,Lead,,false,true,2026-01-30,Adzuna
Lead AI Engineer,AI Engineer,Elevance Health,United States,Strathmoor Manor,132000,132000,132000,true,point_estimate,USD,Hybrid,Lead,,false,true,2026-01-30,Adzuna
Senior AI Engineer,AI Engineer,HCA Healthcare,United States,Nashville,86000,86000,86000,true,point_estimate,USD,Unspecified,Senior,,false,false,2026-02-19,Adzuna
Senior AI engineer,AI Engineer,Insight Global,United States,Charlotte,121000,121000,121000,true,point_estimate,USD,Unspecified,Senior,NLP,false,false,2026-01-30,Adzuna
Principal AI Engineer,AI Engineer,Humana,United States,Strathmoor Manor,161000,161000,161000,true,point_estimate,USD,Unspecified,Senior,,false,false,2026-02-21,Adzuna
Machine Learning Engineer (PhD Intern),Machine Learning Engineer,Instacart,United States,Pittsburg,90000,90000,90000,true,point_estimate,USD,Unspecified,Mid-level,,true,false,2025-12-04,Adzuna
Machine Learning Engineer (PhD Intern),Machine Learning Engineer,Instacart,United States,Elon,88000,88000,88000,true,point_estimate,USD,Unspecified,Mid-level,,true,true,2025-12-04,Adzuna
Machine Learning Engineer (PhD Intern),Machine Learning Engineer,Instacart,United States,Pierre,89000,89000,89000,true,point_estimate,USD,Unspecified,Mid-level,,true,true,2025-12-04,Adzuna
Machine Learning Engineer (PhD Intern),Machine Learning Engineer,Instacart,United States,Sioux City,83000,83000,83000,true,point_estimate,USD,Unspecified,Mid-level,,true,true,2025-12-04,Adzuna
Machine Learning Engineer (PhD Intern),Machine Learning Engineer,Instacart,United States,New Brunswick,92000,92000,92000,true,point_estimate,USD,Unspecified,Mid-level,,true,true,2025-12-04,Adzuna
Machine Learning Engineer (PhD Intern),Machine Learning Engineer,Instacart,United States,Meridian,78000,78000,78000,true,point_estimate,USD,Unspecified,Mid-level,,true,true,2025-12-04,Adzuna
Machine Learning Engineer (PhD Intern),Machine Learning Engineer,Instacart,United States,Hot Springs,84000,84000,84000,true,point_estimate,USD,Unspecified,Mid-level,,true,true,2025-12-04,Adzuna
Machine Learning Engineer (PhD Intern),Machine Learning Engineer,Instacart,United States,Bridgeport,87000,87000,87000,true,point_estimate,USD,Unspecified,Mid-level,,true,true,2025-12-04,Adzuna
Machine Learning Engineer (PhD Intern),Machine Learning Engineer,Instacart,United States,Morgantown,90000,90000,90000,true,point_estimate,USD,Unspecified,Mid-level,,true,true,2025-12-04,Adzuna
Machine Learning Engineer (PhD Intern),Machine Learning Engineer,Instacart,United States,Tulsa,81000,81000,81000,true,point_estimate,USD,Unspecified,Mid-level,,true,true,2025-12-04,Adzuna
Machine Learning Engineer (PhD Intern),Machine Learning Engineer,Instacart,United States,Little Rock,84000,84000,84000,true,point_estimate,USD,Unspecified,Mid-level,,true,true,2025-12-04,Adzuna
Machine Learning Engineer (PhD Intern),Machine Learning Engineer,Instacart,United States,Jersey City,92000,92000,92000,true,point_estimate,USD,Unspecified,Mid-level,,true,true,2025-12-04,Adzuna
Machine Learning Engineer (PhD Intern),Machine Learning Engineer,Instacart,United States,Savannah,87000,87000,87000,true,point_estimate,USD,Unspecified,Mid-level,,true,true,2025-12-04,Adzuna
Machine Learning Engineer (PhD Intern),Machine Learning Engineer,Instacart,United States,Laredo,84000,84000,84000,true,point_estimate,USD,Unspecified,Mid-level,,true,true,2025-12-04,Adzuna
Machine Learning Engineer (PhD Intern),Machine Learning Engineer,Instacart,United States,Mesa,83000,83000,83000,true,point_estimate,USD,Unspecified,Mid-level,,true,true,2025-12-04,Adzuna
Machine Learning Engineer (PhD Intern),Machine Learning Engineer,Instacart,United States,Biddeford,83000,83000,83000,true,point_estimate,USD,Unspecified,Mid-level,,true,true,2025-12-04,Adzuna
Machine Learning Engineer (PhD Intern),Machine Learning Engineer,Instacart,United States,Kalamazoo,87000,87000,87000,true,point_estimate,USD,Unspecified,Mid-level,,true,true,2025-12-04,Adzuna
Machine Learning Engineer (PhD Intern),Machine Learning Engineer,Instacart,United States,Dekalb,87000,87000,87000,true,point_estimate,USD,Unspecified,Mid-level,,true,true,2025-12-04,Adzuna
Machine Learning Engineer (PhD Intern),Machine Learning Engineer,Instacart,United States,Mobile,82000,82000,82000,true,point_estimate,USD,Unspecified,Mid-level,,true,true,2025-12-04,Adzuna
Machine Learning Engineer (PhD Intern),Machine Learning Engineer,Instacart,United States,Towson,88000,88000,88000,true,point_estimate,USD,Unspecified,Mid-level,,true,true,2025-12-04,Adzuna
Machine Learning Engineer (PhD Intern),Machine Learning Engineer,Instacart,United States,Las Vegas,85000,85000,85000,true,point_estimate,USD,Unspecified,Mid-level,,true,true,2025-12-04,Adzuna
Machine Learning Engineer (PhD Intern),Machine Learning Engineer,Instacart,United States,Valdosta,86000,86000,86000,true,point_estimate,USD,Unspecified,Mid-level,,true,true,2025-12-04,Adzuna
Machine Learning Engineer (PhD Intern),Machine Learning Engineer,Instacart,United States,Concord,87000,87000,87000,true,point_estimate,USD,Unspecified,Mid-level,,true,true,2025-12-04,Adzuna
Machine Learning Engineer (PhD Intern),Machine Learning Engineer,Instacart,United States,Sterling Heights,86000,86000,86000,true,point_estimate,USD,Unspecified,Mid-level,,true,true,2025-12-04,Adzuna
Machine Learning Engineer (PhD Intern),Machine Learning Engineer,Instacart,United States,Memphis,89000,89000,89000,true,point_estimate,USD,Unspecified,Mid-level,,true,true,2025-12-04,Adzuna
Machine Learning Engineer (PhD Intern),Machine Learning Engineer,Instacart,United States,North Dartmouth,91000,91000,91000,true,point_estimate,USD,Unspecified,Mid-level,,true,true,2025-12-04,Adzuna
Machine Learning Engineer (PhD Intern),Machine Learning Engineer,Instacart,United States,Seaford,88000,88000,88000,true,point_estimate,USD,Unspecified,Mid-level,,true,true,2025-12-04,Adzuna
Machine Learning Engineer (PhD Intern),Machine Learning Engineer,Instacart,United States,Austin,88000,88000,88000,true,point_estimate,USD,Unspecified,Mid-level,,true,true,2025-12-04,Adzuna
Machine Learning Engineer (PhD Intern),Machine Learning Engineer,Instacart,United States,Bellevue,89000,89000,89000,true,point_estimate,USD,Unspecified,Mid-level,,true,true,2025-12-04,Adzuna
Machine Learning Engineer (PhD Intern),Machine Learning Engineer,Instacart,United States,San Diego,95000,95000,95000,true,point_estimate,USD,Unspecified,Mid-level,,true,true,2025-12-04,Adzuna
Machine Learning Engineer (PhD Intern),Machine Learning Engineer,Instacart,United States,Tampa,86000,86000,86000,true,point_estimate,USD,Unspecified,Mid-level,,true,true,2025-12-04,Adzuna
Machine Learning Engineer (PhD Intern),Machine Learning Engineer,Instacart,United States,Racine,86000,86000,86000,true,point_estimate,USD,Unspecified,Mid-level,,true,true,2025-12-04,Adzuna
Machine Learning Engineer (PhD Intern),Machine Learning Engineer,Instacart,United States,Vestal,90000,90000,90000,true,point_estimate,USD,Unspecified,Mid-level,,true,true,2025-12-04,Adzuna
Machine Learning Engineer (PhD Intern),Machine Learning Engineer,Instacart,United States,Bakersfield,88000,88000,88000,true,point_estimate,USD,Unspecified,Mid-level,,true,true,2025-12-04,Adzuna
Machine Learning Engineer (PhD Intern),Machine Learning Engineer,Instacart,United States,Syracuse,86000,86000,86000,true,point_estimate,USD,Unspecified,Mid-level,,true,true,2025-12-04,Adzuna
Machine Learning Engineer (PhD Intern),Machine Learning Engineer,Instacart,United States,Cleveland,84000,84000,84000,true,point_estimate,USD,Unspecified,Mid-level,,true,true,2025-12-04,Adzuna
Machine Learning Engineer (PhD Intern),Machine Learning Engineer,Instacart,United States,Bismarck,81000,81000,81000,true,point_estimate,USD,Unspecified,Mid-level,,true,true,2025-12-04,Adzuna
Machine Learning Engineer (PhD Intern),Machine Learning Engineer,Instacart,United States,Knoxville,85000,85000,85000,true,point_estimate,USD,Unspecified,Mid-level,,true,true,2025-12-04,Adzuna
Machine Learning Engineer (PhD Intern),Machine Learning Engineer,Instacart,United States,Pensacola,85000,85000,85000,true,point_estimate,USD,Unspecified,Mid-level,,true,true,2025-12-04,Adzuna
Machine Learning Engineer (PhD Intern),Machine Learning Engineer,Instacart,United States,Tucson,88000,88000,88000,true,point_estimate,USD,Unspecified,Mid-level,,true,true,2025-12-04,Adzuna
Machine Learning Engineer (PhD Intern),Machine Learning Engineer,Instacart,United States,Bronx,96000,96000,96000,true,point_estimate,USD,Unspecified,Mid-level,,true,true,2025-12-04,Adzuna
Machine Learning Engineer (PhD Intern),Machine Learning Engineer,Instacart,United States,Geneseo,95000,95000,95000,true,point_estimate,USD,Unspecified,Mid-level,,true,true,2025-12-04,Adzuna
Machine Learning Engineer (PhD Intern),Machine Learning Engineer,Instacart,United States,Baltimore,86000,86000,86000,true,point_estimate,USD,Unspecified,Mid-level,,true,true,2025-12-04,Adzuna
Machine Learning Engineer (PhD Intern),Machine Learning Engineer,Instacart,United States,Cambridge,89000,89000,89000,true,point_estimate,USD,Unspecified,Mid-level,,true,true,2025-12-04,Adzuna
Machine Learning Engineer (PhD Intern),Machine Learning Engineer,Instacart,United States,Missoula,85000,85000,85000,true,point_estimate,USD,Unspecified,Mid-level,,true,true,2025-12-04,Adzuna
Machine Learning Engineer (PhD Intern),Machine Learning Engineer,Instacart,United States,Columbus,83000,83000,83000,true,point_estimate,USD,Unspecified,Mid-level,,true,true,2025-12-04,Adzuna
Machine Learning Engineer (PhD Intern),Machine Learning Engineer,Instacart,United States,Virginia Beach,85000,85000,85000,true,point_estimate,USD,Unspecified,Mid-level,,true,true,2025-12-04,Adzuna
Machine Learning Engineer (PhD Intern),Machine Learning Engineer,Instacart,United States,Independence,83000,83000,83000,true,point_estimate,USD,Unspecified,Mid-level,,true,true,2025-12-04,Adzuna
Machine Learning Engineer (PhD Intern),Machine Learning Engineer,Instacart,United States,Orem,98000,98000,98000,true,point_estimate,USD,Unspecified,Mid-level,,true,true,2025-12-04,Adzuna
Machine Learning Engineer (PhD Intern),Machine Learning Engineer,Instacart,United States,Hialeah,91000,91000,91000,true,point_estimate,USD,Unspecified,Mid-level,,true,true,2025-12-04,Adzuna
Machine Learning Engineer (PhD Intern),Machine Learning Engineer,Instacart,United States,Buffalo,92000,92000,92000,true,point_estimate,USD,Unspecified,Mid-level,,true,true,2025-12-04,Adzuna
Machine Learning Engineer (PhD Intern),Machine Learning Engineer,Instacart,United States,San Jose,95000,95000,95000,true,point_estimate,USD,Unspecified,Mid-level,,true,true,2025-12-04,Adzuna
Machine Learning Engineer (PhD Intern),Machine Learning Engineer,Instacart,United States,Bangor,89000,89000,89000,true,point_estimate,USD,Unspecified,Mid-level,,true,true,2025-12-04,Adzuna
Machine Learning Engineer (PhD Intern),Machine Learning Engineer,Instacart,United States,Montpelier,83000,83000,83000,true,point_estimate,USD,Unspecified,Mid-level,,true,true,2025-12-04,Adzuna
Machine Learning Engineer (PhD Intern),Machine Learning Engineer,Instacart,United States,Manchester,87000,87000,87000,true,point_estimate,USD,Unspecified,Mid-level,,true,true,2025-12-04,Adzuna
Machine Learning Engineer (PhD Intern),Machine Learning Engineer,Instacart,United States,Mount Pleasant,86000,86000,86000,true,point_estimate,USD,Unspecified,Mid-level,,true,true,2025-12-04,Adzuna
Machine Learning Engineer (PhD Intern),Machine Learning Engineer,Instacart,United States,Houston,85000,85000,85000,true,point_estimate,USD,Unspecified,Mid-level,,true,true,2025-12-04,Adzuna
Machine Learning Engineer (PhD Intern),Machine Learning Engineer,Instacart,United States,Wilmington,88000,88000,88000,true,point_estimate,USD,Unspecified,Mid-level,,true,true,2025-12-04,Adzuna
Machine Learning Engineer (PhD Intern),Machine Learning Engineer,Instacart,United States,Biloxi,84000,84000,84000,true,point_estimate,USD,Unspecified,Mid-level,,true,true,2025-12-04,Adzuna
Machine Learning Engineer (PhD Intern),Machine Learning Engineer,Instacart,United States,Raleigh,85000,85000,85000,true,point_estimate,USD,Unspecified,Mid-level,,true,true,2025-12-04,Adzuna
Machine Learning Engineer (PhD Intern),Machine Learning Engineer,Instacart,United States,Carson City,89000,89000,89000,true,point_estimate,USD,Unspecified,Mid-level,,true,true,2025-12-04,Adzuna
Machine Learning Engineer (PhD Intern),Machine Learning Engineer,Instacart,United States,Philadelphia,94000,94000,94000,true,point_estimate,USD,Unspecified,Mid-level,,true,true,2025-12-04,Adzuna
Machine Learning Engineer (PhD Intern),Machine Learning Engineer,Instacart,United States,Jackson,77000,77000,77000,true,point_estimate,USD,Unspecified,Mid-level,,true,true,2025-12-04,Adzuna
Machine Learning Engineer (PhD Intern),Machine Learning Engineer,Instacart,United States,Pawtucket,89000,89000,89000,true,point_estimate,USD,Unspecified,Mid-level,,true,true,2025-12-04,Adzuna
Machine Learning Engineer (PhD Intern),Machine Learning Engineer,Instacart,United States,Springfield,85000,85000,85000,true,point_estimate,USD,Unspecified,Mid-level,,true,true,2025-12-04,Adzuna
Machine Learning Engineer (PhD Intern),Machine Learning Engineer,Instacart,United States,Wichita,84000,84000,84000,true,point_estimate,USD,Unspecified,Mid-level,,true,true,2025-12-04,Adzuna
Machine Learning Engineer (PhD Intern),Machine Learning Engineer,Instacart,United States,Bristol,87000,87000,87000,true,point_estimate,USD,Unspecified,Mid-level,,true,true,2025-12-04,Adzuna
Machine Learning Engineer (PhD Intern),Machine Learning Engineer,Instacart,United States,Casper,91000,91000,91000,true,point_estimate,USD,Unspecified,Mid-level,,true,true,2025-12-04,Adzuna
Machine Learning Engineer (PhD Intern),Machine Learning Engineer,Instacart,United States,Las Cruces,77000,77000,77000,true,point_estimate,USD,Unspecified,Mid-level,,true,true,2025-12-04,Adzuna
Machine Learning Engineer (PhD Intern),Machine Learning Engineer,Instacart,United States,Huntington,86000,86000,86000,true,point_estimate,USD,Unspecified,Mid-level,,true,true,2025-12-04,Adzuna
Machine Learning Engineer (PhD Intern),Machine Learning Engineer,Instacart,United States,Glendale,81000,81000,81000,true,point_estimate,USD,Unspecified,Mid-level,,true,true,2025-12-04,Adzuna
Machine Learning Engineer (PhD Intern),Machine Learning Engineer,Instacart,United States,Fargo,85000,85000,85000,true,point_estimate,USD,Unspecified,Mid-level,,true,true,2025-12-04,Adzuna
Machine Learning Engineer (PhD Intern),Machine Learning Engineer,Instacart,United States,Chattanooga,91000,91000,91000,true,point_estimate,USD,Unspecified,Mid-level,,true,true,2025-12-04,Adzuna
Machine Learning Engineer (PhD Intern),Machine Learning Engineer,Instacart,United States,Middletown,90000,90000,90000,true,point_estimate,USD,Unspecified,Mid-level,,true,true,2025-12-04,Adzuna
Machine Learning Engineer (PhD Intern),Machine Learning Engineer,Instacart,United States,Rochester,84000,84000,84000,true,point_estimate,USD,Unspecified,Mid-level,,true,true,2025-12-04,Adzuna
Machine Learning Engineer (PhD Intern),Machine Learning Engineer,Instacart,United States,Newark,91000,91000,91000,true,point_estimate,USD,Unspecified,Mid-level,,true,true,2025-12-04,Adzuna
Machine Learning Engineer (PhD Intern),Machine Learning Engineer,Instacart,United States,Norwalk,92000,92000,92000,true,point_estimate,USD,Unspecified,Mid-level,,true,true,2025-12-04,Adzuna
Machine Learning Engineer (PhD Intern),Machine Learning Engineer,Instacart,United States,Gulfport,85000,85000,85000,true,point_estimate,USD,Unspecified,Mid-level,,true,true,2025-12-04,Adzuna
Machine Learning Engineer (PhD Intern),Machine Learning Engineer,Instacart,United States,Cranston,88000,88000,88000,true,point_estimate,USD,Unspecified,Mid-level,,true,true,2025-12-04,Adzuna
Machine Learning Engineer (PhD Intern),Machine Learning Engineer,Instacart,United States,Peoria,89000,89000,89000,true,point_estimate,USD,Unspecified,Mid-level,,true,true,2025-12-04,Adzuna
Machine Learning Engineer (PhD Intern),Machine Learning Engineer,Instacart,United States,Portland,89000,89000,89000,true,point_estimate,USD,Unspecified,Mid-level,,true,true,2025-12-04,Adzuna
Machine Learning Engineer (PhD Intern),Machine Learning Engineer,Instacart,United States,Charleston,85000,85000,85000,true,point_estimate,USD,Unspecified,Mid-level,,true,true,2025-12-04,Adzuna
Machine Learning Engineer (PhD Intern),Machine Learning Engineer,Instacart,United States,Spokane,84000,84000,84000,true,point_estimate,USD,Unspecified,Mid-level,,true,true,2025-12-04,Adzuna
Machine Learning Engineer (PhD Intern),Machine Learning Engineer,Instacart,United States,Chico,93000,93000,93000,true,point_estimate,USD,Unspecified,Mid-level,,true,true,2025-12-04,Adzuna
Machine Learning Engineer (PhD Intern),Machine Learning Engineer,Instacart,United States,Commerce,89000,89000,89000,true,point_estimate,USD,Unspecified,Mid-level,,true,true,2025-12-04,Adzuna
Machine Learning Engineer (PhD Intern),Machine Learning Engineer,Instacart,United States,Sioux Falls,84000,84000,84000,true,point_estimate,USD,Unspecified,Mid-level,,true,true,2025-12-04,Adzuna
Machine Learning Engineer (PhD Intern),Machine Learning Engineer,Instacart,United States,Binghamton,89000,89000,89000,true,point_estimate,USD,Unspecified,Mid-level,,true,true,2025-12-04,Adzuna
Machine Learning Engineer (PhD Intern),Machine Learning Engineer,Instacart,United States,Rapid City,90000,90000,90000,true,point_estimate,USD,Unspecified,Mid-level,,true,true,2025-12-04,Adzuna
Machine Learning Engineer (PhD Intern),Machine Learning Engineer,Instacart,United States,Waterbury,91000,91000,91000,true,point_estimate,USD,Unspecified,Mid-level,,true,true,2025-12-04,Adzuna
Machine Learning Engineer (PhD Intern),Machine Learning Engineer,Instacart,United States,Gary,86000,86000,86000,true,point_estimate,USD,Unspecified,Mid-level,,true,true,2025-12-04,Adzuna
Machine Learning Engineer (PhD Intern),Machine Learning Engineer,Instacart,United States,Southaven,87000,87000,87000,true,point_estimate,USD,Unspecified,Mid-level,,true,true,2025-12-04,Adzuna
Machine Learning Engineer (PhD Intern),Machine Learning Engineer,Instacart,United States,Wheeling,90000,90000,90000,true,point_estimate,USD,Unspecified,Mid-level,,true,true,2025-12-04,Adzuna
Machine Learning Engineer (PhD Intern),Machine Learning Engineer,Instacart,United States,Kenner,80000,80000,80000,true,point_estimate,USD,Unspecified,Mid-level,,true,true,2025-12-04,Adzuna
Machine Learning Engineer (PhD Intern),Machine Learning Engineer,Instacart,United States,Lansing,89000,89000,89000,true,point_estimate,USD,Unspecified,Mid-level,,true,true,2025-12-04,Adzuna
Machine Learning Engineer (PhD Intern),Machine Learning Engineer,Instacart,United States,Louisville,84000,84000,84000,true,point_estimate,USD,Unspecified,Mid-level,,true,true,2025-12-04,Adzuna
Machine Learning Engineer (PhD Intern),Machine Learning Engineer,Instacart,United States,Owensboro,84000,84000,84000,true,point_estimate,USD,Unspecified,Mid-level,,true,true,2025-12-04,Adzuna
Machine Learning Engineer (PhD Intern),Machine Learning Engineer,Instacart,United States,New Orleans,85000,85000,85000,true,point_estimate,USD,Unspecified,Mid-level,,true,true,2025-12-04,Adzuna
Machine Learning Engineer (PhD Intern),Machine Learning Engineer,Instacart,United States,Moscow,85000,85000,85000,true,point_estimate,USD,Unspecified,Mid-level,,true,true,2025-12-04,Adzuna
Machine Learning Engineer (PhD Intern),Machine Learning Engineer,Instacart,United States,Fort Wayne,83000,83000,83000,true,point_estimate,USD,Unspecified,Mid-level,,true,true,2025-12-04,Adzuna
Machine Learning Engineer (PhD Intern),Machine Learning Engineer,Instacart,United States,Kenosha,88000,88000,88000,true,point_estimate,USD,Unspecified,Mid-level,,true,true,2025-12-04,Adzuna
Machine Learning Engineer (PhD Intern),Machine Learning Engineer,Instacart,United States,Fresno,98000,98000,98000,true,point_estimate,USD,Unspecified,Mid-level,,true,true,2025-12-04,Adzuna
Machine Learning Engineer (PhD Intern),Machine Learning Engineer,Instacart,United States,Shreveport,80000,80000,80000,true,point_estimate,USD,Unspecified,Mid-level,,true,true,2025-12-04,Adzuna
Machine Learning Engineer (PhD Intern),Machine Learning Engineer,Instacart,United States,Topeka,86000,86000,86000,true,point_estimate,USD,Unspecified,Mid-level,,true,true,2025-12-04,Adzuna
Machine Learning Engineer (PhD Intern),Machine Learning Engineer,Instacart,United States,Fairbanks,93000,93000,93000,true,point_estimate,USD,Unspecified,Mid-level,,true,true,2025-12-04,Adzuna
Machine Learning Engineer (PhD Intern),Machine Learning Engineer,Instacart,United States,Allentown,87000,87000,87000,true,point_estimate,USD,Unspecified,Mid-level,,true,true,2025-12-04,Adzuna
Machine Learning Engineer (PhD Intern),Machine Learning Engineer,Instacart,United States,Northridge,97000,97000,97000,true,point_estimate,USD,Unspecified,Mid-level,,true,true,2025-12-04,Adzuna
Machine Learning Engineer (PhD Intern),Machine Learning Engineer,Instacart,United States,Lawton,83000,83000,83000,true,point_estimate,USD,Unspecified,Mid-level,,true,true,2025-12-04,Adzuna
Machine Learning Engineer (PhD Intern),Machine Learning Engineer,Instacart,United States,West Chester,88000,88000,88000,true,point_estimate,USD,Unspecified,Mid-level,,true,true,2025-12-04,Adzuna
Machine Learning Engineer (PhD Intern),Machine Learning Engineer,Instacart,United States,Rochester Hills,85000,85000,85000,true,point_estimate,USD,Unspecified,Mid-level,,true,true,2025-12-04,Adzuna
Machine Learning Engineer (PhD Intern),Machine Learning Engineer,Instacart,United States,Tallahassee,84000,84000,84000,true,point_estimate,USD,Unspecified,Mid-level,,true,true,2025-12-04,Adzuna
Machine Learning Engineer (PhD Intern),Machine Learning Engineer,Instacart,United States,Anchorage,84000,84000,84000,true,point_estimate,USD,Unspecified,Mid-level,,true,true,2025-12-04,Adzuna
Machine Learning Engineer (PhD Intern),Machine Learning Engineer,Instacart,United States,Lynchburg,82000,82000,82000,true,point_estimate,USD,Unspecified,Mid-level,,true,true,2025-12-04,Adzuna
Machine Learning Engineer (PhD Intern),Machine Learning Engineer,Instacart,United States,Greeley,89000,89000,89000,true,point_estimate,USD,Unspecified,Mid-level,,true,true,2025-12-04,Adzuna
Machine Learning Engineer (PhD Intern),Machine Learning Engineer,Instacart,United States,Hampton City,88000,88000,88000,true,point_estimate,USD,Unspecified,Mid-level,,true,true,2025-12-04,Adzuna
Machine Learning Engineer (PhD Intern),Machine Learning Engineer,Instacart,United States,Davenport,89000,89000,89000,true,point_estimate,USD,Unspecified,Mid-level,,true,true,2025-12-04,Adzuna
Machine Learning Engineer (PhD Intern),Machine Learning Engineer,Instacart,United States,Menomonie,90000,90000,90000,true,point_estimate,USD,Unspecified,Mid-level,,true,true,2025-12-04,Adzuna
Machine Learning Engineer (PhD Intern),Machine Learning Engineer,Instacart,United States,Richmond,84000,84000,84000,true,point_estimate,USD,Unspecified,Mid-level,,true,true,2025-12-04,Adzuna
Machine Learning Engineer (PhD Intern),Machine Learning Engineer,Instacart,United States,Barre,87000,87000,87000,true,point_estimate,USD,Unspecified,Mid-level,,true,true,2025-12-04,Adzuna
Machine Learning Engineer (PhD Intern),Machine Learning Engineer,Instacart,United States,Covington,87000,87000,87000,true,point_estimate,USD,Unspecified,Mid-level,,true,true,2025-12-04,Adzuna
Machine Learning Engineer (PhD Intern),Machine Learning Engineer,Instacart,United States,Eugene,79000,79000,79000,true,point_estimate,USD,Unspecified,Mid-level,,true,true,2025-12-04,Adzuna
Machine Learning Engineer (PhD Intern),Machine Learning Engineer,Instacart,United States,Annandale,87000,87000,87000,true,point_estimate,USD,Unspecified,Mid-level,,true,true,2025-12-04,Adzuna
Machine Learning Engineer (PhD Intern),Machine Learning Engineer,Instacart,United States,Salem,81000,81000,81000,true,point_estimate,USD,Unspecified,Mid-level,,true,true,2025-12-04,Adzuna
Machine Learning Engineer (PhD Intern),Machine Learning Engineer,Instacart,United States,Laramie,81000,81000,81000,true,point_estimate,USD,Unspecified,Mid-level,,true,true,2025-12-04,Adzuna
Machine Learning Engineer (PhD Intern),Machine Learning Engineer,Instacart,United States,Huntsville,82000,82000,82000,true,point_estimate,USD,Unspecified,Mid-level,,true,true,2025-12-04,Adzuna
Machine Learning Engineer (PhD Intern),Machine Learning Engineer,Instacart,United States,Salt Lake City,87000,87000,87000,true,point_estimate,USD,Unspecified,Mid-level,,true,true,2025-12-04,Adzuna
Machine Learning Engineer (PhD Intern),Machine Learning Engineer,Instacart,United States,Dover,91000,91000,91000,true,point_estimate,USD,Unspecified,Mid-level,,true,true,2025-12-04,Adzuna
Machine Learning Engineer (PhD Intern),Machine Learning Engineer,Instacart,United States,Auburn,88000,88000,88000,true,point_estimate,USD,Unspecified,Mid-level,,true,true,2025-12-04,Adzuna
Machine Learning Engineer (PhD Intern),Machine Learning Engineer,Instacart,United States,Overland Park,86000,86000,86000,true,point_estimate,USD,Unspecified,Mid-level,,true,true,2025-12-04,Adzuna
Machine Learning Engineer (PhD Intern),Machine Learning Engineer,Instacart,United States,,83000,83000,83000,true,point_estimate,USD,Unspecified,Mid-level,,true,true,2025-12-04,Adzuna
Machine Learning Engineer (PhD Intern),Machine Learning Engineer,Instacart,United States,Rockville,87000,87000,87000,true,point_estimate,USD,Unspecified,Mid-level,,true,true,2025-12-04,Adzuna
Machine Learning Engineer (PhD Intern),Machine Learning Engineer,Instacart,United States,Rexburg,87000,87000,87000,true,point_estimate,USD,Unspecified,Mid-level,,true,true,2025-12-04,Adzuna
Machine Learning Engineer (PhD Intern),Machine Learning Engineer,Instacart,United States,Allendale,88000,88000,88000,true,point_estimate,USD,Unspecified,Mid-level,,true,true,2025-12-04,Adzuna
Machine Learning Engineer (PhD Intern),Machine Learning Engineer,Instacart,United States,Aberdeen,90000,90000,90000,true,point_estimate,USD,Unspecified,Mid-level,,true,true,2025-12-04,Adzuna
Machine Learning Engineer (PhD Intern),Machine Learning Engineer,Instacart,United States,Melbourne,90000,90000,90000,true,point_estimate,USD,Unspecified,Mid-level,,true,true,2025-12-04,Adzuna
Machine Learning Engineer (PhD Intern),Machine Learning Engineer,Instacart,United States,Tuscaloosa,85000,85000,85000,true,point_estimate,USD,Unspecified,Mid-level,,true,true,2025-12-04,Adzuna
Machine Learning Engineer (PhD Intern),Machine Learning Engineer,Instacart,United States,Chandler,82000,82000,82000,true,point_estimate,USD,Unspecified,Mid-level,,true,true,2025-12-04,Adzuna
Machine Learning Engineer (PhD Intern),Machine Learning Engineer,Instacart,United States,Ann Arbor,89000,89000,89000,true,point_estimate,USD,Unspecified,Mid-level,,true,true,2025-12-04,Adzuna
Machine Learning Engineer (PhD Intern),Machine Learning Engineer,Instacart,United States,Merced,94000,94000,94000,true,point_estimate,USD,Unspecified,Mid-level,,true,true,2025-12-04,Adzuna
Machine Learning Engineer (PhD Intern),Machine Learning Engineer,Instacart,United States,San Antonio,82000,82000,82000,true,point_estimate,USD,Unspecified,Mid-level,,true,true,2025-12-04,Adzuna
Machine Learning Engineer (PhD Intern),Machine Learning Engineer,Instacart,United States,Berrien Springs,91000,91000,91000,true,point_estimate,USD,Unspecified,Mid-level,,true,true,2025-12-04,Adzuna
Machine Learning Engineer (PhD Intern),Machine Learning Engineer,Instacart,United States,South Bend,92000,92000,92000,true,point_estimate,USD,Unspecified,Mid-level,,true,true,2025-12-04,Adzuna
Machine Learning Engineer (PhD Intern),Machine Learning Engineer,Instacart,United States,Edmond,84000,84000,84000,true,point_estimate,USD,Unspecified,Mid-level,,true,true,2025-12-04,Adzuna
Machine Learning Engineer (PhD Intern),Machine Learning Engineer,Instacart,United States,Hattiesburg,82000,82000,82000,true,point_estimate,USD,Unspecified,Mid-level,,true,true,2025-12-04,Adzuna
Machine Learning Engineer (PhD Intern),Machine Learning Engineer,Instacart,United States,Joliet,92000,92000,92000,true,point_estimate,USD,Unspecified,Mid-level,,true,true,2025-12-04,Adzuna
Machine Learning Engineer (PhD Intern),Machine Learning Engineer,Instacart,United States,Gresham,88000,88000,88000,true,point_estimate,USD,Unspecified,Mid-level,,true,true,2025-12-04,Adzuna
Machine Learning Engineer (PhD Intern),Machine Learning Engineer,Instacart,United States,Potsdam,98000,98000,98000,true,point_estimate,USD,Unspecified,Mid-level,,true,true,2025-12-04,Adzuna
Machine Learning Engineer (PhD Intern),Machine Learning Engineer,Instacart,United States,Lexington,83000,83000,83000,true,point_estimate,USD,Unspecified,Mid-level,,true,true,2025-12-04,Adzuna
Machine Learning Engineer (PhD Intern),Machine Learning Engineer,Instacart,United States,San Marcos,93000,93000,93000,true,point_estimate,USD,Unspecified,Mid-level,,true,true,2025-12-04,Adzuna
Machine Learning Engineer (PhD Intern),Machine Learning Engineer,Instacart,United States,Pearl City,90000,90000,90000,true,point_estimate,USD,Unspecified,Mid-level,,true,true,2025-12-04,Adzuna
Machine Learning Engineer (PhD Intern),Machine Learning Engineer,Instacart,United States,Iowa City,83000,83000,83000,true,point_estimate,USD,Unspecified,Mid-level,,true,true,2025-12-04,Adzuna
Machine Learning Engineer (PhD Intern),Machine Learning Engineer,Instacart,United States,Trenton,89000,89000,89000,true,point_estimate,USD,Unspecified,Mid-level,,true,true,2025-12-04,Adzuna
Machine Learning Engineer (PhD Intern),Machine Learning Engineer,Instacart,United States,Albuquerque,83000,83000,83000,true,point_estimate,USD,Unspecified,Mid-level,,true,true,2025-12-04,Adzuna
Machine Learning Engineer (PhD Intern),Machine Learning Engineer,Instacart,United States,Bowling Green,87000,87000,87000,true,point_estimate,USD,Unspecified,Mid-level,,true,true,2025-12-04,Adzuna
Machine Learning Engineer (PhD Intern),Machine Learning Engineer,Instacart,United States,Chicago,87000,87000,87000,true,point_estimate,USD,Unspecified,Mid-level,,true,true,2025-12-04,Adzuna
Machine Learning Engineer (PhD Intern),Machine Learning Engineer,Instacart,United States,Mckinney,90000,90000,90000,true,point_estimate,USD,Unspecified,Mid-level,,true,true,2025-12-04,Adzuna
Machine Learning Engineer (PhD Intern),Machine Learning Engineer,Instacart,United States,Jacksonville,87000,87000,87000,true,point_estimate,USD,Unspecified,Mid-level,,true,true,2025-12-04,Adzuna
Machine Learning Engineer (PhD Intern),Machine Learning Engineer,Instacart,United States,Chesapeake,83000,83000,83000,true,point_estimate,USD,Unspecified,Mid-level,,true,true,2025-12-04,Adzuna
Machine Learning Engineer (PhD Intern),Machine Learning Engineer,Instacart,United States,Waipahu,106000,106000,106000,true,point_estimate,USD,Unspecified,Mid-level,,true,true,2025-12-04,Adzuna
Machine Learning Engineer (PhD Intern),Machine Learning Engineer,Instacart,United States,Henderson,88000,88000,88000,true,point_estimate,USD,Unspecified,Mid-level,,true,true,2025-12-04,Adzuna
Machine Learning Engineer (PhD Intern),Machine Learning Engineer,Instacart,United States,Rock Hill,85000,85000,85000,true,point_estimate,USD,Unspecified,Mid-level,,true,true,2025-12-04,Adzuna
Machine Learning Engineer (PhD Intern),Machine Learning Engineer,Instacart,United States,Denver,91000,91000,91000,true,point_estimate,USD,Unspecified,Mid-level,,true,true,2025-12-04,Adzuna
Machine Learning Engineer (PhD Intern),Machine Learning Engineer,Instacart,United States,Bowie,88000,88000,88000,true,point_estimate,USD,Unspecified,Mid-level,,true,true,2025-12-04,Adzuna
Machine Learning Engineer (PhD Intern),Machine Learning Engineer,Instacart,United States,Fort Myers,86000,86000,86000,true,point_estimate,USD,Unspecified,Mid-level,,true,true,2025-12-04,Adzuna
Machine Learning Engineer (PhD Intern),Machine Learning Engineer,Instacart,United States,Hagerstown,81000,81000,81000,true,point_estimate,USD,Unspecified,Mid-level,,true,true,2025-12-04,Adzuna
Machine Learning Engineer (PhD Intern),Machine Learning Engineer,Instacart,United States,Arlington,84000,84000,84000,true,point_estimate,USD,Unspecified,Mid-level,,true,true,2025-12-04,Adzuna
Machine Learning Engineer (PhD Intern),Machine Learning Engineer,Instacart,United States,Conway,86000,86000,86000,true,point_estimate,USD,Unspecified,Mid-level,,true,true,2025-12-04,Adzuna
Machine Learning Engineer (PhD Intern),Machine Learning Engineer,Instacart,United States,Orlando,86000,86000,86000,true,point_estimate,USD,Unspecified,Mid-level,,true,true,2025-12-04,Adzuna
Machine Learning Engineer (PhD Intern),Machine Learning Engineer,Instacart,United States,Milwaukee,85000,85000,85000,true,point_estimate,USD,Unspecified,Mid-level,,true,true,2025-12-04,Adzuna
Machine Learning Engineer (PhD Intern),Machine Learning Engineer,Instacart,United States,El Paso,85000,85000,85000,true,point_estimate,USD,Unspecified,Mid-level,,true,true,2025-12-04,Adzuna
Machine Learning Engineer (PhD Intern),Machine Learning Engineer,Instacart,United States,Dallas,87000,87000,87000,true,point_estimate,USD,Unspecified,Mid-level,,true,true,2025-12-04,Adzuna
Machine Learning Engineer (PhD Intern),Machine Learning Engineer,Instacart,United States,Scottsdale,85000,85000,85000,true,point_estimate,USD,Unspecified,Mid-level,,true,true,2025-12-04,Adzuna
Machine Learning Engineer (PhD Intern),Machine Learning Engineer,Instacart,United States,Boone,91000,91000,91000,true,point_estimate,USD,Unspecified,Mid-level,,true,true,2025-12-04,Adzuna
Machine Learning Engineer (PhD Intern),Machine Learning Engineer,Instacart,United States,Honolulu,78000,78000,78000,true,point_estimate,USD,Unspecified,Mid-level,,true,true,2025-12-04,Adzuna
Senior Machine Learning Engineer,Machine Learning Engineer,Lockheed Martin,United States,Grand Prairie,192000,192000,192000,true,point_estimate,USD,Unspecified,Senior,,false,false,2026-02-17,Adzuna
Machine Learning Engineer – Data and AI,Machine Learning Engineer,Genesis10,United States,Texas,129000,129000,129000,true,point_estimate,USD,Unspecified,Mid-level,,false,false,2026-02-14,Adzuna
Computer Vision/ Machine Learning Engineer,Computer Vision,HTC Global Services Inc,United States,Sand Lake,87000,87000,87000,true,point_estimate,USD,Unspecified,Mid-level,Computer Vision,false,false,2026-02-10,Adzuna
"Machine Learning Engineer II, Logistics AI",Machine Learning Engineer,Instacart,United States,Meridian,93000,93000,93000,true,point_estimate,USD,Unspecified,Mid-level,,false,false,2025-12-04,Adzuna
"Machine Learning Engineer II, Logistics AI",Machine Learning Engineer,Instacart,United States,Broken Arrow,97000,97000,97000,true,point_estimate,USD,Unspecified,Mid-level,,false,true,2025-12-04,Adzuna
"Machine Learning Engineer II, Logistics AI",Machine Learning Engineer,Instacart,United States,Conway,96000,96000,96000,true,point_estimate,USD,Unspecified,Mid-level,,false,true,2025-12-04,Adzuna
"Machine Learning Engineer II, Logistics AI",Machine Learning Engineer,Instacart,United States,Springdale,95000,95000,95000,true,point_estimate,USD,Unspecified,Mid-level,,false,true,2025-12-04,Adzuna
"Machine Learning Engineer II, Logistics AI",Machine Learning Engineer,Instacart,United States,Milwaukee,95000,95000,95000,true,point_estimate,USD,Unspecified,Mid-level,,false,true,2025-12-04,Adzuna
"Machine Learning Engineer II, Logistics AI",Machine Learning Engineer,Instacart,United States,Fort Wayne,93000,93000,93000,true,point_estimate,USD,Unspecified,Mid-level,,false,true,2025-12-04,Adzuna
"Machine Learning Engineer II, Logistics AI",Machine Learning Engineer,Instacart,United States,Portland,99000,99000,99000,true,point_estimate,USD,Unspecified,Mid-level,,false,true,2025-12-04,Adzuna
"Machine Learning Engineer II, Logistics AI",Machine Learning Engineer,Instacart,United States,Burlington,92000,92000,92000,true,point_estimate,USD,Unspecified,Mid-level,,false,true,2025-12-04,Adzuna
"Machine Learning Engineer II, Logistics AI",Machine Learning Engineer,Instacart,United States,Warwick,98000,98000,98000,true,point_estimate,USD,Unspecified,Mid-level,,false,true,2025-12-04,Adzuna
"Machine Learning Engineer II, Logistics AI",Machine Learning Engineer,Instacart,United States,Miami,103000,103000,103000,true,point_estimate,USD,Unspecified,Mid-level,,false,true,2025-12-04,Adzuna
"Machine Learning Engineer II, Logistics AI",Machine Learning Engineer,Instacart,United States,Milford,103000,103000,103000,true,point_estimate,USD,Unspecified,Mid-level,,false,true,2025-12-04,Adzuna
"Machine Learning Engineer II, Logistics AI",Machine Learning Engineer,Instacart,United States,Lynchburg,92000,92000,92000,true,point_estimate,USD,Unspecified,Mid-level,,false,true,2025-12-04,Adzuna
"Machine Learning Engineer II, Logistics AI",Machine Learning Engineer,Instacart,United States,New Orleans,95000,95000,95000,true,point_estimate,USD,Unspecified,Mid-level,,false,true,2025-12-04,Adzuna
"Machine Learning Engineer II, Logistics AI",Machine Learning Engineer,Instacart,United States,Aberdeen,100000,100000,100000,true,point_estimate,USD,Unspecified,Mid-level,,false,true,2025-12-04,Adzuna
"Machine Learning Engineer II, Logistics AI",Machine Learning Engineer,Instacart,United States,Baltimore,96000,96000,96000,true,point_estimate,USD,Unspecified,Mid-level,,false,true,2025-12-04,Adzuna
"Machine Learning Engineer II, Logistics AI",Machine Learning Engineer,Instacart,United States,Pierre,99000,99000,99000,true,point_estimate,USD,Unspecified,Mid-level,,false,true,2025-12-04,Adzuna
"Machine Learning Engineer II, Logistics AI",Machine Learning Engineer,Instacart,United States,Davenport,99000,99000,99000,true,point_estimate,USD,Unspecified,Mid-level,,false,true,2025-12-04,Adzuna
"Machine Learning Engineer II, Logistics AI",Machine Learning Engineer,Instacart,United States,Bowling Green,97000,97000,97000,true,point_estimate,USD,Unspecified,Mid-level,,false,true,2025-12-04,Adzuna
"Machine Learning Engineer II, Logistics AI",Machine Learning Engineer,Instacart,United States,Gresham,99000,99000,99000,true,point_estimate,USD,Unspecified,Mid-level,,false,true,2025-12-04,Adzuna
"Machine Learning Engineer II, Logistics AI",Machine Learning Engineer,Instacart,United States,Springfield,95000,95000,95000,true,point_estimate,USD,Unspecified,Mid-level,,false,true,2025-12-04,Adzuna
"Machine Learning Engineer II, Logistics AI",Machine Learning Engineer,Instacart,United States,Corpus Christi,91000,91000,91000,true,point_estimate,USD,Unspecified,Mid-level,,false,true,2025-12-04,Adzuna
Data Scientist,Data Scientist,The United States Secret Service,United States,Washington,42000,42000,42000,true,point_estimate,USD,Unspecified,Mid-level,,false,false,2026-02-19,Adzuna
Data Scientist,Data Scientist,Jobot,United States,The Woodlands,113000,113000,113000,true,point_estimate,USD,Onsite,Mid-level,,false,false,2026-02-16,Adzuna
Senior Data Scientist,Data Scientist,Jobot,United States,Acton,231000,231000,231000,true,point_estimate,USD,Unspecified,Senior,,false,false,2026-02-16,Adzuna
Data Scientist,Data Scientist,DSM-H LLC,United States,Arizona,102000,102000,102000,true,point_estimate,USD,Unspecified,Mid-level,,false,false,2026-01-26,Adzuna
GEOINT Data Scientist,Data Scientist,ManTech International,United States,West Springfield,93000,130000,111500,false,range,USD,Unspecified,Mid-level,,false,false,2026-02-06,Adzuna
GEOINT Data Scientist,Data Scientist,ManTech International,United States,Saint Louis,93000,130000,111500,false,range,USD,Unspecified,Mid-level,,false,true,2026-02-21,Adzuna
Data Scientist III,Data Scientist,Orangepeople LLC,United States,California,202000,202000,202000,true,point_estimate,USD,Unspecified,Mid-level,,false,false,2026-02-03,Adzuna
Sr. Data Scientist,Data Scientist,Aroha Technologies,United States,SoMa,137000,137000,137000,true,point_estimate,USD,Unspecified,Senior,,false,false,2026-02-06,Adzuna
Data Scientist II,Data Scientist,Orangepeople LLC,United States,Florida,133000,133000,133000,true,point_estimate,USD,Unspecified,Mid-level,,false,false,2026-02-03,Adzuna
Junior data scientist/Data engineer,Data Scientist,SynergisticIT,United States,Rensselaer,185000,185000,185000,true,point_estimate,USD,Unspecified,Junior,,false,false,2026-02-10,Adzuna
Data Scientist,Data Scientist,Insight Global,United States,Woonsocket,153000,153000,153000,true,point_estimate,USD,Unspecified,Mid-level,,false,false,2026-02-11,Adzuna
Data Scientist,Data Scientist,Emory Healthcare/Emory University,United States,Atlanta,112000,112000,112000,true,point_estimate,USD,Unspecified,Mid-level,,false,false,2026-02-12,Adzuna
Data Scientist,Data Scientist,Insight Global,United States,South Camden,121000,121000,121000,true,point_estimate,USD,Unspecified,Senior,,false,false,2026-01-30,Adzuna
Data Scientist,Data Scientist,Ford Motor Company,United States,Dearborn,105000,105000,105000,true,point_estimate,USD,Unspecified,Mid-level,,false,false,2026-02-21,Adzuna
Data Scientist,Data Scientist,GovCIO,United States,Fort George G Meade,115000,115000,115000,true,point_estimate,USD,Onsite,Mid-level,,false,false,2026-01-14,Adzuna
Data Scientist,Data Scientist,CACI International,United States,Centennial,131000,131000,131000,true,point_estimate,USD,Unspecified,Mid-level,,false,false,2025-11-25,Adzuna
Data Scientist,Data Scientist,Waystar,United States,Cedar Pass,78000,78000,78000,true,point_estimate,USD,Unspecified,Mid-level,,false,false,2026-02-05,Adzuna
Data Scientist,Data Scientist,SOS International LLC,United States,Redstone Arsenal,109000,109000,109000,true,point_estimate,USD,Unspecified,Mid-level,,false,false,2026-01-15,Adzuna
Data Scientist,Data Scientist,Guidehouse,United States,Redstone Arsenal,133000,133000,133000,true,point_estimate,USD,Unspecified,Mid-level,,false,false,2026-02-21,Adzuna
Data Scientist,Data Scientist,Robert Half,United States,Strathmoor Manor,100000,100000,100000,true,point_estimate,USD,Unspecified,Mid-level,,false,false,2026-02-03,Adzuna
Data Scientist,Data Scientist,SAIC,United States,Upper Marlboro,130000,130000,130000,true,point_estimate,USD,Unspecified,Mid-level,,false,false,2026-02-20,Adzuna
Data Scientist,Data Scientist,ManpowerGroup,United States,Cedar Pass,226000,226000,226000,true,point_estimate,USD,Onsite,Lead,,false,false,2025-11-22,Adzuna
Data Scientist,Data Scientist,Enterprise Mobility,United States,Wellston,108000,108000,108000,true,point_estimate,USD,Unspecified,Mid-level,,false,false,2026-02-21,Adzuna
Data Scientist,Data Scientist,Westat,United States,Bethesda,100000,100000,100000,true,point_estimate,USD,Unspecified,Mid-level,,false,false,2026-02-14,Adzuna
Data Scientist,Data Scientist,CACI International,United States,Glendale,246000,246000,246000,true,point_estimate,USD,Unspecified,Mid-level,,false,false,2026-02-17,Adzuna
Data Scientist,Data Scientist,Leidos,United States,Bethesda,138000,138000,138000,true,point_estimate,USD,Unspecified,Mid-level,,false,false,2026-02-05,Adzuna
Data Scientist,Data Scientist,Leidos,United States,Benson,125000,125000,125000,true,point_estimate,USD,Unspecified,Mid-level,,false,false,2026-01-10,Adzuna
Data Scientist,Data Scientist,Insight Global,United States,Simpsonville,163000,163000,163000,true,point_estimate,USD,Unspecified,Mid-level,,false,false,2026-01-28,Adzuna
Data Scientist,Data Scientist,Insight Global,United States,Holy,138000,138000,138000,true,point_estimate,USD,Unspecified,Mid-level,,false,false,2026-01-16,Adzuna
Data Scientist,Data Scientist,Insight Global,United States,Newark,116000,116000,116000,true,point_estimate,USD,Unspecified,Mid-level,,false,false,2026-02-18,Adzuna
Data Scientist,Data Scientist,Insight Global,United States,Portland,136000,136000,136000,true,point_estimate,USD,Unspecified,Mid-level,"Python, R, SQL, Spark",false,false,2026-01-23,Adzuna
Data Scientist,Data Scientist,Waystar,United States,Atlanta,113000,113000,113000,true,point_estimate,USD,Unspecified,Mid-level,,false,false,2026-02-06,Adzuna
Data Scientist,Data Scientist,Robert Half,United States,Saint Paul,125000,125000,125000,true,point_estimate,USD,Unspecified,Mid-level,Python,false,false,2026-01-29,Adzuna
Data Scientist,Data Scientist,Robert Half,United States,Edison,128000,128000,128000,true,point_estimate,USD,Hybrid,Mid-level,,false,false,2025-12-30,Adzuna
Data Scientist,Data Scientist,PsychoGenics,United States,Paramus,185000,185000,185000,true,point_estimate,USD,Unspecified,Mid-level,,false,false,2026-01-17,Adzuna
Data Scientist,Data Scientist,Corning Incorporated,United States,Tewksbury,131000,131000,131000,true,point_estimate,USD,Unspecified,Mid-level,,false,false,2026-01-29,Adzuna
Data Scientist,Data Scientist,Procter & Gamble,United States,Saint Bernard,118000,118000,118000,true,point_estimate,USD,Unspecified,Mid-level,,false,false,2025-09-19,Adzuna
Data Scientist,Data Scientist,CVS Health,United States,New York City,111000,111000,111000,true,point_estimate,USD,Unspecified,Mid-level,,false,false,2026-02-20,Adzuna
Data Scientist,Data Scientist,Love's Travel Stops & Country Stores,United States,Oklahoma City,51000,51000,51000,true,point_estimate,USD,Unspecified,Mid-level,,false,false,2026-01-17,Adzuna
Data Scientist,Data Scientist,Intel,United States,Phoenix,165000,165000,165000,true,point_estimate,USD,Unspecified,Mid-level,,false,false,2026-02-12,Adzuna
Data Scientist,Data Scientist,Leidos,United States,Odenton,133000,133000,133000,true,point_estimate,USD,Unspecified,Mid-level,,false,false,2026-01-17,Adzuna
Data Scientist,Data Scientist,"TAD PGS, Inc.",United States,"Washington, D.C.",174000,174000,174000,true,point_estimate,USD,Unspecified,Mid-level,,false,false,2025-10-07,Adzuna
Data Scientist,Data Scientist,AeroVironment,United States,Savage,143000,143000,143000,true,point_estimate,USD,Unspecified,Mid-level,,false,false,2025-12-18,Adzuna
Data Scientist,Data Scientist,S&P Global,United States,Princeton,102000,102000,102000,true,point_estimate,USD,Unspecified,Mid-level,,false,false,2026-01-30,Adzuna
Data Scientist/ML Engineer,Machine Learning Engineer,OSI Engineering,United States,California,123000,123000,123000,true,point_estimate,USD,Unspecified,Mid-level,Fine-tuning,false,false,2026-02-16,Adzuna
Data Scientist - II (Associate),Data Scientist,Genesis10,United States,Rahway,102000,102000,102000,true,point_estimate,USD,Hybrid,Junior,,false,false,2026-02-21,Adzuna
Entry Level Data Scientist,Data Scientist,SynergisticIT,United States,Spokane,158000,158000,158000,true,point_estimate,USD,Unspecified,Junior,,false,false,2026-02-16,Adzuna
Data Scientist,Data Scientist,Insight Global,United States,Charlotte,125000,125000,125000,true,point_estimate,USD,Unspecified,Mid-level,,false,false,2023-11-09,Adzuna
Data Scientist,Data Scientist,Capgemini,United States,Bellevue,123000,123000,123000,true,point_estimate,USD,Hybrid,Lead,,false,false,2026-02-14,Adzuna
Data Scientist,Data Scientist,AeroVironment,United States,Wpafb,114000,114000,114000,true,point_estimate,USD,Unspecified,Mid-level,,false,false,2026-02-19,Adzuna
Data Scientist,Data Scientist,Old Dominion Freight Line,United States,Thomasville,82000,82000,82000,true,point_estimate,USD,Unspecified,Mid-level,,false,false,2026-02-06,Adzuna
Data Scientist,Data Scientist,Deloitte,United States,Lansing,164000,164000,164000,true,point_estimate,USD,Onsite,Mid-level,,false,false,2026-02-21,Adzuna
Data Scientist,Data Scientist,Deloitte,United States,West Milwaukee,192000,192000,192000,true,point_estimate,USD,Onsite,Mid-level,,false,true,2026-02-21,Adzuna
Data Scientist,Data Scientist,Deloitte,United States,Oakwood,175000,175000,175000,true,point_estimate,USD,Onsite,Mid-level,,false,true,2026-02-21,Adzuna
Data Scientist,Data Scientist,Deloitte,United States,Grandview Heights,193000,193000,193000,true,point_estimate,USD,Onsite,Mid-level,,false,true,2026-02-21,Adzuna
Data Scientist,Data Scientist,Deloitte,United States,Saint Bernard,187000,187000,187000,true,point_estimate,USD,Onsite,Mid-level,,false,true,2026-02-21,Adzuna
Data Scientist,Data Scientist,Deloitte,United States,Charlotte,153000,153000,153000,true,point_estimate,USD,Onsite,Mid-level,,false,true,2026-02-21,Adzuna
Data Scientist,Data Scientist,Deloitte,United States,Five Points,175000,175000,175000,true,point_estimate,USD,Onsite,Mid-level,,false,true,2026-02-21,Adzuna
Data Scientist,Data Scientist,Deloitte,United States,Atlanta,220000,220000,220000,true,point_estimate,USD,Onsite,Mid-level,,false,true,2026-02-21,Adzuna
Data Scientist,Data Scientist,Deloitte,United States,Boise,154000,154000,154000,true,point_estimate,USD,Onsite,Mid-level,,false,true,2026-02-21,Adzuna
Data Scientist,Data Scientist,Deloitte,United States,Higley,159000,159000,159000,true,point_estimate,USD,Onsite,Mid-level,,false,true,2026-02-21,Adzuna
Data Scientist,Data Scientist,Deloitte,United States,Wake Island,144000,144000,144000,true,point_estimate,USD,Onsite,Mid-level,,false,true,2026-02-21,Adzuna
Data Scientist,Data Scientist,Deloitte,United States,Boston,147000,147000,147000,true,point_estimate,USD,Onsite,Mid-level,,false,true,2026-02-21,Adzuna
Data Scientist,Data Scientist,Deloitte,United States,Midland,166000,166000,166000,true,point_estimate,USD,Onsite,Mid-level,,false,true,2026-02-21,Adzuna
Data Scientist,Data Scientist,Deloitte,United States,Detroit,176000,176000,176000,true,point_estimate,USD,Onsite,Mid-level,,false,true,2026-02-21,Adzuna
Data Scientist,Data Scientist,Deloitte,United States,Uptown,192000,192000,192000,true,point_estimate,USD,Onsite,Mid-level,,false,true,2026-02-21,Adzuna
Data Scientist,Data Scientist,Deloitte,United States,Guadalupe,241000,241000,241000,true,point_estimate,USD,Onsite,Mid-level,,false,true,2026-02-21,Adzuna
Data Scientist,Data Scientist,Deloitte,United States,Strathmoor Manor,155000,155000,155000,true,point_estimate,USD,Onsite,Mid-level,,false,true,2026-02-21,Adzuna
Data Scientist,Data Scientist,Deloitte,United States,Williams,150000,150000,150000,true,point_estimate,USD,Onsite,Mid-level,,false,true,2026-02-21,Adzuna
Data Scientist,Data Scientist,Deloitte,United States,Portland,155000,155000,155000,true,point_estimate,USD,Onsite,Mid-level,,false,true,2026-02-21,Adzuna
Data Scientist,Data Scientist,Deloitte,United States,Benson,152000,152000,152000,true,point_estimate,USD,Onsite,Mid-level,,false,true,2026-02-21,Adzuna
Data Scientist,Data Scientist,Deloitte,United States,Birmingham,152000,152000,152000,true,point_estimate,USD,Onsite,Mid-level,,false,true,2026-02-21,Adzuna
Data Scientist,Data Scientist,Deloitte,United States,Redstone Arsenal,178000,178000,178000,true,point_estimate,USD,Onsite,Mid-level,,false,true,2026-02-21,Adzuna
Data Scientist,Data Scientist,Deloitte,United States,Custom House,157000,157000,157000,true,point_estimate,USD,Onsite,Mid-level,,false,true,2026-02-21,Adzuna
Data Scientist,Data Scientist,Deloitte,United States,Wichita,175000,175000,175000,true,point_estimate,USD,Onsite,Mid-level,,false,true,2026-02-21,Adzuna
Data Scientist,Data Scientist,Deloitte,United States,Talcott Village,169000,169000,169000,true,point_estimate,USD,Onsite,Mid-level,,false,true,2026-02-21,Adzuna
Data Scientist,Data Scientist,Deloitte,United States,Stamford,200000,200000,200000,true,point_estimate,USD,Onsite,Mid-level,,false,true,2026-02-21,Adzuna
Data Scientist,Data Scientist,Deloitte,United States,Grand Rapids,198000,198000,198000,true,point_estimate,USD,Onsite,Mid-level,,false,true,2026-02-21,Adzuna
Data Scientist,Data Scientist,Deloitte,United States,Des Moines,152000,152000,152000,true,point_estimate,USD,Onsite,Mid-level,,false,true,2026-02-21,Adzuna
Data Scientist,Data Scientist,Deloitte,United States,Urbanización El Vedado,152000,152000,152000,true,point_estimate,USD,Onsite,Mid-level,,false,true,2026-02-21,Adzuna
Data Scientist,Data Scientist,Deloitte,United States,Hermitage,195000,195000,195000,true,point_estimate,USD,Onsite,Mid-level,,false,true,2026-02-21,Adzuna
Data Scientist,Data Scientist,Deloitte,United States,Nashville,162000,162000,162000,true,point_estimate,USD,Onsite,Mid-level,,false,true,2026-02-21,Adzuna
Data Scientist,Data Scientist,Deloitte,United States,Cloverdale,178000,178000,178000,true,point_estimate,USD,Onsite,Mid-level,,false,true,2026-02-21,Adzuna
Data Scientist,Data Scientist,Deloitte,United States,Davenport,232000,232000,232000,true,point_estimate,USD,Onsite,Mid-level,,false,true,2026-02-21,Adzuna
Data Scientist,Data Scientist,Deloitte,United States,Bonnie,161000,161000,161000,true,point_estimate,USD,Onsite,Mid-level,,false,true,2026-02-21,Adzuna
Data Scientist with Security Clearance,Data Scientist,Kruger Recruiting,United States,"Washington, D.C.",121000,121000,121000,true,point_estimate,USD,Unspecified,Senior,,false,false,2026-01-20,Adzuna
Data Scientist with Security Clearance,Data Scientist,"Ingenium Consulting, LLC",United States,Chantilly,108000,108000,108000,true,point_estimate,USD,Unspecified,Mid-level,,false,false,2025-08-01,Adzuna
Data Scientist with Security Clearance,Data Scientist,OMW Consulting,United States,"Washington, D.C.",193000,193000,193000,true,point_estimate,USD,Unspecified,Lead,,false,false,2025-08-01,Adzuna
Data Scientist with Security Clearance,Data Scientist,Disruptive Solutions LLC,United States,"Washington, D.C.",150000,150000,150000,true,point_estimate,USD,Onsite,Mid-level,,false,false,2025-10-06,Adzuna
Junior Data Scientist with BI Skills,Data Scientist,SynergisticIT,United States,Cambridgeport,140000,140000,140000,true,point_estimate,USD,Unspecified,Junior,,false,false,2026-02-14,Adzuna
junior software engineer/Data scientist,Data Scientist,SynergisticIT,United States,Phoenix,161000,161000,161000,true,point_estimate,USD,Unspecified,Junior,,false,false,2026-02-13,Adzuna
Junior data Scientist / Java programmer,Data Scientist,SynergisticIT,United States,Wake Island,148000,148000,148000,true,point_estimate,USD,Unspecified,Junior,,false,false,2026-02-10,Adzuna
Senior Data Scientist with Security Clearance,Data Scientist,RealmOne,United States,Savage,105000,105000,105000,true,point_estimate,USD,Unspecified,Senior,RAG,false,false,2026-01-30,Adzuna
Data Scientist with Security Clearance,Data Scientist,VTG,United States,Chantilly,114000,114000,114000,true,point_estimate,USD,Unspecified,Mid-level,,false,false,2026-02-21,Adzuna
Senior Data Scientist,Data Scientist,Insight Global,United States,Five Points,201000,201000,201000,true,point_estimate,USD,Unspecified,Senior,,false,false,2026-01-21,Adzuna
Data Scientist with Security Clearance,Data Scientist,"System One Holdings, LLC",United States,Pimmit,95000,95000,95000,true,point_estimate,USD,Unspecified,Mid-level,,false,false,2026-02-17,Adzuna
"Data Scientist, Finance",Data Scientist,Meta,United States,Menlo Park,154000,154000,154000,true,point_estimate,USD,Unspecified,Mid-level,,false,false,2026-02-20,Adzuna
Lead Data Scientist,Data Scientist,RELX INC,United States,Five Points,190000,190000,190000,true,point_estimate,USD,Unspecified,Junior,,false,false,2026-02-21,Adzuna
Data Scientist with Security Clearance,Data Scientist,GeoYeti,United States,Reston,166000,166000,166000,true,point_estimate,USD,Remote,Mid-level,,false,false,2026-02-21,Adzuna
Senior Data Scientist,Data Scientist,The Hartford,United States,Talcott Village,168000,168000,168000,true,point_estimate,USD,Unspecified,Senior,,false,false,2026-02-03,Adzuna
Senior Data Scientist,Data Scientist,The Hartford,United States,Grandview Heights,192000,192000,192000,true,point_estimate,USD,Unspecified,Senior,,false,true,2026-02-03,Adzuna
Senior Data Scientist,Data Scientist,The Hartford,United States,Charlotte,152000,152000,152000,true,point_estimate,USD,Unspecified,Senior,,false,true,2026-02-03,Adzuna
Data Scientist with Security Clearance,Data Scientist,Anonymous Employer,United States,Tysons Corner,96000,96000,96000,true,point_estimate,USD,Unspecified,Mid-level,,false,false,2025-12-11,Adzuna
Research Data Scientist,AI / ML Research,Stanford University,United States,Stanford,176000,176000,176000,true,point_estimate,USD,Unspecified,Management,,false,false,2025-06-17,Adzuna
Lead Data Scientist,Data Scientist,HCA Healthcare,United States,Nashville,134000,134000,134000,true,point_estimate,USD,Unspecified,Lead,,false,false,2025-12-18,Adzuna
Sr. Data Scientist,Data Scientist,Insight Global,United States,Silver Lane,112000,112000,112000,true,point_estimate,USD,Unspecified,Senior,,false,false,2026-02-07,Adzuna
Data Scientist II,Data Scientist,RELX INC,United States,Alpharetta,155000,155000,155000,true,point_estimate,USD,Unspecified,Mid-level,,false,false,2026-01-13,Adzuna
"Data Scientist, Online",Data Scientist,Home Depot,United States,Atlanta,150000,150000,150000,true,point_estimate,USD,Unspecified,Mid-level,,false,false,2026-02-13,Adzuna
Data Scientist II,Data Scientist,RELX INC,United States,Minneapolis,145000,145000,145000,true,point_estimate,USD,Unspecified,Mid-level,,false,true,2026-01-13,Adzuna
Data Scientist with Security Clearance,Data Scientist,B/Core,United States,Fairfax,134000,134000,134000,true,point_estimate,USD,Unspecified,Mid-level,,false,false,2026-02-21,Adzuna
Data Scientist with Security Clearance,Data Scientist,Altamira,United States,East Lake-Orient Park,149000,149000,149000,true,point_estimate,USD,Unspecified,Mid-level,,false,false,2026-02-21,Adzuna
Data Scientist (REMOTE),Data Scientist,Sedgwick,United States,Des Moines,68000,68000,68000,true,point_estimate,USD,Remote,Mid-level,,false,false,2025-11-20,Adzuna
Data Scientist (REMOTE),Data Scientist,Sedgwick,United States,Iowa,76000,76000,76000,true,point_estimate,USD,Remote,Mid-level,,false,true,2025-11-20,Adzuna
Data Scientist (REMOTE),Data Scientist,Sedgwick,United States,East Dubuque,70000,70000,70000,true,point_estimate,USD,Remote,Mid-level,,false,true,2025-11-20,Adzuna
Data Scientist (REMOTE),Data Scientist,Sedgwick,United States,Cedar Rapids,90000,90000,90000,true,point_estimate,USD,Remote,Mid-level,,false,true,2025-11-20,Adzuna
Data Scientist (REMOTE),Data Scientist,Sedgwick,United States,Wichita,79000,79000,79000,true,point_estimate,USD,Remote,Mid-level,,false,true,2025-11-20,Adzuna
Data Scientist (REMOTE),Data Scientist,Sedgwick,United States,Saint Andrews,92000,92000,92000,true,point_estimate,USD,Remote,Mid-level,,false,true,2025-11-20,Adzuna
Data Scientist (REMOTE),Data Scientist,Sedgwick,United States,Uptown,86000,86000,86000,true,point_estimate,USD,Remote,Mid-level,,false,true,2025-11-20,Adzuna
Data Scientist (REMOTE),Data Scientist,Sedgwick,United States,Phoenix,67000,67000,67000,true,point_estimate,USD,Remote,Mid-level,,false,true,2025-11-20,Adzuna
Data Scientist (REMOTE),Data Scientist,Sedgwick,United States,Tucson,76000,76000,76000,true,point_estimate,USD,Remote,Mid-level,,false,true,2025-11-20,Adzuna
Data Scientist (REMOTE),Data Scientist,Sedgwick,United States,Williams,67000,67000,67000,true,point_estimate,USD,Remote,Mid-level,,false,true,2025-11-20,Adzuna
Data Scientist (REMOTE),Data Scientist,Sedgwick,United States,West Biloxi,70000,70000,70000,true,point_estimate,USD,Remote,Mid-level,,false,true,2025-11-20,Adzuna
Data Scientist (REMOTE),Data Scientist,Sedgwick,United States,Jackson,64000,64000,64000,true,point_estimate,USD,Remote,Mid-level,,false,true,2025-11-20,Adzuna
Data Scientist (REMOTE),Data Scientist,Sedgwick,United States,Lexington,74000,74000,74000,true,point_estimate,USD,Remote,Mid-level,,false,true,2025-11-20,Adzuna
Data Scientist (REMOTE),Data Scientist,Sedgwick,United States,Frankfort,76000,76000,76000,true,point_estimate,USD,Remote,Mid-level,,false,true,2025-11-20,Adzuna
Data Scientist (REMOTE),Data Scientist,Sedgwick,United States,State House,87000,87000,87000,true,point_estimate,USD,Remote,Mid-level,,false,true,2025-11-20,Adzuna
Data Scientist (REMOTE),Data Scientist,Sedgwick,United States,Benson,69000,69000,69000,true,point_estimate,USD,Remote,Mid-level,,false,true,2025-11-20,Adzuna
Data Scientist (REMOTE),Data Scientist,Sedgwick,United States,Southaven,93000,93000,93000,true,point_estimate,USD,Remote,Mid-level,,false,true,2025-11-20,Adzuna
Data Scientist (REMOTE),Data Scientist,Sedgwick,United States,Strathmoor Manor,70000,70000,70000,true,point_estimate,USD,Remote,Mid-level,,false,true,2025-11-20,Adzuna
Data Scientist (REMOTE),Data Scientist,Sedgwick,United States,Oklahoma City,69000,69000,69000,true,point_estimate,USD,Remote,Mid-level,,false,true,2025-11-20,Adzuna
Data Scientist (REMOTE),Data Scientist,Sedgwick,United States,Eastside,90000,90000,90000,true,point_estimate,USD,Remote,Mid-level,,false,true,2025-11-20,Adzuna
Data Scientist (REMOTE),Data Scientist,Sedgwick,United States,Cammack Village,106000,106000,106000,true,point_estimate,USD,Remote,Mid-level,,false,true,2025-11-20,Adzuna
Data Scientist (REMOTE),Data Scientist,Sedgwick,United States,Topeka,72000,72000,72000,true,point_estimate,USD,Remote,Mid-level,,false,true,2025-11-20,Adzuna
Data Scientist (REMOTE),Data Scientist,Sedgwick,United States,Quivira,79000,79000,79000,true,point_estimate,USD,Remote,Mid-level,,false,true,2025-11-20,Adzuna
Data Scientist (REMOTE),Data Scientist,Sedgwick,United States,Edgewood,70000,70000,70000,true,point_estimate,USD,Remote,Mid-level,,false,true,2025-11-20,Adzuna
Data Scientist (REMOTE),Data Scientist,Sedgwick,United States,Nashville,73000,73000,73000,true,point_estimate,USD,Remote,Mid-level,,false,true,2025-11-20,Adzuna
Data Scientist (REMOTE),Data Scientist,Sedgwick,United States,Cloverdale,80000,80000,80000,true,point_estimate,USD,Remote,Mid-level,,false,true,2025-11-20,Adzuna
Data Scientist (REMOTE),Data Scientist,Sedgwick,United States,Lonsdale,77000,77000,77000,true,point_estimate,USD,Remote,Mid-level,,false,true,2025-11-20,Adzuna
Data Scientist (REMOTE),Data Scientist,Sedgwick,United States,Bellemont,78000,78000,78000,true,point_estimate,USD,Remote,Mid-level,,false,true,2025-11-20,Adzuna
Data Scientist (REMOTE),Data Scientist,Sedgwick,United States,Kansas City,105000,105000,105000,true,point_estimate,USD,Remote,Mid-level,,false,true,2025-11-20,Adzuna
Data Scientist (REMOTE),Data Scientist,Sedgwick,United States,Wellston,73000,73000,73000,true,point_estimate,USD,Remote,Mid-level,,false,true,2025-11-20,Adzuna
Data Scientist (REMOTE),Data Scientist,Sedgwick,United States,Cedar,75000,75000,75000,true,point_estimate,USD,Remote,Mid-level,,false,true,2025-11-20,Adzuna
Data Scientist (REMOTE),Data Scientist,Sedgwick,United States,Five Points,79000,79000,79000,true,point_estimate,USD,Remote,Mid-level,,false,true,2025-11-20,Adzuna
Data Scientist (REMOTE),Data Scientist,Sedgwick,United States,Atlanta,99000,99000,99000,true,point_estimate,USD,Remote,Mid-level,,false,true,2025-11-20,Adzuna
Data Scientist (REMOTE),Data Scientist,Sedgwick,United States,Haymount,87000,87000,87000,true,point_estimate,USD,Remote,Mid-level,,false,true,2025-11-20,Adzuna
Data Scientist (REMOTE),Data Scientist,Sedgwick,United States,Greensboro Ndc,71000,71000,71000,true,point_estimate,USD,Remote,Mid-level,,false,true,2025-11-20,Adzuna
Data Scientist (REMOTE),Data Scientist,Sedgwick,United States,Charlotte,69000,69000,69000,true,point_estimate,USD,Remote,Mid-level,,false,true,2025-11-20,Adzuna
Data Scientist with Security Clearance,Data Scientist,BTI360,United States,Herndon,161000,161000,161000,true,point_estimate,USD,Unspecified,Mid-level,,false,false,2026-02-21,Adzuna
Data Scientist with Security Clearance,Data Scientist,NT Concepts,United States,Chantilly,150000,150000,150000,true,point_estimate,USD,Hybrid,Mid-level,,false,false,2026-02-21,Adzuna
"Manager, Data Scientist",Data Scientist,Capital One,United States,New York City,265000,265000,265000,true,point_estimate,USD,Unspecified,Management,,false,false,2026-02-19,Adzuna
Sr. Data Scientist,Data Scientist,Molson Coors Beverage Company,United States,West Milwaukee,158000,158000,158000,true,point_estimate,USD,Unspecified,Senior,,false,false,2026-02-19,Adzuna
Data Scientist with Security Clearance,Data Scientist,SAIC,United States,Chantilly,141000,141000,141000,true,point_estimate,USD,Unspecified,Mid-level,,false,false,2026-02-22,Adzuna
Data Scientist with Security Clearance,Data Scientist,Altamira,United States,Fairfax,108000,108000,108000,true,point_estimate,USD,Unspecified,Mid-level,,false,false,2026-02-21,Adzuna
Data Scientist with Security Clearance,Data Scientist,GRVTY,United States,Chantilly,130000,130000,130000,true,point_estimate,USD,Unspecified,Mid-level,"AWS, NLP, Computer Vision",false,false,2026-02-21,Adzuna
Data Scientist with Security Clearance,Data Scientist,@Orchard,United States,Chantilly,166000,166000,166000,true,point_estimate,USD,Unspecified,Mid-level,,false,false,2026-02-21,Adzuna
Principal Data Scientist,Data Scientist,Oracle,United States,International,183000,183000,183000,true,point_estimate,USD,Unspecified,Lead,,false,false,2026-02-11,Adzuna
Principal Data Scientist,Data Scientist,Oracle,United States,Portola Valley,240000,240000,240000,true,point_estimate,USD,Unspecified,Lead,,false,true,2026-02-12,Adzuna
Advanced Data Scientist,Data Scientist,Honeywell,United States,Atlanta,146000,146000,146000,true,point_estimate,USD,Unspecified,Mid-level,,false,false,2026-02-11,Adzuna
Data Scientist with Security Clearance,Data Scientist,UICGS and Bowhead Family of Companies,United States,Fort Belvoir,128000,128000,128000,true,point_estimate,USD,Unspecified,Lead,,false,false,2026-02-21,Adzuna
Geospatial Data Scientist,Data Scientist,BAE Systems,United States,Aurora,117000,117000,117000,true,point_estimate,USD,Unspecified,Lead,,false,false,2026-01-28,Adzuna
Senior Data Scientist,Data Scientist,Ford Motor Company,United States,Dearborn,105000,105000,105000,true,point_estimate,USD,Unspecified,Senior,,false,false,2025-11-07,Adzuna
Lead Data Scientist,Data Scientist,World Wide Technology,United States,Maryland Heights,215000,215000,215000,true,point_estimate,USD,Unspecified,Lead,,false,false,2026-02-05,Adzuna
Lead Data Scientist,Data Scientist,RELX INC,United States,Alpharetta,197000,197000,197000,true,point_estimate,USD,Unspecified,Lead,"AWS, Azure",false,false,2026-01-23,Adzuna
Data Scientist with Security Clearance,Data Scientist,Weeghman & Briggs,United States,Savage,191000,191000,191000,true,point_estimate,USD,Unspecified,Mid-level,,false,false,2026-02-21,Adzuna
Data Scientist with Security Clearance,Data Scientist,IO Associates,United States,"Washington, D.C.",249000,249000,249000,true,point_estimate,USD,Unspecified,Mid-level,,false,false,2025-08-01,Adzuna
Data Scientist with Security Clearance,Data Scientist,GeoYeti,United States,Dulles Town Center,153000,153000,153000,true,point_estimate,USD,Unspecified,Mid-level,,false,false,2026-02-21,Adzuna
Senior Data Scientist,Data Scientist,SAIC,United States,Fort George G Meade,259000,259000,259000,true,point_estimate,USD,Unspecified,Senior,,false,false,2025-06-12,Adzuna
"Principal, Data Scientist",Data Scientist,American Tower,United States,Reading,150000,150000,150000,true,point_estimate,USD,Unspecified,Lead,,false,false,2026-01-10,Adzuna
Senior Data Scientist,Data Scientist,General Dynamics Information Technology,United States,"Washington, D.C.",94000,94000,94000,true,point_estimate,USD,Unspecified,Senior,AWS,false,false,2026-02-07,Adzuna
Data Scientist with Security Clearance,Data Scientist,Booz Allen Hamilton,United States,West Falls Church,184000,184000,184000,true,point_estimate,USD,Unspecified,Mid-level,,false,false,2026-02-21,Adzuna
Data Scientist with Security Clearance,Data Scientist,Thomson Reuter Special Services,United States,Dulles Town Center,303000,303000,303000,true,point_estimate,USD,Unspecified,Mid-level,,false,false,2025-08-12,Adzuna
Data Scientist with Security Clearance,Data Scientist,Waypoint Human Capital,United States,Chantilly,144000,144000,144000,true,point_estimate,USD,Onsite,Mid-level,,false,false,2026-02-21,Adzuna
Data Scientist with Security Clearance,Data Scientist,"Elder Research, Inc.",United States,Lanham Seabrook,173000,173000,173000,true,point_estimate,USD,Remote,Mid-level,,false,false,2026-02-21,Adzuna
Principal Data Scientist,Data Scientist,Microsoft Corporation,United States,Redmond,270000,270000,270000,true,point_estimate,USD,Unspecified,Lead,,false,false,2026-02-13,Adzuna
Data Scientist with Security Clearance,Data Scientist,CCS Global Tech,United States,Pimmit,98000,98000,98000,true,point_estimate,USD,Unspecified,Lead,Python,false,false,2026-02-21,Adzuna
Data Scientist with Security Clearance,Data Scientist,SOSi,United States,Chantilly,72000,72000,72000,true,point_estimate,USD,Unspecified,Mid-level,,false,false,2026-02-21,Adzuna
Data Scientist with Security Clearance,Data Scientist,"People, Technology and Processes LLC",United States,Crystal,111000,111000,111000,true,point_estimate,USD,Remote,Mid-level,,false,false,2026-02-21,Adzuna
Data Scientist with Security Clearance,Data Scientist,CACI,United States,Chantilly,137000,137000,137000,true,point_estimate,USD,Unspecified,Mid-level,,false,false,2026-02-21,Adzuna
Data Scientist with Security Clearance,Data Scientist,Insight Xcite LLC,United States,Fairfax,114000,114000,114000,true,point_estimate,USD,Unspecified,Mid-level,,false,false,2026-02-21,Adzuna
Data Scientist I,Data Scientist,Battelle Memorial Institute,United States,Fort Bragg,76000,76000,76000,true,point_estimate,USD,Unspecified,Mid-level,,false,false,2025-12-30,Adzuna
Data Scientist II,Data Scientist,Battelle Memorial Institute,United States,Fort Bragg,85000,85000,85000,true,point_estimate,USD,Unspecified,Mid-level,,false,false,2025-12-30,Adzuna
Data Scientist I,Data Scientist,Battelle Memorial Institute,United States,Fort Campbell,73000,73000,73000,true,point_estimate,USD,Unspecified,Mid-level,,false,true,2025-12-30,Adzuna
Lead Data Scientist,Data Scientist,TEKsystems,United States,Grandview Heights,177000,177000,177000,true,point_estimate,USD,Unspecified,Lead,,false,false,2026-02-13,Adzuna
Data Scientist I,Data Scientist,Battelle Memorial Institute,United States,Cannon Air Force Base,83000,83000,83000,true,point_estimate,USD,Unspecified,Mid-level,,false,true,2025-12-30,Adzuna
Data Scientist I,Data Scientist,Battelle Memorial Institute,United States,Phenix City,74000,74000,74000,true,point_estimate,USD,Unspecified,Mid-level,,false,true,2025-11-05,Adzuna
Data Scientist II,Data Scientist,Battelle Memorial Institute,United States,Sneads Ferry,83000,83000,83000,true,point_estimate,USD,Unspecified,Mid-level,,false,true,2025-11-05,Adzuna
Data Scientist I,Data Scientist,Battelle Memorial Institute,United States,Sneads Ferry,75000,75000,75000,true,point_estimate,USD,Unspecified,Mid-level,,false,true,2025-11-05,Adzuna
Senior Data Scientist,Data Scientist,Edward Jones,United States,Wellston,88000,88000,88000,true,point_estimate,USD,Unspecified,Senior,,false,false,2026-01-08,Adzuna
Senior Data Scientist,Data Scientist,Edward Jones,United States,Guadalupe,131000,131000,131000,true,point_estimate,USD,Unspecified,Senior,,false,true,2026-01-08,Adzuna
"Data Scientist, Algorithms",Data Scientist,Lyft,United States,International,146000,146000,146000,true,point_estimate,USD,Unspecified,Mid-level,,false,false,2026-02-04,Adzuna
"Data Scientist, Algorithms",Data Scientist,Lyft,United States,SoMa,166000,166000,166000,true,point_estimate,USD,Unspecified,Mid-level,,false,true,2026-02-04,Adzuna
Data Scientist with Security Clearance,Data Scientist,GeoYeti,United States,Herndon,190000,190000,190000,true,point_estimate,USD,Unspecified,Mid-level,,false,false,2026-02-21,Adzuna
LLM Engineer (Offshore - INTL - India),NLP / LLM Engineering,Insight Global,United States,Boston,66000,66000,66000,true,point_estimate,USD,Unspecified,Mid-level,,false,false,2026-02-13,Adzuna
LLM Engineer,NLP / LLM Engineering,Software Applicationsorporated,United States,San Francisco,106000,106000,106000,true,point_estimate,USD,Unspecified,Mid-level,Fine-tuning,false,false,2025-07-29,Adzuna
LLM Engineer,NLP / LLM Engineering,Luminary Cloud,United States,San Mateo,212000,212000,212000,true,point_estimate,USD,Unspecified,Mid-level,,false,false,2026-02-06,Adzuna
Large Language Model (LLM) Engineer with Security Clearance,NLP / LLM Engineering,@Orchard,United States,Fairfax,219000,219000,219000,true,point_estimate,USD,Remote,Mid-level,,false,false,2026-02-21,Adzuna
Lead LLM Engineer,NLP / LLM Engineering,RENFROE,United States,,92000,92000,92000,true,point_estimate,USD,Unspecified,Lead,"Azure, Fine-tuning",false,false,2025-08-17,Adzuna
LLM Engineer (Remote),NLP / LLM Engineering,Clear Fracture,United States,,130000,170000,150000,false,range,USD,Remote,Mid-level,,false,false,2026-01-25,Adzuna
Senior LLM Engineer,NLP / LLM Engineering,Conviva,United States,Foster City,225000,225000,225000,true,point_estimate,USD,Unspecified,Senior,,false,false,2025-06-07,Adzuna
AI/LLM Engineer,NLP / LLM Engineering,Tamarind Bio,United States,San Francisco,150000,250000,200000,false,range,USD,Unspecified,Mid-level,,false,false,2026-01-09,Adzuna
Prompt/LLM Engineer,NLP / LLM Engineering,nimble international,United States,,90000,90000,90000,true,point_estimate,USD,Unspecified,Mid-level,,false,false,2025-10-18,Adzuna
AI/LLM Engineer,NLP / LLM Engineering,Trellis,United States,,109000,109000,109000,true,point_estimate,USD,Unspecified,Mid-level,,false,false,2025-10-12,Adzuna
LLM Engineering Aide Intern,NLP / LLM Engineering,NorthMark Strategies,United States,Dallas,80000,80000,80000,true,point_estimate,USD,Unspecified,Mid-level,,true,false,2026-02-11,Adzuna
"LLM Engineer (GenAI, NYC)",NLP / LLM Engineering,GPTZero,United States,New York City,150000,230000,190000,false,range,USD,Unspecified,Lead,AWS,false,false,2025-10-17,Adzuna
Large Language Model (LLM) Engineer,NLP / LLM Engineering,Orchard,United States,Mc Lean,140000,160000,150000,false,range,USD,Remote,Mid-level,,false,false,2025-08-22,Adzuna
ML/LLM Operations Engineer,MLOps / ML Infrastructure,Evolent,United States,Tumwater,98000,98000,98000,true,point_estimate,USD,Unspecified,Mid-level,,false,false,2026-01-31,Adzuna
ML/LLM Operations Engineer,MLOps / ML Infrastructure,Evolent,United States,Madison,98000,98000,98000,true,point_estimate,USD,Unspecified,Mid-level,,false,true,2026-01-31,Adzuna
ML/LLM Operations Engineer,MLOps / ML Infrastructure,Evolent,United States,Phoenix,92000,92000,92000,true,point_estimate,USD,Unspecified,Mid-level,,false,true,2026-01-31,Adzuna
ML/LLM Operations Engineer,MLOps / ML Infrastructure,Evolent,United States,Des Moines,94000,94000,94000,true,point_estimate,USD,Unspecified,Mid-level,,false,true,2026-01-31,Adzuna
ML/LLM Operations Engineer,MLOps / ML Infrastructure,Evolent,United States,Helena,98000,98000,98000,true,point_estimate,USD,Unspecified,Mid-level,,false,true,2026-01-31,Adzuna
ML/LLM Operations Engineer,MLOps / ML Infrastructure,Evolent,United States,Charleston,99000,99000,99000,true,point_estimate,USD,Unspecified,Mid-level,,false,true,2026-01-31,Adzuna
ML/LLM Operations Engineer,MLOps / ML Infrastructure,Evolent,United States,Grandview Heights,119000,119000,119000,true,point_estimate,USD,Unspecified,Mid-level,,false,true,2026-01-31,Adzuna
ML/LLM Operations Engineer,MLOps / ML Infrastructure,Evolent,United States,Uptown,118000,118000,118000,true,point_estimate,USD,Unspecified,Mid-level,,false,true,2026-01-31,Adzuna
ML/LLM Operations Engineer,MLOps / ML Infrastructure,Evolent,United States,Bonnie,99000,99000,99000,true,point_estimate,USD,Unspecified,Mid-level,,false,true,2026-01-31,Adzuna
ML/LLM Operations Engineer,MLOps / ML Infrastructure,Evolent,United States,Montpelier,94000,94000,94000,true,point_estimate,USD,Unspecified,Mid-level,,false,true,2026-01-31,Adzuna
ML/LLM Operations Engineer,MLOps / ML Infrastructure,Evolent,United States,Concord,143000,143000,143000,true,point_estimate,USD,Unspecified,Mid-level,,false,true,2026-01-31,Adzuna
ML/LLM Operations Engineer,MLOps / ML Infrastructure,Evolent,United States,Wake Island,89000,89000,89000,true,point_estimate,USD,Unspecified,Mid-level,,false,true,2026-01-31,Adzuna
ML/LLM Operations Engineer,MLOps / ML Infrastructure,Evolent,United States,State House,119000,119000,119000,true,point_estimate,USD,Unspecified,Mid-level,,false,true,2026-01-31,Adzuna
ML/LLM Operations Engineer,MLOps / ML Infrastructure,Evolent,United States,Atlanta,136000,136000,136000,true,point_estimate,USD,Unspecified,Mid-level,,false,true,2026-01-31,Adzuna
ML/LLM Operations Engineer,MLOps / ML Infrastructure,Evolent,United States,Glendale,114000,114000,114000,true,point_estimate,USD,Unspecified,Mid-level,,false,true,2026-01-31,Adzuna
ML/LLM Operations Engineer,MLOps / ML Infrastructure,Evolent,United States,Cedar,103000,103000,103000,true,point_estimate,USD,Unspecified,Mid-level,,false,true,2026-01-31,Adzuna
ML/LLM Operations Engineer,MLOps / ML Infrastructure,Evolent,United States,Saint Paul,95000,95000,95000,true,point_estimate,USD,Unspecified,Mid-level,,false,true,2026-01-31,Adzuna
ML/LLM Operations Engineer,MLOps / ML Infrastructure,Evolent,United States,Cammack Village,145000,145000,145000,true,point_estimate,USD,Unspecified,Mid-level,,false,true,2026-01-31,Adzuna
ML/LLM Operations Engineer,MLOps / ML Infrastructure,Evolent,United States,Augusta,129000,129000,129000,true,point_estimate,USD,Unspecified,Mid-level,,false,true,2026-01-31,Adzuna
ML/LLM Operations Engineer,MLOps / ML Infrastructure,Evolent,United States,Topeka,98000,98000,98000,true,point_estimate,USD,Unspecified,Mid-level,,false,true,2026-01-31,Adzuna
ML/LLM Operations Engineer,MLOps / ML Infrastructure,Evolent,United States,Archer,112000,112000,112000,true,point_estimate,USD,Unspecified,Mid-level,,false,true,2026-01-31,Adzuna
ML/LLM Operations Engineer,MLOps / ML Infrastructure,Evolent,United States,Edgewood,96000,96000,96000,true,point_estimate,USD,Unspecified,Mid-level,,false,true,2026-01-31,Adzuna
ML/LLM Operations Engineer,MLOps / ML Infrastructure,Evolent,United States,Jackson,88000,88000,88000,true,point_estimate,USD,Unspecified,Mid-level,,false,true,2026-01-31,Adzuna
ML/LLM Operations Engineer,MLOps / ML Infrastructure,Evolent,United States,Lansing,101000,101000,101000,true,point_estimate,USD,Unspecified,Mid-level,,false,true,2026-01-31,Adzuna
ML/LLM Operations Engineer,MLOps / ML Infrastructure,Evolent,United States,Mongmong,108000,108000,108000,true,point_estimate,USD,Unspecified,Mid-level,,false,true,2026-01-31,Adzuna
ML/LLM Operations Engineer,MLOps / ML Infrastructure,Evolent,United States,Bismarck,92000,92000,92000,true,point_estimate,USD,Unspecified,Mid-level,,false,true,2026-01-31,Adzuna
ML/LLM Operations Engineer,MLOps / ML Infrastructure,Evolent,United States,Wyoming,122000,122000,122000,true,point_estimate,USD,Unspecified,Mid-level,,false,true,2026-01-31,Adzuna
ML/LLM Operations Engineer,MLOps / ML Infrastructure,Evolent,United States,Boise,95000,95000,95000,true,point_estimate,USD,Unspecified,Mid-level,,false,true,2026-01-31,Adzuna
ML/LLM Operations Engineer,MLOps / ML Infrastructure,Evolent,United States,Nashville,100000,100000,100000,true,point_estimate,USD,Unspecified,Mid-level,,false,true,2026-01-31,Adzuna
ML/LLM Operations Engineer,MLOps / ML Infrastructure,Evolent,United States,Five Points,108000,108000,108000,true,point_estimate,USD,Unspecified,Mid-level,,false,true,2026-01-31,Adzuna
ML/LLM Operations Engineer,MLOps / ML Infrastructure,Evolent,United States,Carson Mall,102000,102000,102000,true,point_estimate,USD,Unspecified,Mid-level,,false,true,2026-01-31,Adzuna
ML/LLM Operations Engineer,MLOps / ML Infrastructure,Evolent,United States,Salem,92000,92000,92000,true,point_estimate,USD,Unspecified,Mid-level,,false,true,2026-01-31,Adzuna
ML/LLM Operations Engineer,MLOps / ML Infrastructure,Evolent,United States,Baton Rouge,94000,94000,94000,true,point_estimate,USD,Unspecified,Mid-level,,false,true,2026-01-31,Adzuna
ML/LLM Operations Engineer,MLOps / ML Infrastructure,Evolent,United States,Oklahoma City,95000,95000,95000,true,point_estimate,USD,Unspecified,Mid-level,,false,true,2026-01-31,Adzuna
ML/LLM Operations Engineer,MLOps / ML Infrastructure,Evolent,United States,Frankfort,105000,105000,105000,true,point_estimate,USD,Unspecified,Mid-level,,false,true,2026-01-31,Adzuna
ML/LLM Operations Engineer,MLOps / ML Infrastructure,Evolent,United States,Chisolm,86000,86000,86000,true,point_estimate,USD,Unspecified,Mid-level,,false,true,2026-01-31,Adzuna
ML/LLM Operations Engineer,MLOps / ML Infrastructure,Evolent,United States,Trenton,102000,102000,102000,true,point_estimate,USD,Unspecified,Mid-level,,false,true,2026-01-31,Adzuna
ML/LLM Operations Engineer,MLOps / ML Infrastructure,Evolent,United States,Boston,91000,91000,91000,true,point_estimate,USD,Unspecified,Mid-level,,false,true,2026-01-31,Adzuna
ML/LLM Operations Engineer,MLOps / ML Infrastructure,Evolent,United States,Ny State Campus,108000,108000,108000,true,point_estimate,USD,Unspecified,Mid-level,,false,true,2026-01-31,Adzuna
ML/LLM Operations Engineer,MLOps / ML Infrastructure,Evolent,United States,Pierre,145000,145000,145000,true,point_estimate,USD,Unspecified,Mid-level,,false,true,2026-01-31,Adzuna
ML/LLM Operations Engineer,MLOps / ML Infrastructure,Evolent,United States,Talcott Village,104000,104000,104000,true,point_estimate,USD,Unspecified,Mid-level,,false,true,2026-01-31,Adzuna
ML/LLM Operations Engineer,MLOps / ML Infrastructure,Evolent,United States,"Washington, D.C.",98000,98000,98000,true,point_estimate,USD,Unspecified,Mid-level,,false,true,2026-01-31,Adzuna
ML/LLM Operations Engineer,MLOps / ML Infrastructure,Evolent,United States,Urbanización El Vedado,94000,94000,94000,true,point_estimate,USD,Unspecified,Mid-level,,false,true,2026-01-31,Adzuna
ML/LLM Operations Engineer,MLOps / ML Infrastructure,Evolent,United States,Providence,99000,99000,99000,true,point_estimate,USD,Unspecified,Mid-level,,false,true,2026-01-31,Adzuna
ML/LLM Operations Engineer,MLOps / ML Infrastructure,Evolent,United States,La Cienga,133000,133000,133000,true,point_estimate,USD,Unspecified,Mid-level,,false,true,2026-01-31,Adzuna
ML/LLM Operations Engineer,MLOps / ML Infrastructure,Evolent,United States,Annapolis,119000,119000,119000,true,point_estimate,USD,Unspecified,Mid-level,,false,true,2026-01-31,Adzuna
ML/LLM Operations Engineer,MLOps / ML Infrastructure,Evolent,United States,Sacramento,103000,103000,103000,true,point_estimate,USD,Unspecified,Mid-level,,false,true,2026-02-20,Adzuna
R&D Senior LLM Engineer (Temp),NLP / LLM Engineering,The New York Times,United States,New York City,225000,256000,240500,false,range,USD,Unspecified,Senior,R,false,false,2026-02-14,Adzuna
LLM Engineer - (Hybrid- Greenfield AI Project),NLP / LLM Engineering,Match Made Tech,United States,Los Angeles,156000,198000,177000,false,range,USD,Remote,Lead,,false,false,2026-01-26,Adzuna
Applied LLM Engineer - Cyber Risk & RAG Systems,NLP / LLM Engineering,S3,United States,Iselin,239000,,239000,true,point_estimate,USD,Remote,Mid-level,RAG,false,false,2026-02-22,Adzuna
LLM Platform Engineer,NLP / LLM Engineering,Bright Vision Technologies,United States,,82000,82000,82000,true,point_estimate,USD,Unspecified,Mid-level,,false,false,2026-02-13,Adzuna
LLM Ops Engineer,MLOps / ML Infrastructure,HirexHire,United States,Denver,134000,134000,134000,true,point_estimate,USD,Unspecified,Mid-level,,false,false,2025-12-14,Adzuna
LLM Ops Engineer,MLOps / ML Infrastructure,HirexHire,United States,Edgewater,172000,172000,172000,true,point_estimate,USD,Unspecified,Mid-level,,false,true,2025-12-13,Adzuna
LLM Platform Engineer,NLP / LLM Engineering,Whatnot,United States,San Francisco,245000,345000,295000,false,range,USD,Remote,Mid-level,,false,false,2026-02-07,Adzuna
LLM Inference Engineer,NLP / LLM Engineering,Periodic Labs,United States,Menlo Park,111000,111000,111000,true,point_estimate,USD,Unspecified,Mid-level,,false,false,2025-11-18,Adzuna
LLM Evaluation Engineer,NLP / LLM Engineering,ThirdLaw,United States,,176000,176000,176000,true,point_estimate,USD,Unspecified,Mid-level,,false,false,2024-12-10,Adzuna
Senior LLM Research Engineer - Artificial Intelligence,AI / ML Research,Bloomberg,United States,New York City,296000,296000,296000,true,point_estimate,USD,Unspecified,Senior,Transformers,false,false,2026-02-18,Adzuna
LLM Applications Engineer (Enterprise),NLP / LLM Engineering,Rise Technical Recruitment,United States,San Francisco,120000,180000,150000,false,range,USD,Unspecified,Mid-level,,false,false,2026-02-13,Adzuna
AI/LLM Integration Engineer,NLP / LLM Engineering,Ironflow AI,United States,San Diego,191000,191000,191000,true,point_estimate,USD,Unspecified,Mid-level,,false,false,2025-11-17,Adzuna
Backend LLM / MCP Engineer,NLP / LLM Engineering,Recruiting From Scratch,United States,San Francisco,160000,220000,190000,false,range,USD,Unspecified,Mid-level,,false,false,2026-02-21,Adzuna
ML/LLM Operations Engineer,MLOps / ML Infrastructure,Evolent Health,United States,,120000,140000,130000,false,range,USD,Unspecified,Mid-level,,false,false,2026-02-01,Adzuna
AI LLM Retrieval Engineer,NLP / LLM Engineering,Titan AI,United States,,150000,225000,187500,false,range,USD,Unspecified,Mid-level,RAG,false,false,2026-01-09,Adzuna
ML/LLM Operations Engineer,MLOps / ML Infrastructure,Evolent,United States,Penbrook,94000,94000,94000,true,point_estimate,USD,Unspecified,Mid-level,,false,true,2026-01-31,Adzuna
ML/LLM Operations Engineer,MLOps / ML Infrastructure,Evolent,United States,Douglas,111000,111000,111000,true,point_estimate,USD,Unspecified,Mid-level,,false,true,2026-01-31,Adzuna
ML/LLM Operations Engineer,MLOps / ML Infrastructure,Evolent,United States,Capitol,96000,96000,96000,true,point_estimate,USD,Unspecified,Mid-level,,false,true,2026-01-31,Adzuna
ML/LLM Operations Engineer,MLOps / ML Infrastructure,Evolent,United States,Tallahassee,96000,96000,96000,true,point_estimate,USD,Unspecified,Mid-level,,false,true,2026-01-31,Adzuna
ML/LLM Operations Engineer,MLOps / ML Infrastructure,Evolent,United States,Springfield,97000,97000,97000,true,point_estimate,USD,Unspecified,Mid-level,,false,true,2026-01-31,Adzuna
Data & LLM Systems Engineer,NLP / LLM Engineering,AllSpice,United States,Boston,92000,92000,92000,true,point_estimate,USD,Unspecified,Mid-level,,false,false,2026-02-13,Adzuna
AI & LLM Workflow Engineer,NLP / LLM Engineering,Robert Half,United States,Illinois Medical District,92000,92000,92000,true,point_estimate,USD,Unspecified,Mid-level,,false,false,2026-01-27,Adzuna
Applied AI Engineer (LLM / GenAI Product Engineer),NLP / LLM Engineering,Vertex,United States,,168000,168000,168000,true,point_estimate,USD,Remote,Senior,RAG,false,false,2026-02-05,Adzuna
"Prompt Engineer / LLM Specialist, AVP",NLP / LLM Engineering,MUFG,United States,Tyler Park,100000,100000,100000,true,point_estimate,USD,Unspecified,Mid-level,,false,false,2026-01-30,Adzuna
Lead AI / LLM Systems Engineer – Egofold,NLP / LLM Engineering,Snail Games USA,United States,Culver City,110000,110000,110000,true,point_estimate,USD,Unspecified,Lead,,false,false,2026-02-19,Adzuna
Python Engineer - LLM & Cloud / Charlotte / Hybrid,NLP / LLM Engineering,Motion Recruitment Partners,United States,Charlotte,109000,109000,109000,true,point_estimate,USD,Hybrid,Mid-level,Python,false,false,2026-02-13,Adzuna
Senior High-Performance LLM Training Engineer,NLP / LLM Engineering,NVIDIA,United States,California,,356000,356000,true,point_estimate,USD,Unspecified,Senior,PyTorch,false,false,2025-07-29,Adzuna
Intern - AI Engineering LLM,NLP / LLM Engineering,Veolia,United States,Paramus,63000,63000,63000,true,point_estimate,USD,Unspecified,Mid-level,,true,false,2026-02-20,Adzuna
Software Engineer (LLM Products),NLP / LLM Engineering,Blue Rose Research,United States,,165000,210000,187500,false,range,USD,Unspecified,Mid-level,,false,false,2025-09-07,Adzuna
"Software Engineer, LLM & Automation",NLP / LLM Engineering,Basis Research Institute,United States,New York City,110000,110000,110000,true,point_estimate,USD,Unspecified,Mid-level,,false,false,2025-05-29,Adzuna
"Software Engineer, LLM Infrastructure",NLP / LLM Engineering,OpenReq,United States,Cupertino,210000,210000,210000,true,point_estimate,USD,Unspecified,Mid-level,Transformers,false,false,2025-07-31,Adzuna
LLM & AI- DevOps Engineer,NLP / LLM Engineering,Robert Half,United States,Illinois Medical District,104000,104000,104000,true,point_estimate,USD,Unspecified,Mid-level,,false,false,2026-01-27,Adzuna
AI Engineer — LLM Infra,NLP / LLM Engineering,Yutori,United States,San Francisco,123000,123000,123000,true,point_estimate,USD,Unspecified,Lead,,false,false,2025-07-29,Adzuna
Senior Software Engineer (LLM),NLP / LLM Engineering,Exadel,United States,,152000,152000,152000,true,point_estimate,USD,Unspecified,Senior,,false,false,2026-02-05,Adzuna
"Software Engineer, LLM Compilation",NLP / LLM Engineering,OpenReq,United States,Cupertino,180000,180000,180000,true,point_estimate,USD,Unspecified,Mid-level,Transformers,false,false,2025-07-31,Adzuna
LLM Algorithmic Optimization Engineer,NLP / LLM Engineering,NIO,United States,San Jose,143000,186000,164500,false,range,USD,Unspecified,Mid-level,,false,false,2024-12-15,Adzuna
Senior Lead AI Engineer (LLM Customization and Finetuning),NLP / LLM Engineering,Capital One,United States,New York City,200000,200000,200000,true,point_estimate,USD,Unspecified,Senior,,false,false,2026-02-05,Adzuna
Senior Lead AI Engineer (LLM Customization and Finetuning),NLP / LLM Engineering,Capital One,United States,Harvard Square,151000,151000,151000,true,point_estimate,USD,Unspecified,Senior,,false,true,2026-02-05,Adzuna
Senior AI/ML Engineer (LLM),NLP / LLM Engineering,iBusiness Funding,United States,Fort Lauderdale,170000,210000,190000,false,range,USD,Unspecified,Senior,,false,false,2026-02-22,Adzuna
"Prompt Engineer / LLM Specialist, AVP",NLP / LLM Engineering,Mitsubishi UFJ Financial Group,United States,Jersey City,108000,146000,127000,false,range,USD,Unspecified,Mid-level,,false,false,2026-01-31,Adzuna
Senior Backend Engineer (LLM Automation),NLP / LLM Engineering,Hitachi Digital Services,United States,Dallas,172000,172000,172000,true,point_estimate,USD,Unspecified,Senior,,false,false,2025-12-11,Adzuna
"Senior Software Engineer, LLM Performance",NLP / LLM Engineering,Parasail,United States,San Francisco,211000,211000,211000,true,point_estimate,USD,Unspecified,Senior,,false,false,2026-02-05,Adzuna
Staff Software Development Engineer (LLM),NLP / LLM Engineering,Fortinet,United States,Sunnyvale,196000,219000,207500,false,range,USD,Unspecified,Lead,,false,false,2025-05-06,Adzuna
LLM Algorithmic Optimization Engineer - Intern,NLP / LLM Engineering,NIO,United States,San Jose,79000,96000,87500,false,range,USD,Unspecified,Mid-level,,true,false,2024-11-03,Adzuna
"Agentic AI / Python Lead Engineer (API, Microservices, LLM) - Senior Lead Software Engineer",NLP / LLM Engineering,JPMorgan Chase,United States,Tyler Park,266000,266000,266000,true,point_estimate,USD,Unspecified,Senior,Python,false,false,2026-01-23,Adzuna
Test Engineer-AI/LLM,NLP / LLM Engineering,OPPO US Research Center,United States,Palo Alto,102000,102000,102000,true,point_estimate,USD,Unspecified,Mid-level,,false,false,2025-06-30,Adzuna
AI/LLM Developer & Collaboration Portal Engineer with Security Clearance,NLP / LLM Engineering,Anonymous Employer,United States,Chantilly,125000,125000,125000,true,point_estimate,USD,Unspecified,Mid-level,,false,false,2025-08-13,Adzuna
Sr. Data Science ML Engineer,Machine Learning Engineer,Insight Global,United States,Charlotte,140000,140000,140000,true,point_estimate,USD,Unspecified,Senior,"Python, R, TensorFlow, Keras",false,false,2026-02-07,Adzuna
Backend Engineer Intern (LLM),NLP / LLM Engineering,Genies,United States,Los Angeles,83000,104000,93500,false,range,USD,Unspecified,Mid-level,,true,false,2025-11-21,Adzuna
Principal Engineer - GPU and LLM Infrastructure,NLP / LLM Engineering,Wells Fargo,United States,Concord,294000,294000,294000,true,point_estimate,USD,Unspecified,Lead,,false,false,2026-01-24,Adzuna
Principal Engineer - GPU and LLM Infrastructure,NLP / LLM Engineering,Wells Fargo,United States,Charlotte,198000,198000,198000,true,point_estimate,USD,Unspecified,Lead,,false,true,2026-01-24,Adzuna
Staff Core AI Engineer - LLM expert,NLP / LLM Engineering,Interface AI,United States,San Francisco,200000,240000,220000,false,range,USD,Unspecified,Lead,,false,false,2025-10-26,Adzuna
LLM/Machine Learning Engineering Summer Intern,NLP / LLM Engineering,Skyworks,United States,Irvine,68000,68000,68000,true,point_estimate,USD,Unspecified,Mid-level,,true,false,2026-01-21,Adzuna
Staff Software Engineer - LLM / AI Agents,NLP / LLM Engineering,Twilio,United States,,168000,210000,189000,false,range,USD,Remote,Lead,,false,false,2026-01-11,Adzuna
Engineering Manager - Forward Deployed Engineering (LLM),NLP / LLM Engineering,Baseten,United States,San Francisco,220000,285000,252500,false,range,USD,Unspecified,Management,Spark,false,false,2025-11-14,Adzuna
Software Engineer - LLM Applications and AI Agents,NLP / LLM Engineering,TikTok,United States,Campbell,149000,149000,149000,true,point_estimate,USD,Unspecified,Mid-level,,false,false,2025-05-08,Adzuna
AI Platform Engineer - LLM Agents & RAG,MLOps / ML Infrastructure,Signant Health,United States,,143000,143000,143000,true,point_estimate,USD,Unspecified,Mid-level,RAG,false,false,2026-02-21,Adzuna
Remote job- GenAI Support Engineer – LLM Agents & MCP,NLP / LLM Engineering,Veridian Tech,United States,,100000,108000,104000,false,range,USD,Remote,Mid-level,,false,false,2026-02-21,Adzuna
Senior Lead AI Engineer (LLM Customization and Finetuning),NLP / LLM Engineering,Capital One,United States,,230000,262000,246000,false,range,USD,Unspecified,Senior,,false,false,2026-02-05,Adzuna
"Senior Research Engineer, LLM Evaluation and Behavioral Analysis",AI / ML Research,Together AI,United States,San Francisco,220000,270000,245000,false,range,USD,Unspecified,Senior,,false,false,2025-12-14,Adzuna
Maching Learning Engineer - LLM & On Prem focus - PERM!,NLP / LLM Engineering,CyberCoders,United States,Duluth,193000,193000,193000,true,point_estimate,USD,Unspecified,Mid-level,R,false,false,2026-02-20,Adzuna
Senior Software Engineer LLM Inferencing and AI Gateway,NLP / LLM Engineering,Wells Fargo Bank,United States,Charlotte,100000,196000,148000,false,range,USD,Unspecified,Senior,,false,false,2026-01-25,Adzuna
"Senior Deep Learning Software Engineer, LLM Performance",NLP / LLM Engineering,NVIDIA,United States,California,,356000,356000,true,point_estimate,USD,Unspecified,Senior,,false,false,2025-05-21,Adzuna
Senior Lead AI Engineer (LLM Customization and Finetuning),NLP / LLM Engineering,Capital One,United States,Tysons Corner,171000,171000,171000,true,point_estimate,USD,Unspecified,Senior,,false,true,2026-02-05,Adzuna
Senior LLM / Machine Learning Engineer – Clinical Platforms,NLP / LLM Engineering,Boston Childrens Hospital,United States,,79000,126000,102500,false,range,USD,Unspecified,Senior,,false,false,2026-01-28,Adzuna
"Senior Software Engineer, TensorRT-LLM",NLP / LLM Engineering,NVIDIA,United States,California,,242000,242000,true,point_estimate,USD,Unspecified,Senior,,false,false,2025-11-03,Adzuna
"Principal Software Engineer, TensorRT-LLM",NLP / LLM Engineering,NVIDIA,United States,California,,431000,431000,true,point_estimate,USD,Unspecified,Lead,,false,false,2025-06-20,Adzuna
"Senior Software Engineer, AI/LLM",NLP / LLM Engineering,Bubble,United States,New York City,201000,261000,231000,false,range,USD,Unspecified,Senior,,false,false,2025-10-25,Adzuna
"Senior Software Engineer (Go, LLM)",NLP / LLM Engineering,Lineate,United States,,96000,96000,96000,true,point_estimate,USD,Unspecified,Senior,,false,false,2026-01-22,Adzuna
"Director of Engineering, Cortex LLM Platform",NLP / LLM Engineering,Snowflake,United States,Menlo Park,268000,380000,324000,false,range,USD,Unspecified,Lead,,false,false,2025-10-31,Adzuna
"Senior Machine Learning Engineer, LLM/VLM Visual Reasoning",NLP / LLM Engineering,Waymo,United States,San Francisco,116000,116000,116000,true,point_estimate,USD,Unspecified,Senior,,false,false,2026-01-11,Adzuna
Senior Math Libraries Engineer - LLM Integration and Developer Experience,NLP / LLM Engineering,NVIDIA,United States,California,,288000,288000,true,point_estimate,USD,Unspecified,Senior,Computer Vision,false,false,2026-01-22,Adzuna
"Agentic AI / Python Lead Engineer (API, Microservices, LLM) - Senior Lead Software Engineer",NLP / LLM Engineering,JPMorganChase,United States,Jersey City,171000,260000,215500,false,range,USD,Unspecified,Senior,Python,false,false,2026-01-21,Adzuna
"Lead AI Engineer (FM Hosting, LLM Inference)",NLP / LLM Engineering,Capital One,United States,Harvard Square,126000,126000,126000,true,point_estimate,USD,Unspecified,Lead,,false,false,2026-02-06,Adzuna
"Lead AI Engineer (FM Hosting, LLM Inference)",NLP / LLM Engineering,Capital One,United States,New York City,168000,168000,168000,true,point_estimate,USD,Unspecified,Lead,,false,true,2026-02-06,Adzuna
"Agentic AI / Python Lead Engineer (API, Microservices, LLM) - Senior Lead Software Engineer",NLP / LLM Engineering,"JPMorgan Chase Bank, N.A.",United States,Summit Avenue,264000,264000,264000,true,point_estimate,USD,Unspecified,Senior,Python,false,false,2026-02-21,Adzuna
Senior Data Engineer (GenAI & LLM Infrastructure),NLP / LLM Engineering,Proscia,United States,Middle West,150000,150000,150000,true,point_estimate,USD,Onsite,Senior,,false,false,2026-02-13,Adzuna
Senior Software Engineer - AI / LLM (Medhub),NLP / LLM Engineering,EvolutionIQ,United States,,185000,235000,210000,false,range,USD,Unspecified,Senior,,false,false,2025-12-21,Adzuna
AI/LLM Evaluation & Alignment Software Engineer,NLP / LLM Engineering,LeoTech,United States,Austin,153000,153000,153000,true,point_estimate,USD,Remote,Mid-level,,false,false,2025-09-18,Adzuna
"Senior Software Engineer, Go - LLM Team",NLP / LLM Engineering,AssemblyAI,United States,,180000,240000,210000,false,range,USD,Unspecified,Senior,,false,false,2025-12-14,Adzuna
Senior Machine Learning Engineer II - LLM,NLP / LLM Engineering,Moveworks,United States,Mountain View,137000,137000,137000,true,point_estimate,USD,Unspecified,Senior,,false,false,2025-09-14,Adzuna
Senior Data Engineer (GenAI & LLM Infrastructure),NLP / LLM Engineering,Proscia,United States,Philadelphia,139000,139000,139000,true,point_estimate,USD,Onsite,Senior,,false,false,2026-02-15,Adzuna
Principal Engineer - GPU and LLM Infrastructure,NLP / LLM Engineering,WELLS FARGO BANK,United States,Charlotte,159000,305000,232000,false,range,USD,Unspecified,Lead,,false,false,2026-01-25,Adzuna
Principal Engineer - GPU and LLM Infrastructure,NLP / LLM Engineering,Wells Fargo,United States,Irving,226000,226000,226000,true,point_estimate,USD,Unspecified,Lead,,false,true,2026-01-24,Adzuna
Managing Engineer (Python/AI LLM),NLP / LLM Engineering,Allstate,United States,,102000,102000,102000,true,point_estimate,USD,Unspecified,Lead,Python,false,false,2026-01-17,Adzuna
Senior Full Stack Engineer (AI/LLM Platform),NLP / LLM Engineering,Kasisto,United States,New York City,161000,161000,161000,true,point_estimate,USD,Remote,Senior,,false,false,2025-11-06,Adzuna
"Machine Learning Engineering Manager, LLM Serving & Infrastructure",NLP / LLM Engineering,Spotify,United States,,151000,151000,151000,true,point_estimate,USD,Unspecified,Management,,false,false,2026-02-21,Adzuna
Staff Machine Learning Engineer – VLM/LLM Evaluation,NLP / LLM Engineering,Waymo,United States,,91000,91000,91000,true,point_estimate,USD,Unspecified,Lead,,false,false,2026-02-08,Adzuna
"Research Engineer (LLM/ML/RL) - TikTok Ads Core ML, Ranking",AI / ML Research,TikTok,United States,Campbell,132000,132000,132000,true,point_estimate,USD,Unspecified,Mid-level,,false,false,2025-05-08,Adzuna
Member of Technical Staff - Code Generation,Other / Unclassified,Embedding VC,United States,San Mateo,202000,202000,202000,true,point_estimate,USD,Unspecified,Lead,,false,false,2026-01-09,Adzuna
Member of Technical Staff - Code Generation,Other / Unclassified,Moonlake,United States,San Mateo,150000,150000,150000,true,point_estimate,USD,Unspecified,Lead,,false,false,2026-02-18,Adzuna
"Senior AI Engineer (AI Foundations, LLM Core and Agentic AI)",NLP / LLM Engineering,Capital One,United States,Harvard Square,142000,142000,142000,true,point_estimate,USD,Unspecified,Senior,,false,false,2026-01-25,Adzuna
"Lead AI Engineer (AI Foundations, LLM Core and Agentic AI)",NLP / LLM Engineering,Capital One,United States,New York City,266000,266000,266000,true,point_estimate,USD,Unspecified,Lead,,false,false,2025-12-03,Adzuna
"Lead AI Engineer (AI Foundations, LLM Core and Agentic AI)",NLP / LLM Engineering,Capital One,United States,Harvard Square,137000,137000,137000,true,point_estimate,USD,Unspecified,Lead,,false,false,2026-01-03,Adzuna
"Senior AI Engineer (AI Foundations, LLM Core and Agentic AI)",NLP / LLM Engineering,Capital One,United States,New York City,214000,214000,214000,true,point_estimate,USD,Unspecified,Senior,,false,true,2026-01-19,Adzuna
Software Engineer - Cortex Apps (LLM Products),NLP / LLM Engineering,Snowflake,United States,Menlo Park,200000,288000,244000,false,range,USD,Unspecified,Mid-level,,false,false,2025-04-15,Adzuna
"Senior Power Analysis and Optimization Engineer, AI-LLM Systems",NLP / LLM Engineering,NVIDIA,United States,,,264000,264000,true,point_estimate,USD,Unspecified,Senior,,false,false,2026-01-25,Adzuna
Lead Software Engineer - Python & Java,AI Software Engineer,JPMorgan Chase,United States,Flatbush,239000,239000,239000,true,point_estimate,USD,Unspecified,Lead,Python,false,false,2025-10-31,Adzuna
AI/RPA Engineer,AI Engineer,Beacon Specialized Living,United States,Nashville,97000,97000,97000,true,point_estimate,USD,Unspecified,Mid-level,,false,false,2026-02-01,Adzuna
"Senior Lead AI Engineer (AI Foundations, LLM Core and Agentic AI)",NLP / LLM Engineering,Capital One,United States,New York City,201000,201000,201000,true,point_estimate,USD,Unspecified,Senior,,false,false,2026-01-05,Adzuna
"Senior Lead AI Engineer (AI Foundations, LLM Core and Agentic AI)",NLP / LLM Engineering,Capital One,United States,Harvard Square,151000,151000,151000,true,point_estimate,USD,Unspecified,Senior,,false,true,2026-01-04,Adzuna
Lead Software Engineer - Python & Java,AI Software Engineer,JPMorganChase,United States,New York City,152000,215000,183500,false,range,USD,Unspecified,Lead,Python,false,false,2025-10-30,Adzuna
AI Engineer - Remote,AI Engineer,UnitedHealth Group,United States,Minnetonka Mills,116000,116000,116000,true,point_estimate,USD,Remote,Mid-level,,false,false,2026-02-10,Adzuna
"Lead AI Engineer (FM Hosting, LLM Inference)",NLP / LLM Engineering,Capital One,United States,,215000,246000,230500,false,range,USD,Unspecified,Lead,,false,false,2026-02-06,Adzuna
"Senior AI Engineer (FM Hosting, LLM Inference)",NLP / LLM Engineering,Capital One,United States,Mc Lean,176000,201000,188500,false,range,USD,Unspecified,Senior,,false,false,2026-01-28,Adzuna
Member of Technical Staff — Back-end Engineering (Systems),AI Software Engineer,TensorZero,United States,New York City,200000,300000,250000,false,range,USD,Unspecified,Lead,,false,false,2025-12-22,Adzuna
"Senior AI Engineer (FM Hosting, LLM Inference)",NLP / LLM Engineering,Capital One,United States,New York City,167000,167000,167000,true,point_estimate,USD,Unspecified,Senior,,false,false,2026-01-28,Adzuna
"Senior AI Engineer (FM Hosting, LLM Inference)",NLP / LLM Engineering,Capital One,United States,Tysons Corner,144000,144000,144000,true,point_estimate,USD,Unspecified,Senior,,false,true,2026-01-28,Adzuna
"Lead AI Engineer (FM Hosting, LLM Inference)",NLP / LLM Engineering,Capital One,United States,Tysons Corner,136000,136000,136000,true,point_estimate,USD,Unspecified,Lead,,false,true,2026-01-25,Adzuna
REMOTE Mid-Level AI Engineer (EAST COAST ONLY),AI Engineer,Insight Global,United States,William Penn Annex East,132000,132000,132000,true,point_estimate,USD,Remote,Senior,"Python, RAG",false,false,2026-01-27,Adzuna
REMOTE Senior AI Engineer (EAST COAST ONLY),AI Engineer,Insight Global,United States,William Penn Annex East,142000,142000,142000,true,point_estimate,USD,Remote,Senior,"Python, RAG",false,false,2026-01-27,Adzuna
Member of Technical Staff — Developer Relations & Product,AI Software Engineer,TensorZero,United States,New York City,200000,300000,250000,false,range,USD,Unspecified,Lead,,false,false,2026-01-21,Adzuna
Generative AI Senior Software Engineer for Cloud and LLM API Systems,NLP / LLM Engineering,WELLS FARGO,United States,SoMa,190000,190000,190000,true,point_estimate,USD,Unspecified,Senior,"GCP, Azure",false,false,2026-01-30,Adzuna
Generative AI Senior Software Engineer for Cloud and LLM API Systems,NLP / LLM Engineering,Wells Fargo,United States,Charlotte,151000,151000,151000,true,point_estimate,USD,Unspecified,Senior,"GCP, Azure",false,true,2026-01-30,Adzuna
"Technical Lead, IS Applications Development - Individual",AI Software Engineer,Robert Half,United States,Atlanta,130000,130000,130000,true,point_estimate,USD,Unspecified,Lead,RAG,false,false,2026-02-21,Adzuna
Vice President Sales - Retail & CPG,Other / Unclassified,Encora,United States,Scottsdale,120000,120000,120000,true,point_estimate,USD,Unspecified,Management,,false,false,2026-02-01,Adzuna
"AI Solutions Engineer (Python, DevOps, Cloud, LLM)",NLP / LLM Engineering,VDart Inc,United States,Cockrell Hill,137000,141000,139000,false,range,USD,Onsite,Mid-level,Python,false,false,2026-02-19,Adzuna
"Sr. Manager, Product Manager - Tech, Agentic AI, ITA",AI Engineer,Amazon,United States,International,216000,216000,216000,true,point_estimate,USD,Unspecified,Senior,AWS,false,false,2026-01-27,Adzuna
Senior ML Ops Engineer,MLOps / ML Infrastructure,RELX INC,United States,Annapolis,223000,223000,223000,true,point_estimate,USD,Unspecified,Senior,NLP,false,false,2026-01-10,Adzuna
Senior ML Ops Engineer,MLOps / ML Infrastructure,RELX INC,United States,Wyoming,229000,229000,229000,true,point_estimate,USD,Unspecified,Senior,NLP,false,true,2026-01-10,Adzuna
Senior ML Ops Engineer,MLOps / ML Infrastructure,RELX INC,United States,Atlanta,255000,255000,255000,true,point_estimate,USD,Unspecified,Senior,NLP,false,true,2026-01-10,Adzuna
Senior ML Ops Engineer,MLOps / ML Infrastructure,RELX INC,United States,Trenton,191000,191000,191000,true,point_estimate,USD,Unspecified,Senior,NLP,false,true,2026-01-10,Adzuna
Senior ML Ops Engineer,MLOps / ML Infrastructure,RELX INC,United States,Harvard Square,193000,193000,193000,true,point_estimate,USD,Unspecified,Senior,NLP,false,true,2026-01-10,Adzuna
Prompt Engineers,NLP / LLM Engineering,Forhyre,United States,,90000,135000,112500,false,range,USD,Unspecified,Mid-level,,false,false,2025-11-21,Adzuna
Prompt Engineers,NLP / LLM Engineering,Forhyre,United States,Alabama,90000,135000,112500,false,range,USD,Unspecified,Mid-level,,false,true,2023-07-24,Adzuna
Prompt Engineers,NLP / LLM Engineering,Forhyre,United States,Prince,90000,135000,112500,false,range,USD,Unspecified,Mid-level,,false,true,2023-07-24,Adzuna
Prompt Engineers,NLP / LLM Engineering,Forhyre,United States,Feasterville,90000,135000,112500,false,range,USD,Unspecified,Mid-level,,false,true,2023-07-24,Adzuna
Prompt Engineers,NLP / LLM Engineering,Forhyre,United States,Plano,90000,135000,112500,false,range,USD,Unspecified,Mid-level,,false,true,2023-07-24,Adzuna
Prompt Engineers,NLP / LLM Engineering,Forhyre,United States,Chelsea and Clinton,90000,135000,112500,false,range,USD,Unspecified,Mid-level,,false,true,2023-07-24,Adzuna
Prompt Engineers,NLP / LLM Engineering,Forhyre,United States,North Carolina,90000,135000,112500,false,range,USD,Unspecified,Mid-level,,false,true,2023-07-24,Adzuna
Prompt Engineers,NLP / LLM Engineering,Forhyre,United States,Massachusetts,90000,135000,112500,false,range,USD,Unspecified,Mid-level,,false,true,2023-07-24,Adzuna
Prompt Engineers,NLP / LLM Engineering,Forhyre,United States,Ohio,90000,135000,112500,false,range,USD,Unspecified,Mid-level,,false,true,2023-07-24,Adzuna
Prompt Engineers,NLP / LLM Engineering,Forhyre,United States,Phoenix,90000,135000,112500,false,range,USD,Unspecified,Mid-level,,false,true,2023-07-24,Adzuna
Prompt Engineers,NLP / LLM Engineering,Forhyre,United States,Pluckemin,90000,135000,112500,false,range,USD,Unspecified,Mid-level,,false,true,2023-07-24,Adzuna
Prompt Engineers,NLP / LLM Engineering,Forhyre,United States,Addison,90000,135000,112500,false,range,USD,Unspecified,Mid-level,,false,true,2023-07-24,Adzuna
Prompt Engineers,NLP / LLM Engineering,Forhyre,United States,Texas,90000,135000,112500,false,range,USD,Unspecified,Mid-level,,false,true,2023-07-24,Adzuna
Prompt Engineers,NLP / LLM Engineering,Forhyre,United States,Illinois,90000,135000,112500,false,range,USD,Unspecified,Mid-level,,false,true,2023-07-24,Adzuna
Prompt Engineers,NLP / LLM Engineering,Forhyre,United States,Daly City,90000,135000,112500,false,range,USD,Unspecified,Mid-level,,false,true,2023-07-24,Adzuna
Prompt Engineers,NLP / LLM Engineering,Forhyre,United States,Los Angeles,90000,135000,112500,false,range,USD,Unspecified,Mid-level,,false,true,2023-07-24,Adzuna
Prompt Engineers,NLP / LLM Engineering,Forhyre,United States,Georgia,90000,135000,112500,false,range,USD,Unspecified,Mid-level,,false,true,2023-07-24,Adzuna
Prompt Engineers,NLP / LLM Engineering,Forhyre,United States,Washington,90000,135000,112500,false,range,USD,Unspecified,Mid-level,,false,true,2023-07-24,Adzuna
Prompt Engineers,NLP / LLM Engineering,Forhyre,United States,Montevallo,79000,79000,79000,true,point_estimate,USD,Unspecified,Mid-level,,false,false,2026-02-22,Adzuna
Prompt Engineer,NLP / LLM Engineering,Cantina,United States,Los Angeles,150000,180000,165000,false,range,USD,Unspecified,Mid-level,,false,false,2026-01-31,Adzuna
Prompt Engineer,NLP / LLM Engineering,MNTN,United States,,108000,108000,108000,true,point_estimate,USD,Unspecified,Mid-level,,false,false,2026-02-12,Adzuna
Lead Engineer - Generative AI & Prompt Engineering,NLP / LLM Engineering,GE Vernova,United States,Upper Union,122000,122000,122000,true,point_estimate,USD,Unspecified,Lead,,false,false,2026-01-17,Adzuna
Senior Engineer - Generative AI & Prompt Engineering,NLP / LLM Engineering,GE Vernova,United States,Upper Union,127000,127000,127000,true,point_estimate,USD,Unspecified,Senior,,false,false,2026-01-17,Adzuna
Prompt Engineering Intern,NLP / LLM Engineering,Anduril Industries,United States,Costa Mesa,74000,74000,74000,true,point_estimate,USD,Unspecified,Mid-level,,true,false,2025-12-07,Adzuna
Prompt Engineer (Remote),NLP / LLM Engineering,ICF,United States,Reston,131000,223000,177000,false,range,USD,Remote,Mid-level,NLP,false,false,2026-02-01,Adzuna
AI Prompt Engineer,NLP / LLM Engineering,OneMCI,United States,,60000,80000,70000,false,range,USD,Unspecified,Mid-level,,false,false,2026-01-22,Adzuna
"Product Software Engineer, .NET AI Prompt Engineering",NLP / LLM Engineering,Wolters Kluwer,United States,Wichita,112000,112000,112000,true,point_estimate,USD,Unspecified,Mid-level,,false,false,2025-11-11,Adzuna
AI/ML Engineer (Model Ops / Prompt Engineer) - SME with Security Clearance,NLP / LLM Engineering,"System One Holdings, LLC",United States,Huntsville,117000,117000,117000,true,point_estimate,USD,Unspecified,Senior,NLP,false,false,2026-02-17,Adzuna
"Prompt Engineer, Agent Prompts & Evals",NLP / LLM Engineering,Anthropic,United States,,320000,405000,362500,false,range,USD,Unspecified,Mid-level,,false,false,2026-02-05,Adzuna
AI Prompt Engineer Intern,NLP / LLM Engineering,CACI,United States,Ashburn,39000,76000,57500,false,range,USD,Unspecified,Mid-level,,true,false,2026-02-01,Adzuna
"Senior Prompt Engineer, NYC",NLP / LLM Engineering,West Monroe,United States,New York City,154000,154000,154000,true,point_estimate,USD,Unspecified,Senior,GCP,false,false,2025-12-27,Adzuna
Applied AI Prompt Engineer,NLP / LLM Engineering,Devry University,United States,,106000,106000,106000,true,point_estimate,USD,Hybrid,Mid-level,RAG,false,false,2026-01-30,Adzuna
"Prompt Engineer, Software Developer",NLP / LLM Engineering,"Raymond James Financial, Inc.",United States,Saint Petersburg,59000,59000,59000,true,point_estimate,USD,Unspecified,Mid-level,,false,false,2026-01-15,Adzuna
"Prompt Engineer, Software Developer",NLP / LLM Engineering,Raymond James,United States,Saint Petersburg,64000,64000,64000,true,point_estimate,USD,Unspecified,Lead,,false,false,2026-01-17,Adzuna
"Prompt Engineer, Applied AI",NLP / LLM Engineering,Databook,United States,Palo Alto,111000,111000,111000,true,point_estimate,USD,Unspecified,Mid-level,,false,false,2026-02-04,Adzuna
AI Prompt Engineer Associate (DMV),NLP / LLM Engineering,GD Information Technology,United States,,81000,109000,95000,false,range,USD,Unspecified,Junior,,false,false,2026-02-22,Adzuna
Administrative Assistant / AI Prompt Engineer,NLP / LLM Engineering,Controlled Combustion Co,United States,Bronx Park and Fordham,45000,55000,50000,false,range,USD,Unspecified,Management,,false,false,2026-02-13,Adzuna
Administrative Assistant / AI Prompt Engineer,NLP / LLM Engineering,Controlled Combustion Co,United States,New York City,38000,38000,38000,true,point_estimate,USD,Unspecified,Mid-level,,false,false,2026-02-16,Adzuna
TikTok Shop - Prompt Engineering Lead,NLP / LLM Engineering,TikTok,United States,Times Square,112000,112000,112000,true,point_estimate,USD,Unspecified,Lead,,false,false,2025-05-08,Adzuna
Generative AI & Prompt Engineering Specialist,NLP / LLM Engineering,Potomac Haven,United States,Washington,78000,78000,78000,true,point_estimate,USD,Unspecified,Mid-level,,false,false,2026-02-11,Adzuna
GenAI Specialist – Prompt Engineering & Agent Development,NLP / LLM Engineering,CG Infinity,United States,Dallas,83000,83000,83000,true,point_estimate,USD,Onsite,Mid-level,,false,false,2025-12-10,Adzuna
"AI Prompt Engineer (TIBCO)- Dallas, TX",NLP / LLM Engineering,Photon Group,United States,,77000,77000,77000,true,point_estimate,USD,Unspecified,Mid-level,,false,false,2026-02-04,Adzuna
Lead Engineer - Generative AI & Prompt Engineering,NLP / LLM Engineering,GE Vernova,United States,Niskayuna,98000,164000,131000,false,range,USD,Unspecified,Lead,,false,true,2025-10-12,Adzuna
Senior Engineer - Generative AI & Prompt Engineering,NLP / LLM Engineering,GE Vernova,United States,Niskayuna,113000,189000,151000,false,range,USD,Unspecified,Senior,,false,true,2025-10-11,Adzuna
Generative AI Prompt Engineer – Financial Crimes Governance,NLP / LLM Engineering,S3,United States,Charlotte,88000,88000,88000,true,point_estimate,USD,Hybrid,Mid-level,,false,false,2026-01-30,Adzuna
GE Vernova Prompt Engineering Intern - Summer 2026,NLP / LLM Engineering,GE Vernova,United States,Niskayuna,52000,104000,78000,false,range,USD,Unspecified,Mid-level,,true,false,2025-10-23,Adzuna
"Product Software Engineer, .NET AI Prompt Engineering",NLP / LLM Engineering,Wolters Kluwer,United States,Highland Park,117000,117000,117000,true,point_estimate,USD,Unspecified,Mid-level,,false,true,2025-12-11,Adzuna
"Senior Prompt Engineer (AI/ML), Brand Concierge",NLP / LLM Engineering,Adobe,United States,San Jose,172000,307000,239500,false,range,USD,Unspecified,Senior,,false,false,2025-10-24,Adzuna
"Coach/SME (Microsoft 365 Copilot adoption, Prompt Engineering)",NLP / LLM Engineering,Accellor,United States,Boston,101000,101000,101000,true,point_estimate,USD,Unspecified,Mid-level,,false,false,2025-10-09,Adzuna
AI Full Stack Engineer – Prompt Engineering & Business Applications,NLP / LLM Engineering,Bdiplus,United States,New York City,90000,105000,97500,false,range,USD,Unspecified,Mid-level,,false,false,2026-02-17,Adzuna
Customer-Facing AI Prompt Engineer Trainee (Not a developer position),NLP / LLM Engineering,Expivia Interaction Marketing Group Inc.,United States,Presque Isle,37000,42000,39500,false,range,USD,Remote,Mid-level,,false,false,2025-08-14,Adzuna
Senior Data Scientist III - AI Evaluation and Prompt Engineering,NLP / LLM Engineering,LexisNexis,United States,,115000,192000,153500,false,range,USD,Remote,Senior,,false,false,2025-11-25,Adzuna
Temporary Micro-Credential Grader – Industry-Focused Prompt Engineering for ROI-Driven Results,NLP / LLM Engineering,Brandeis University,United States,Waltham,52000,62000,57000,false,range,USD,Remote,Mid-level,,false,false,2025-11-09,Adzuna
AI/ML Prompt Scientist/Engineer,AI Engineer,Stand 8,United States,San Francisco,159000,159000,159000,true,point_estimate,USD,Unspecified,Mid-level,,false,false,2026-02-17,Adzuna
AI Engineer (Prompt),AI Engineer,TEGNA,United States,Tysons,95000,95000,95000,true,point_estimate,USD,Unspecified,Mid-level,,false,false,2025-09-13,Adzuna
Generative AI Researcher,AI / ML Research,Tata Consultancy Services,United States,Warren,80000,80000,80000,true,point_estimate,USD,Unspecified,Junior,,false,false,2025-12-04,Adzuna
Machine Learning Engineer/Data Scientist with Security Clearance,Machine Learning Engineer,Avid Technology Professionals,United States,Chantilly,89000,89000,89000,true,point_estimate,USD,Unspecified,Mid-level,"Python, Docker, Kubernetes, Spark, NLP",false,false,2025-08-01,Adzuna
Distributed Systems Engineer with Security Clearance,Other / Unclassified,Variable Constant,United States,Reston,212000,212000,212000,true,point_estimate,USD,Unspecified,Mid-level,,false,false,2025-10-29,Adzuna
Enterprise AI Architect,AI Consulting / Solutions,Symbioun Technologies,United States,North Carolina,123000,123000,123000,true,point_estimate,USD,Unspecified,Mid-level,"Python, LangChain, GCP, Fine-tuning",false,false,2026-02-07,Adzuna
Prompts/GenAI Data Curation Consultant,AI Engineer,US Tech Solutions,United States,Sunnyvale,80000,80000,80000,true,point_estimate,USD,Unspecified,Mid-level,,false,false,2025-02-23,Adzuna
AI Engineer with Security Clearance,AI Engineer,Agensys Corporation,United States,Dulles Town Center,195000,195000,195000,true,point_estimate,USD,Unspecified,Mid-level,,false,false,2026-02-21,Adzuna
Sr.Gen AI Developer,AI Engineer,Cognizant,United States,Minneapolis,105000,105000,105000,true,point_estimate,USD,Unspecified,Senior,LangChain,false,false,2026-02-06,Adzuna
AIML Engineer,Other / Unclassified,BIZTECHNOSYS INFOTECH LLP,United States,Middle West,118000,118000,118000,true,point_estimate,USD,Remote,Senior,Azure,false,false,2026-02-19,Adzuna
Microsoft 365 Copilot Implementation and Operations Engineer with Security Clearance,Other / Unclassified,iQuasar LLC,United States,"Washington, D.C.",106000,106000,106000,true,point_estimate,USD,Unspecified,Mid-level,,false,false,2026-02-19,Adzuna
Forward Deployed Software Engineer - AI with Security Clearance,AI Engineer,OMW Consulting,United States,"Washington, D.C.",183000,183000,183000,true,point_estimate,USD,Onsite,Mid-level,,false,false,2025-08-01,Adzuna
Front End Developer with Security Clearance,AI Software Engineer,Variable Constant,United States,Reston,176000,176000,176000,true,point_estimate,USD,Unspecified,Mid-level,,false,false,2025-10-29,Adzuna
Software Developer with Security Clearance,AI Software Engineer,Alignly Consulting,United States,Reston,139000,139000,139000,true,point_estimate,USD,Unspecified,Mid-level,Python,false,false,2025-09-29,Adzuna
Lead AI Conversational Designer,Other / Unclassified,"Delta Air Lines, Inc.",United States,Atlanta,158000,158000,158000,true,point_estimate,USD,Unspecified,Lead,,false,false,2025-11-25,Adzuna
"Applied Scientist II - Gen AI & LLM, PXT",AI / ML Research,amazon,United States,International,269000,269000,269000,true,point_estimate,USD,Unspecified,Mid-level,"RAG, Fine-tuning",false,false,2026-01-21,Adzuna
Senior AI Architect,AI Consulting / Solutions,Inherent Technologies,United States,,126000,126000,126000,true,point_estimate,USD,Unspecified,Senior,"Python, OpenAI, Azure",false,false,2026-02-18,Adzuna
Senior Technical Consultant,AI Consulting / Solutions,Apptad Inc,United States,Texas,96000,96000,96000,true,point_estimate,USD,Remote,Senior,Python,false,false,2026-02-18,Adzuna
Senior AI Engineer - INTL Colombia,AI Engineer,Insight Global,United States,Charlotte,121000,121000,121000,true,point_estimate,USD,Unspecified,Senior,NLP,false,false,2026-02-14,Adzuna
LLM Prompt Writer,NLP / LLM Engineering,US Tech Solutions,United States,Sunnyvale,74000,74000,74000,true,point_estimate,USD,Unspecified,Mid-level,,false,false,2025-02-23,Adzuna
Senior Technical Architect,AI Consulting / Solutions,Shrive Technologies LLC,United States,Texas,135000,135000,135000,true,point_estimate,USD,Unspecified,Senior,"Python, OpenAI, Azure",false,false,2026-02-18,Adzuna
AI/ ML Lead / Architect - Remote / Telecommute,AI Consulting / Solutions,CYNET SYSTEMS,United States,Dallas,135000,135000,135000,true,point_estimate,USD,Remote,Lead,"Python, OpenAI, Azure",false,false,2026-02-17,Adzuna
"Applied Data Scientist/Hybrid/ Lehi, UT",Data Scientist,Motion Recruitment Partners,United States,Cedar Pass,84000,84000,84000,true,point_estimate,USD,Hybrid,Mid-level,,false,false,2026-02-10,Adzuna
"Sr. AI Engineer - On-site (4 days on-site, 1-day Remote)",AI Engineer,"V-Soft Consulting Group, Inc.",United States,Washington,75000,75000,75000,true,point_estimate,USD,Remote,Senior,,false,false,2026-02-18,Adzuna
Data Engineer with Security Clearance,Data Engineer,Variable Constant,United States,Reston,173000,173000,173000,true,point_estimate,USD,Unspecified,Mid-level,,false,false,2025-10-29,Adzuna
Enterprise UX Technical Writer,Other / Unclassified,Intercontinental Exchange,United States,Atlanta,112000,112000,112000,true,point_estimate,USD,Unspecified,Mid-level,,false,false,2026-02-21,Adzuna
Architect III - Solutions Architect,AI Consulting / Solutions,Verizon,United States,Cary,146000,146000,146000,true,point_estimate,USD,Unspecified,Lead,,false,false,2026-02-04,Adzuna
Architect III - Solutions Architect,AI Consulting / Solutions,Verizon,United States,Basking Ridge,169000,169000,169000,true,point_estimate,USD,Unspecified,Lead,,false,true,2026-02-04,Adzuna
AI/ML Security Integration Engineer with Security Clearance,AI Engineer,BigBear.ai,United States,Savage,104000,104000,104000,true,point_estimate,USD,Unspecified,Mid-level,Fine-tuning,false,false,2026-02-21,Adzuna
QA Architect : Gen AI,AI Engineer,Cognizant,United States,Charlotte,98000,98000,98000,true,point_estimate,USD,Unspecified,Mid-level,,false,false,2026-02-03,Adzuna
Principal AI Architect,AI Consulting / Solutions,AT&T,United States,Atlanta,229000,229000,229000,true,point_estimate,USD,Unspecified,Lead,,false,false,2026-01-28,Adzuna
Principal AI Architect,AI Consulting / Solutions,AT&T,United States,Charlotte,160000,160000,160000,true,point_estimate,USD,Unspecified,Lead,,false,true,2026-01-28,Adzuna
Principal AI Architect,AI Consulting / Solutions,AT&T,United States,Middletown,207000,207000,207000,true,point_estimate,USD,Unspecified,Lead,,false,true,2026-01-28,Adzuna
"Senior Generative AI Developer || Dallas, TX, Tampa, FL , New Jersey - Hybrid || Full Time",AI Engineer,Tanisha Systems,United States,East Brunswick,94000,94000,94000,true,point_estimate,USD,Hybrid,Senior,,false,false,2026-02-21,Adzuna
Prompt Automation Lead,Other / Unclassified,VDart Inc,United States,Atlanta,135000,146000,140500,false,range,USD,Remote,Lead,"Python, AWS",false,false,2026-02-19,Adzuna
VCA AI Agent Development Director,Other / Unclassified,Visa,United States,San Francisco,119000,119000,119000,true,point_estimate,USD,Unspecified,Management,,false,false,2026-01-27,Adzuna
Creative Technologist - Brand,Other / Unclassified,JPMorgan Chase,United States,Grandview Heights,106000,106000,106000,true,point_estimate,USD,Unspecified,Mid-level,,false,false,2025-12-11,Adzuna
Generative AI Automation Engineer - Remote Job,AI Engineer,EnthuZiastic,United States,Ann Arbor,118000,118000,118000,true,point_estimate,USD,Remote,Mid-level,,false,false,2025-12-04,Adzuna
Generative AI Automation Engineer - Remote Job,AI Engineer,EnthuZiastic,United States,Cedar Rapids,115000,115000,115000,true,point_estimate,USD,Remote,Mid-level,,false,true,2025-12-04,Adzuna
Generative AI Automation Engineer - Remote Job,AI Engineer,EnthuZiastic,United States,Kenner,106000,106000,106000,true,point_estimate,USD,Remote,Mid-level,,false,true,2025-12-04,Adzuna
Generative AI Automation Engineer - Remote Job,AI Engineer,EnthuZiastic,United States,Tulsa,107000,107000,107000,true,point_estimate,USD,Remote,Mid-level,,false,true,2025-12-04,Adzuna
Generative AI Automation Engineer - Remote Job,AI Engineer,EnthuZiastic,United States,Flagstaff,111000,111000,111000,true,point_estimate,USD,Remote,Mid-level,,false,true,2025-12-04,Adzuna
Generative AI Automation Engineer - Remote Job,AI Engineer,EnthuZiastic,United States,Providence,115000,115000,115000,true,point_estimate,USD,Remote,Mid-level,,false,true,2025-12-04,Adzuna
Generative AI Automation Engineer - Remote Job,AI Engineer,EnthuZiastic,United States,Erie,118000,118000,118000,true,point_estimate,USD,Remote,Mid-level,,false,true,2025-12-04,Adzuna
Generative AI Automation Engineer - Remote Job,AI Engineer,EnthuZiastic,United States,Richmond,111000,111000,111000,true,point_estimate,USD,Remote,Mid-level,,false,true,2025-12-04,Adzuna
Generative AI Automation Engineer - Remote Job,AI Engineer,EnthuZiastic,United States,Portland,117000,117000,117000,true,point_estimate,USD,Remote,Mid-level,,false,true,2025-12-04,Adzuna
Generative AI Automation Engineer - Remote Job,AI Engineer,EnthuZiastic,United States,Harrisonburg,108000,108000,108000,true,point_estimate,USD,Remote,Mid-level,,false,true,2025-12-04,Adzuna
Generative AI Automation Engineer - Remote Job,AI Engineer,EnthuZiastic,United States,Indianapolis,111000,111000,111000,true,point_estimate,USD,Remote,Mid-level,,false,true,2025-12-04,Adzuna
Generative AI Automation Engineer - Remote Job,AI Engineer,EnthuZiastic,United States,Sioux Falls,111000,111000,111000,true,point_estimate,USD,Remote,Mid-level,,false,true,2025-12-04,Adzuna
Generative AI Automation Engineer - Remote Job,AI Engineer,EnthuZiastic,United States,Norwalk,121000,121000,121000,true,point_estimate,USD,Remote,Mid-level,,false,true,2025-12-04,Adzuna
Generative AI Automation Engineer - Remote Job,AI Engineer,EnthuZiastic,United States,Syracuse,114000,114000,114000,true,point_estimate,USD,Remote,Mid-level,,false,true,2025-12-04,Adzuna
Generative AI Automation Engineer - Remote Job,AI Engineer,EnthuZiastic,United States,Augusta,118000,118000,118000,true,point_estimate,USD,Remote,Mid-level,,false,true,2025-12-04,Adzuna
Generative AI Automation Engineer - Remote Job,AI Engineer,EnthuZiastic,United States,Edmond,112000,112000,112000,true,point_estimate,USD,Remote,Mid-level,,false,true,2025-12-04,Adzuna
Generative AI Automation Engineer - Remote Job,AI Engineer,EnthuZiastic,United States,Springfield,115000,115000,115000,true,point_estimate,USD,Remote,Mid-level,,false,true,2025-12-04,Adzuna
Generative AI Automation Engineer - Remote Job,AI Engineer,EnthuZiastic,United States,Carrollton,116000,116000,116000,true,point_estimate,USD,Remote,Mid-level,,false,true,2025-12-04,Adzuna
Generative AI Automation Engineer - Remote Job,AI Engineer,EnthuZiastic,United States,Detroit,118000,118000,118000,true,point_estimate,USD,Remote,Mid-level,,false,true,2025-12-04,Adzuna
Generative AI Automation Engineer - Remote Job,AI Engineer,EnthuZiastic,United States,Durham,114000,114000,114000,true,point_estimate,USD,Remote,Mid-level,,false,true,2025-12-04,Adzuna
Generative AI Automation Engineer - Remote Job,AI Engineer,EnthuZiastic,United States,Bridgeport,115000,115000,115000,true,point_estimate,USD,Remote,Mid-level,,false,true,2025-12-04,Adzuna
Generative AI Automation Engineer - Remote Job,AI Engineer,EnthuZiastic,United States,Annapolis,120000,120000,120000,true,point_estimate,USD,Remote,Mid-level,,false,true,2025-12-04,Adzuna
Generative AI Automation Engineer - Remote Job,AI Engineer,EnthuZiastic,United States,New Orleans,112000,112000,112000,true,point_estimate,USD,Remote,Mid-level,,false,true,2025-12-04,Adzuna
Generative AI Automation Engineer - Remote Job,AI Engineer,EnthuZiastic,United States,Lincoln,112000,112000,112000,true,point_estimate,USD,Remote,Mid-level,,false,true,2025-12-04,Adzuna
Generative AI Automation Engineer - Remote Job,AI Engineer,EnthuZiastic,United States,Nashville,116000,116000,116000,true,point_estimate,USD,Remote,Mid-level,,false,true,2025-12-04,Adzuna
Generative AI Automation Engineer - Remote Job,AI Engineer,EnthuZiastic,United States,Wilmington,123000,123000,123000,true,point_estimate,USD,Remote,Mid-level,,false,true,2025-12-04,Adzuna
Generative AI Automation Engineer - Remote Job,AI Engineer,EnthuZiastic,United States,Bozeman,104000,104000,104000,true,point_estimate,USD,Remote,Mid-level,,false,true,2025-12-04,Adzuna
Generative AI Automation Engineer - Remote Job,AI Engineer,EnthuZiastic,United States,Fairbanks,123000,123000,123000,true,point_estimate,USD,Remote,Mid-level,,false,true,2025-12-04,Adzuna
Generative AI Automation Engineer - Remote Job,AI Engineer,EnthuZiastic,United States,Chesapeake,110000,110000,110000,true,point_estimate,USD,Remote,Mid-level,,false,true,2025-12-04,Adzuna
Generative AI Automation Engineer - Remote Job,AI Engineer,EnthuZiastic,United States,Hampton City,116000,116000,116000,true,point_estimate,USD,Remote,Mid-level,,false,true,2025-12-04,Adzuna
Generative AI Automation Engineer - Remote Job,AI Engineer,EnthuZiastic,United States,Lowell,118000,118000,118000,true,point_estimate,USD,Remote,Mid-level,,false,true,2025-12-04,Adzuna
Generative AI Automation Engineer - Remote Job,AI Engineer,EnthuZiastic,United States,Geneseo,126000,126000,126000,true,point_estimate,USD,Remote,Mid-level,,false,true,2025-12-04,Adzuna
Generative AI Automation Engineer - Remote Job,AI Engineer,EnthuZiastic,United States,Melbourne,119000,119000,119000,true,point_estimate,USD,Remote,Mid-level,,false,true,2025-12-04,Adzuna
Generative AI Automation Engineer - Remote Job,AI Engineer,EnthuZiastic,United States,Smyrna,121000,121000,121000,true,point_estimate,USD,Remote,Mid-level,,false,true,2025-12-04,Adzuna
Generative AI Automation Engineer - Remote Job,AI Engineer,EnthuZiastic,United States,Brookings,107000,107000,107000,true,point_estimate,USD,Remote,Mid-level,,false,true,2025-12-04,Adzuna
Generative AI Automation Engineer - Remote Job,AI Engineer,EnthuZiastic,United States,Tuscaloosa,112000,112000,112000,true,point_estimate,USD,Remote,Mid-level,,false,true,2025-12-04,Adzuna
Generative AI Automation Engineer - Remote Job,AI Engineer,EnthuZiastic,United States,Charlotte,109000,109000,109000,true,point_estimate,USD,Remote,Mid-level,,false,true,2025-12-04,Adzuna
Generative AI Automation Engineer - Remote Job,AI Engineer,EnthuZiastic,United States,Aberdeen,119000,119000,119000,true,point_estimate,USD,Remote,Mid-level,,false,true,2025-12-04,Adzuna
Generative AI Automation Engineer - Remote Job,AI Engineer,EnthuZiastic,United States,Rochester,117000,117000,117000,true,point_estimate,USD,Remote,Mid-level,,false,true,2025-12-04,Adzuna
Generative AI Automation Engineer - Remote Job,AI Engineer,EnthuZiastic,United States,Valdosta,114000,114000,114000,true,point_estimate,USD,Remote,Mid-level,,false,true,2025-12-04,Adzuna
Generative AI Automation Engineer - Remote Job,AI Engineer,EnthuZiastic,United States,Murfreesboro,109000,109000,109000,true,point_estimate,USD,Remote,Mid-level,,false,true,2025-12-04,Adzuna
Generative AI Automation Engineer - Remote Job,AI Engineer,EnthuZiastic,United States,Mobile,108000,108000,108000,true,point_estimate,USD,Remote,Mid-level,,false,true,2025-12-04,Adzuna
Generative AI Automation Engineer - Remote Job,AI Engineer,EnthuZiastic,United States,Potsdam,129000,129000,129000,true,point_estimate,USD,Remote,Mid-level,,false,true,2025-12-04,Adzuna
Generative AI Automation Engineer - Remote Job,AI Engineer,EnthuZiastic,United States,Morgantown,119000,119000,119000,true,point_estimate,USD,Remote,Mid-level,,false,true,2025-12-04,Adzuna
Generative AI Automation Engineer - Remote Job,AI Engineer,EnthuZiastic,United States,Jersey City,122000,122000,122000,true,point_estimate,USD,Remote,Mid-level,,false,true,2025-12-04,Adzuna
Generative AI Automation Engineer - Remote Job,AI Engineer,EnthuZiastic,United States,Hagerstown,107000,107000,107000,true,point_estimate,USD,Remote,Mid-level,,false,true,2025-12-04,Adzuna
Generative AI Automation Engineer - Remote Job,AI Engineer,EnthuZiastic,United States,Arcata,119000,119000,119000,true,point_estimate,USD,Remote,Mid-level,,false,true,2025-12-04,Adzuna
Generative AI Automation Engineer - Remote Job,AI Engineer,EnthuZiastic,United States,Rockville,114000,114000,114000,true,point_estimate,USD,Remote,Mid-level,,false,true,2025-12-04,Adzuna
Generative AI Automation Engineer - Remote Job,AI Engineer,EnthuZiastic,United States,Plymouth,122000,122000,122000,true,point_estimate,USD,Remote,Mid-level,,false,true,2025-12-04,Adzuna
Generative AI Automation Engineer - Remote Job,AI Engineer,EnthuZiastic,United States,Rockford,117000,117000,117000,true,point_estimate,USD,Remote,Mid-level,,false,true,2025-12-04,Adzuna
Generative AI Automation Engineer - Remote Job,AI Engineer,EnthuZiastic,United States,Hattiesburg,109000,109000,109000,true,point_estimate,USD,Remote,Mid-level,,false,true,2025-12-04,Adzuna
Generative AI Automation Engineer - Remote Job,AI Engineer,EnthuZiastic,United States,Sterling Heights,114000,114000,114000,true,point_estimate,USD,Remote,Mid-level,,false,true,2025-12-04,Adzuna
Generative AI Automation Engineer - Remote Job,AI Engineer,EnthuZiastic,United States,Arlington,111000,111000,111000,true,point_estimate,USD,Remote,Mid-level,,false,true,2025-12-04,Adzuna
Generative AI Automation Engineer - Remote Job,AI Engineer,EnthuZiastic,United States,New York City,123000,123000,123000,true,point_estimate,USD,Remote,Mid-level,,false,true,2025-12-04,Adzuna
Generative AI Automation Engineer - Remote Job,AI Engineer,EnthuZiastic,United States,Joliet,121000,121000,121000,true,point_estimate,USD,Remote,Mid-level,,false,true,2025-12-04,Adzuna
Generative AI Automation Engineer - Remote Job,AI Engineer,EnthuZiastic,United States,Baltimore,113000,113000,113000,true,point_estimate,USD,Remote,Mid-level,,false,true,2025-12-04,Adzuna
Generative AI Automation Engineer - Remote Job,AI Engineer,EnthuZiastic,United States,Boone,120000,120000,120000,true,point_estimate,USD,Remote,Mid-level,,false,true,2025-12-04,Adzuna
Generative AI Automation Engineer - Remote Job,AI Engineer,EnthuZiastic,United States,Little Rock,111000,111000,111000,true,point_estimate,USD,Remote,Mid-level,,false,true,2025-12-04,Adzuna
Generative AI Automation Engineer - Remote Job,AI Engineer,EnthuZiastic,United States,Aurora,113000,113000,113000,true,point_estimate,USD,Remote,Mid-level,,false,true,2025-12-04,Adzuna
Generative AI Automation Engineer - Remote Job,AI Engineer,EnthuZiastic,United States,Albany,118000,118000,118000,true,point_estimate,USD,Remote,Mid-level,,false,true,2025-12-04,Adzuna
Generative AI Automation Engineer - Remote Job,AI Engineer,EnthuZiastic,United States,Columbia,113000,113000,113000,true,point_estimate,USD,Remote,Mid-level,,false,true,2025-12-04,Adzuna
Generative AI Automation Engineer - Remote Job,AI Engineer,EnthuZiastic,United States,Towson,116000,116000,116000,true,point_estimate,USD,Remote,Mid-level,,false,true,2025-12-04,Adzuna
Generative AI Automation Engineer - Remote Job,AI Engineer,EnthuZiastic,United States,Springdale,112000,112000,112000,true,point_estimate,USD,Remote,Mid-level,,false,true,2025-12-04,Adzuna
Generative AI Automation Engineer - Remote Job,AI Engineer,EnthuZiastic,United States,Jonesboro,114000,114000,114000,true,point_estimate,USD,Remote,Mid-level,,false,true,2025-12-04,Adzuna
Generative AI Automation Engineer - Remote Job,AI Engineer,EnthuZiastic,United States,Mount Pleasant,113000,113000,113000,true,point_estimate,USD,Remote,Mid-level,,false,true,2025-12-04,Adzuna
Generative AI Automation Engineer - Remote Job,AI Engineer,EnthuZiastic,United States,Tucson,116000,116000,116000,true,point_estimate,USD,Remote,Mid-level,,false,true,2025-12-04,Adzuna
Generative AI Automation Engineer - Remote Job,AI Engineer,EnthuZiastic,United States,Kenosha,117000,117000,117000,true,point_estimate,USD,Remote,Mid-level,,false,true,2025-12-04,Adzuna
Generative AI Automation Engineer - Remote Job,AI Engineer,EnthuZiastic,United States,Pearl City,119000,119000,119000,true,point_estimate,USD,Remote,Mid-level,,false,true,2025-12-04,Adzuna
Generative AI Automation Engineer - Remote Job,AI Engineer,EnthuZiastic,United States,Baton Rouge,116000,116000,116000,true,point_estimate,USD,Remote,Mid-level,,false,true,2025-12-04,Adzuna
Generative AI Automation Engineer - Remote Job,AI Engineer,EnthuZiastic,United States,Peoria,118000,118000,118000,true,point_estimate,USD,Remote,Mid-level,,false,true,2025-12-04,Adzuna
Generative AI Automation Engineer - Remote Job,AI Engineer,EnthuZiastic,United States,Broken Arrow,115000,115000,115000,true,point_estimate,USD,Remote,Mid-level,,false,true,2025-12-04,Adzuna
Generative AI Automation Engineer - Remote Job,AI Engineer,EnthuZiastic,United States,Pawtucket,118000,118000,118000,true,point_estimate,USD,Remote,Mid-level,,false,true,2025-12-04,Adzuna
Generative AI Automation Engineer - Remote Job,AI Engineer,EnthuZiastic,United States,Phoenix,106000,106000,106000,true,point_estimate,USD,Remote,Mid-level,,false,true,2025-12-04,Adzuna
Generative AI Automation Engineer - Remote Job,AI Engineer,EnthuZiastic,United States,Bangor,117000,117000,117000,true,point_estimate,USD,Remote,Mid-level,,false,true,2025-12-04,Adzuna
Generative AI Automation Engineer - Remote Job,AI Engineer,EnthuZiastic,United States,Lawrenceville,112000,112000,112000,true,point_estimate,USD,Remote,Mid-level,,false,true,2025-12-04,Adzuna
Generative AI Automation Engineer - Remote Job,AI Engineer,EnthuZiastic,United States,Saint Louis,118000,118000,118000,true,point_estimate,USD,Remote,Mid-level,,false,true,2025-12-04,Adzuna
Generative AI Automation Engineer - Remote Job,AI Engineer,EnthuZiastic,United States,Sioux City,110000,110000,110000,true,point_estimate,USD,Remote,Mid-level,,false,true,2025-12-04,Adzuna
Generative AI Automation Engineer - Remote Job,AI Engineer,EnthuZiastic,United States,Duluth,115000,115000,115000,true,point_estimate,USD,Remote,Mid-level,,false,true,2025-12-04,Adzuna
Generative AI Automation Engineer - Remote Job,AI Engineer,EnthuZiastic,United States,Chico,122000,122000,122000,true,point_estimate,USD,Remote,Mid-level,,false,true,2025-12-04,Adzuna
Generative AI Automation Engineer - Remote Job,AI Engineer,EnthuZiastic,United States,Clinton,114000,114000,114000,true,point_estimate,USD,Remote,Mid-level,,false,true,2025-12-04,Adzuna
Generative AI Automation Engineer - Remote Job,AI Engineer,EnthuZiastic,United States,Nashua,119000,119000,119000,true,point_estimate,USD,Remote,Mid-level,,false,true,2025-12-04,Adzuna
Generative AI Automation Engineer - Remote Job,AI Engineer,EnthuZiastic,United States,Las Vegas,112000,112000,112000,true,point_estimate,USD,Remote,Mid-level,,false,true,2025-12-04,Adzuna
Generative AI Automation Engineer - Remote Job,AI Engineer,EnthuZiastic,United States,Cleveland,111000,111000,111000,true,point_estimate,USD,Remote,Mid-level,,false,true,2025-12-04,Adzuna
Generative AI Automation Engineer - Remote Job,AI Engineer,EnthuZiastic,United States,Seattle,121000,121000,121000,true,point_estimate,USD,Remote,Mid-level,,false,true,2025-12-04,Adzuna
Generative AI Automation Engineer - Remote Job,AI Engineer,EnthuZiastic,United States,Reading,121000,121000,121000,true,point_estimate,USD,Remote,Mid-level,,false,true,2025-12-04,Adzuna
Generative AI Automation Engineer - Remote Job,AI Engineer,EnthuZiastic,United States,Edwardsville,115000,115000,115000,true,point_estimate,USD,Remote,Mid-level,,false,true,2025-12-04,Adzuna
Generative AI Automation Engineer - Remote Job,AI Engineer,EnthuZiastic,United States,Oklahoma City,110000,110000,110000,true,point_estimate,USD,Remote,Mid-level,,false,true,2025-12-04,Adzuna
Generative AI Automation Engineer - Remote Job,AI Engineer,EnthuZiastic,United States,Bowling Green,114000,114000,114000,true,point_estimate,USD,Remote,Mid-level,,false,true,2025-12-04,Adzuna
Generative AI Automation Engineer - Remote Job,AI Engineer,EnthuZiastic,United States,Glendale,107000,107000,107000,true,point_estimate,USD,Remote,Mid-level,,false,true,2025-12-04,Adzuna
Generative AI Automation Engineer - Remote Job,AI Engineer,EnthuZiastic,United States,Milford,122000,122000,122000,true,point_estimate,USD,Remote,Mid-level,,false,true,2025-12-04,Adzuna
Generative AI Automation Engineer - Remote Job,AI Engineer,EnthuZiastic,United States,Bristol,115000,115000,115000,true,point_estimate,USD,Remote,Mid-level,,false,true,2025-12-04,Adzuna
Generative AI Automation Engineer - Remote Job,AI Engineer,EnthuZiastic,United States,Meridian,103000,103000,103000,true,point_estimate,USD,Remote,Mid-level,,false,true,2025-12-04,Adzuna
Generative AI Automation Engineer - Remote Job,AI Engineer,EnthuZiastic,United States,South Portland,119000,119000,119000,true,point_estimate,USD,Remote,Mid-level,,false,true,2025-12-04,Adzuna
Generative AI Automation Engineer - Remote Job,AI Engineer,EnthuZiastic,United States,Honolulu,103000,103000,103000,true,point_estimate,USD,Remote,Mid-level,,false,true,2025-12-04,Adzuna
Generative AI Automation Engineer - Remote Job,AI Engineer,EnthuZiastic,United States,Jefferson City,119000,119000,119000,true,point_estimate,USD,Remote,Mid-level,,false,true,2025-12-04,Adzuna
Generative AI Automation Engineer - Remote Job,AI Engineer,EnthuZiastic,United States,Rexburg,114000,114000,114000,true,point_estimate,USD,Remote,Mid-level,,false,true,2025-12-04,Adzuna
Generative AI Automation Engineer - Remote Job,AI Engineer,EnthuZiastic,United States,Gulfport,112000,112000,112000,true,point_estimate,USD,Remote,Mid-level,,false,true,2025-12-04,Adzuna
Generative AI Automation Engineer - Remote Job,AI Engineer,EnthuZiastic,United States,Macon,111000,111000,111000,true,point_estimate,USD,Remote,Mid-level,,false,true,2025-12-04,Adzuna
MLOps Platform Engineer,MLOps / ML Infrastructure,dv01,United States,New York City,115000,115000,115000,true,point_estimate,USD,Unspecified,Mid-level,,false,false,2026-02-10,Adzuna
Senior MLOps Software Engineer,MLOps / ML Infrastructure,DSM-H LLC,United States,Illinois,95000,95000,95000,true,point_estimate,USD,Unspecified,Senior,,false,false,2026-02-10,Adzuna
MLOps Engineer,MLOps / ML Infrastructure,Leidos,United States,Redstone Arsenal,136000,136000,136000,true,point_estimate,USD,Unspecified,Mid-level,,false,false,2026-02-21,Adzuna
MLOps Engineer with Security Clearance,MLOps / ML Infrastructure,Sev1Tech,United States,State Farm,132000,132000,132000,true,point_estimate,USD,Unspecified,Mid-level,,false,false,2026-02-21,Adzuna
Senior MLOps Engineer,MLOps / ML Infrastructure,EBSCO Information Services,United States,Boston,121000,121000,121000,true,point_estimate,USD,Remote,Senior,,false,false,2025-10-28,Adzuna
"MLOps Engineer, Mid with Security Clearance",MLOps / ML Infrastructure,Booz Allen Hamilton,United States,Chantilly,93000,93000,93000,true,point_estimate,USD,Unspecified,Mid-level,,false,false,2026-02-21,Adzuna
Manager - Data Science & MLOps,MLOps / ML Infrastructure,"Techtronic Industries North America, Inc.",United States,Menomonee Falls,101000,101000,101000,true,point_estimate,USD,Unspecified,Management,,false,false,2025-07-30,Adzuna
Machine Learning Engineer-MLOps,MLOps / ML Infrastructure,JPMorgan Chase,United States,New York City,227000,227000,227000,true,point_estimate,USD,Unspecified,Senior,,false,false,2026-02-06,Adzuna
Software Engineer III -MLOps,MLOps / ML Infrastructure,JPMorgan Chase,United States,New York City,191000,191000,191000,true,point_estimate,USD,Unspecified,Mid-level,,false,false,2026-02-06,Adzuna
Machine Learning/MLOps Engineer with Security Clearance,MLOps / ML Infrastructure,Anduril Industries,United States,Costa Mesa,200000,200000,200000,true,point_estimate,USD,Unspecified,Mid-level,,false,false,2026-02-21,Adzuna
Perception MLOps Infrastructure Engineer with Security Clearance,MLOps / ML Infrastructure,General Atomics Intelligence,United States,Poway,235000,235000,235000,true,point_estimate,USD,Unspecified,Mid-level,,false,false,2026-02-21,Adzuna
"Staff Software Engineer, MLOps - Hybrid",MLOps / ML Infrastructure,Vivint,United States,Cedar Pass,71000,71000,71000,true,point_estimate,USD,Hybrid,Lead,,false,false,2026-02-12,Adzuna
Senior MLOps Engineer - Artificial Intelligence,MLOps / ML Infrastructure,Bloomberg,United States,New York City,276000,276000,276000,true,point_estimate,USD,Unspecified,Senior,Transformers,false,false,2025-02-16,Adzuna
Machine Learning Ops (MLOps) Engineer,MLOps / ML Infrastructure,"CGI Technologies and Solutions, Inc.",United States,Strongsville,114000,114000,114000,true,point_estimate,USD,Unspecified,Mid-level,"Python, SQL, AWS, Spark",false,false,2026-02-20,Adzuna
Lead Machine Learning Engineer-MLOps,MLOps / ML Infrastructure,JPMorgan Chase,United States,New York City,206000,206000,206000,true,point_estimate,USD,Unspecified,Senior,,false,false,2026-01-15,Adzuna
Machine Learning Operations (MLOps) Intern,MLOps / ML Infrastructure,Intermountain Health,United States,La Cienga,59000,59000,59000,true,point_estimate,USD,Unspecified,Mid-level,,true,false,2026-02-19,Adzuna
Machine Learning Operations (MLOps) Intern,MLOps / ML Infrastructure,Intermountain Health,United States,Annapolis,53000,53000,53000,true,point_estimate,USD,Unspecified,Mid-level,,true,true,2026-02-19,Adzuna
Machine Learning Operations (MLOps) Intern,MLOps / ML Infrastructure,Intermountain Health,United States,Augusta,58000,58000,58000,true,point_estimate,USD,Unspecified,Mid-level,,true,true,2026-02-19,Adzuna
Machine Learning Operations (MLOps) Intern,MLOps / ML Infrastructure,Intermountain Health,United States,Des Moines,42000,42000,42000,true,point_estimate,USD,Unspecified,Mid-level,,true,true,2026-02-19,Adzuna
Machine Learning Operations (MLOps) Intern,MLOps / ML Infrastructure,Intermountain Health,United States,Helena,44000,44000,44000,true,point_estimate,USD,Unspecified,Mid-level,,true,true,2026-02-19,Adzuna
Machine Learning Operations (MLOps) Intern,MLOps / ML Infrastructure,Intermountain Health,United States,Mongmong,49000,49000,49000,true,point_estimate,USD,Unspecified,Mid-level,,true,true,2026-02-19,Adzuna
Machine Learning Operations (MLOps) Intern,MLOps / ML Infrastructure,Intermountain Health,United States,Urbanización El Vedado,42000,42000,42000,true,point_estimate,USD,Unspecified,Mid-level,,true,true,2026-02-19,Adzuna
Machine Learning Operations (MLOps) Intern,MLOps / ML Infrastructure,Intermountain Health,United States,Ny State Campus,49000,49000,49000,true,point_estimate,USD,Unspecified,Mid-level,,true,true,2026-02-19,Adzuna
Machine Learning Operations (MLOps) Intern,MLOps / ML Infrastructure,Intermountain Health,United States,Archer,50000,50000,50000,true,point_estimate,USD,Unspecified,Mid-level,,true,true,2026-02-19,Adzuna
Machine Learning Operations (MLOps) Intern,MLOps / ML Infrastructure,Intermountain Health,United States,Cammack Village,65000,65000,65000,true,point_estimate,USD,Unspecified,Mid-level,,true,true,2026-02-19,Adzuna
Machine Learning Operations (MLOps) Intern,MLOps / ML Infrastructure,Intermountain Health,United States,Uptown,53000,53000,53000,true,point_estimate,USD,Unspecified,Mid-level,,true,true,2026-02-19,Adzuna
Machine Learning Operations (MLOps) Intern,MLOps / ML Infrastructure,Intermountain Health,United States,Jackson,40000,40000,40000,true,point_estimate,USD,Unspecified,Mid-level,,true,true,2026-02-19,Adzuna
Machine Learning Operations (MLOps) Intern,MLOps / ML Infrastructure,Intermountain Health,United States,State House,54000,54000,54000,true,point_estimate,USD,Unspecified,Mid-level,,true,true,2026-02-19,Adzuna
Machine Learning Operations (MLOps) Intern,MLOps / ML Infrastructure,Intermountain Health,United States,Carson Mall,46000,46000,46000,true,point_estimate,USD,Unspecified,Mid-level,,true,true,2026-02-19,Adzuna
Machine Learning Operations (MLOps) Intern,MLOps / ML Infrastructure,Intermountain Health,United States,Salem,41000,41000,41000,true,point_estimate,USD,Unspecified,Mid-level,,true,true,2026-02-19,Adzuna
Machine Learning Operations (MLOps) Intern,MLOps / ML Infrastructure,Intermountain Health,United States,"Washington, D.C.",44000,44000,44000,true,point_estimate,USD,Unspecified,Mid-level,,true,true,2026-02-19,Adzuna
Machine Learning Operations (MLOps) Intern,MLOps / ML Infrastructure,Intermountain Health,United States,Chisolm,39000,39000,39000,true,point_estimate,USD,Unspecified,Mid-level,,true,true,2026-02-19,Adzuna
Machine Learning Operations (MLOps) Intern,MLOps / ML Infrastructure,Intermountain Health,United States,Baton Rouge,42000,42000,42000,true,point_estimate,USD,Unspecified,Mid-level,,true,true,2026-02-19,Adzuna
Machine Learning Operations (MLOps) Intern,MLOps / ML Infrastructure,Intermountain Health,United States,Topeka,44000,44000,44000,true,point_estimate,USD,Unspecified,Mid-level,,true,true,2026-02-19,Adzuna
Machine Learning Operations (MLOps) Intern,MLOps / ML Infrastructure,Intermountain Health,United States,Concord,64000,64000,64000,true,point_estimate,USD,Unspecified,Mid-level,,true,true,2026-02-19,Adzuna
Machine Learning Operations (MLOps) Intern,MLOps / ML Infrastructure,Intermountain Health,United States,Atlanta,61000,61000,61000,true,point_estimate,USD,Unspecified,Mid-level,,true,true,2026-02-19,Adzuna
Machine Learning Operations (MLOps) Intern,MLOps / ML Infrastructure,Intermountain Health,United States,Cedar,46000,46000,46000,true,point_estimate,USD,Unspecified,Mid-level,,true,true,2026-02-19,Adzuna
Machine Learning Operations (MLOps) Intern,MLOps / ML Infrastructure,Intermountain Health,United States,Boston,41000,41000,41000,true,point_estimate,USD,Unspecified,Mid-level,,true,true,2026-02-19,Adzuna
Machine Learning Operations (MLOps) Intern,MLOps / ML Infrastructure,Intermountain Health,United States,Frankfort,47000,47000,47000,true,point_estimate,USD,Unspecified,Mid-level,,true,true,2026-02-19,Adzuna
Machine Learning Operations (MLOps) Intern,MLOps / ML Infrastructure,Intermountain Health,United States,Oklahoma City,43000,43000,43000,true,point_estimate,USD,Unspecified,Mid-level,,true,true,2026-02-19,Adzuna
Machine Learning Operations (MLOps) Intern,MLOps / ML Infrastructure,Intermountain Health,United States,Lansing,45000,45000,45000,true,point_estimate,USD,Unspecified,Mid-level,,true,true,2026-02-19,Adzuna
Machine Learning Operations (MLOps) Intern,MLOps / ML Infrastructure,Intermountain Health,United States,Bonnie,45000,45000,45000,true,point_estimate,USD,Unspecified,Mid-level,,true,true,2026-02-19,Adzuna
Machine Learning Operations (MLOps) Intern,MLOps / ML Infrastructure,Intermountain Health,United States,Nashville,45000,45000,45000,true,point_estimate,USD,Unspecified,Mid-level,,true,true,2026-02-19,Adzuna
Machine Learning Operations (MLOps) Intern,MLOps / ML Infrastructure,Intermountain Health,United States,Trenton,46000,46000,46000,true,point_estimate,USD,Unspecified,Mid-level,,true,true,2026-02-19,Adzuna
Machine Learning Operations (MLOps) Intern,MLOps / ML Infrastructure,Intermountain Health,United States,Pierre,65000,65000,65000,true,point_estimate,USD,Unspecified,Mid-level,,true,true,2026-02-19,Adzuna
Machine Learning Operations (MLOps) Intern,MLOps / ML Infrastructure,Intermountain Health,United States,Grandview Heights,53000,53000,53000,true,point_estimate,USD,Unspecified,Mid-level,,true,true,2026-02-19,Adzuna
Machine Learning Operations (MLOps) Intern,MLOps / ML Infrastructure,Intermountain Health,United States,Five Points,48000,48000,48000,true,point_estimate,USD,Unspecified,Mid-level,,true,true,2026-02-19,Adzuna
Machine Learning Operations (MLOps) Intern,MLOps / ML Infrastructure,Intermountain Health,United States,Wyoming,55000,55000,55000,true,point_estimate,USD,Unspecified,Mid-level,,true,true,2026-02-19,Adzuna
Machine Learning Operations (MLOps) Intern,MLOps / ML Infrastructure,Intermountain Health,United States,Boise,43000,43000,43000,true,point_estimate,USD,Unspecified,Mid-level,,true,true,2026-02-19,Adzuna
Machine Learning Operations (MLOps) Intern,MLOps / ML Infrastructure,Intermountain Health,United States,Bismarck,41000,41000,41000,true,point_estimate,USD,Unspecified,Mid-level,,true,true,2026-02-19,Adzuna
Machine Learning Operations (MLOps) Intern,MLOps / ML Infrastructure,Intermountain Health,United States,Phoenix,41000,41000,41000,true,point_estimate,USD,Unspecified,Mid-level,,true,true,2026-02-19,Adzuna
Machine Learning Operations (MLOps) Intern,MLOps / ML Infrastructure,Intermountain Health,United States,Saint Paul,42000,42000,42000,true,point_estimate,USD,Unspecified,Mid-level,,true,true,2026-02-19,Adzuna
Machine Learning Operations (MLOps) Intern,MLOps / ML Infrastructure,Intermountain Health,United States,Glendale,51000,51000,51000,true,point_estimate,USD,Unspecified,Mid-level,,true,true,2026-02-19,Adzuna
Machine Learning Operations (MLOps) Intern,MLOps / ML Infrastructure,Intermountain Health,United States,Montpelier,42000,42000,42000,true,point_estimate,USD,Unspecified,Mid-level,,true,true,2026-02-19,Adzuna
Machine Learning Operations (MLOps) Intern,MLOps / ML Infrastructure,Intermountain Health,United States,Madison,44000,44000,44000,true,point_estimate,USD,Unspecified,Mid-level,,true,true,2026-02-19,Adzuna
Machine Learning Operations (MLOps) Intern,MLOps / ML Infrastructure,Intermountain Health,United States,Charleston,45000,45000,45000,true,point_estimate,USD,Unspecified,Mid-level,,true,true,2026-02-19,Adzuna
Machine Learning Operations (MLOps) Intern,MLOps / ML Infrastructure,Intermountain Health,United States,Edgewood,43000,43000,43000,true,point_estimate,USD,Unspecified,Mid-level,,true,true,2026-02-19,Adzuna
MLOps Engineer,MLOps / ML Infrastructure,Pierce Technology Corp,United States,,70000,70000,70000,true,point_estimate,USD,Unspecified,Mid-level,,false,false,2025-09-09,Adzuna
MLOps Engineer,MLOps / ML Infrastructure,NuStar Technologies,United States,Hartford,92000,92000,92000,true,point_estimate,USD,Unspecified,Mid-level,"Python, SQL, PyTorch, Scikit-learn, AWS",false,false,2026-02-20,Adzuna
MLOps Engineer,MLOps / ML Infrastructure,Grassroots Carbon,United States,San Antonio,56000,56000,56000,true,point_estimate,USD,Unspecified,Mid-level,,false,false,2025-12-23,Adzuna
MLOps Engineer,MLOps / ML Infrastructure,Leidos,United States,Huntsville,108000,195000,151500,false,range,USD,Unspecified,Mid-level,,false,false,2026-02-08,Adzuna
MLOps Engineer,MLOps / ML Infrastructure,Reality Defender,United States,New York City,90000,120000,105000,false,range,USD,Unspecified,Mid-level,,false,false,2026-02-21,Adzuna
MLOps Engineer,MLOps / ML Infrastructure,Inovalon,United States,Atlanta,97000,97000,97000,true,point_estimate,USD,Unspecified,Mid-level,AWS,false,false,2026-01-25,Adzuna
MLOps Engineer,MLOps / ML Infrastructure,Bright Vision Technologies,United States,Bridgewater,70000,70000,70000,true,point_estimate,USD,Unspecified,Mid-level,,false,false,2026-02-19,Adzuna
MLOps Engineer,MLOps / ML Infrastructure,Sev1Tech LLC,United States,Arlington,115000,115000,115000,true,point_estimate,USD,Unspecified,Mid-level,,false,false,2026-02-02,Adzuna
MLOps Engineer,MLOps / ML Infrastructure,"Sev1 Tech, Inc.",United States,South,94000,94000,94000,true,point_estimate,USD,Unspecified,Mid-level,,false,false,2025-11-15,Adzuna
MLOps Engineer,MLOps / ML Infrastructure,Leidos,United States,Reston,132000,132000,132000,true,point_estimate,USD,Unspecified,Mid-level,,false,true,2026-02-10,Adzuna
Senior Machine Learning/MLOps Engineer with Security Clearance,MLOps / ML Infrastructure,Anduril Industries,United States,Costa Mesa,286000,286000,286000,true,point_estimate,USD,Unspecified,Senior,,false,false,2026-02-21,Adzuna
"Senior Director, Data Engineering - MLOps Lead",MLOps / ML Infrastructure,Travelers Insurance Company,United States,Saint Paul,125000,125000,125000,true,point_estimate,USD,Unspecified,Senior,,false,false,2026-01-28,Adzuna
"Senior Director, Data Engineering - MLOps Lead",MLOps / ML Infrastructure,Travelers Insurance Company,United States,Talcott Village,137000,137000,137000,true,point_estimate,USD,Unspecified,Senior,,false,true,2026-01-28,Adzuna
"Senior Principal MLOps Engineer, AI Inference",MLOps / ML Infrastructure,Red Hat,United States,Five Points,169000,169000,169000,true,point_estimate,USD,Unspecified,Senior,,false,false,2025-10-09,Adzuna
"Senior Principal MLOps Engineer, AI Inference",MLOps / ML Infrastructure,Red Hat,United States,Boston,143000,143000,143000,true,point_estimate,USD,Unspecified,Senior,,false,true,2025-08-30,Adzuna
Senior MLOps Engineer,MLOps / ML Infrastructure,VDart Inc,United States,Crystal,135000,146000,140500,false,range,USD,Unspecified,Senior,"Python, PyTorch, TensorFlow, Scikit-learn, AWS",false,false,2026-02-18,Adzuna
"MLOps Engineer, Mid",MLOps / ML Infrastructure,Booz Allen Hamilton,United States,Chantilly,78000,176000,127000,false,range,USD,Unspecified,Mid-level,,false,false,2026-01-22,Adzuna
AI Operations (MLOps),MLOps / ML Infrastructure,OpenNetworks,United States,,95000,95000,95000,true,point_estimate,USD,Unspecified,Mid-level,"Python, AWS, GCP, Azure, Docker, Kubernetes, MLflow",false,false,2026-02-18,Adzuna
Lead MLOps Engineer,MLOps / ML Infrastructure,CHEQUESPREAD PLC,United States,Goodyear,151000,151000,151000,true,point_estimate,USD,Hybrid,Senior,,false,false,2026-01-28,Adzuna
Data and MLOps Engineer,MLOps / ML Infrastructure,DPR,United States,Raleigh,118000,118000,118000,true,point_estimate,USD,Unspecified,Mid-level,,false,false,2025-12-17,Adzuna
Senior MLOps Engineer,MLOps / ML Infrastructure,CreatorIQ,United States,San Francisco,198000,230000,214000,false,range,USD,Unspecified,Senior,,false,false,2026-02-08,Adzuna
Senior MLOps Engineer,MLOps / ML Infrastructure,Analytica,United States,Washington,109000,109000,109000,true,point_estimate,USD,Unspecified,Senior,,false,false,2026-01-28,Adzuna
MLOps Platform Engineer,MLOps / ML Infrastructure,dv01,United States,,185000,200000,192500,false,range,USD,Unspecified,Mid-level,,false,false,2026-02-12,Adzuna
MLOps Platform Engineer,MLOps / ML Infrastructure,dv01,United States,Prince,126000,126000,126000,true,point_estimate,USD,Unspecified,Mid-level,,false,true,2026-02-11,Adzuna
Senior MLOps Engineer,MLOps / ML Infrastructure,Fortytwo,United States,,183000,183000,183000,true,point_estimate,USD,Unspecified,Senior,Kubernetes,false,false,2025-03-06,Adzuna
Senior MLOps Engineer,MLOps / ML Infrastructure,Bonsai Robotics,United States,San Jose,120000,180000,150000,false,range,USD,Unspecified,Senior,,false,false,2025-12-04,Adzuna
MLOps Platform Engineer,MLOps / ML Infrastructure,Ahead,United States,,86000,86000,86000,true,point_estimate,USD,Unspecified,Mid-level,,false,false,2025-11-20,Adzuna
Senior MLOps Engineer,MLOps / ML Infrastructure,Teleo,United States,Palo Alto,149000,149000,149000,true,point_estimate,USD,Unspecified,Senior,,false,false,2026-02-19,Adzuna
MLOps Software Engineer,MLOps / ML Infrastructure,GIGATEC,United States,Savage,215000,225000,220000,false,range,USD,Unspecified,Mid-level,,false,false,2024-08-01,Adzuna
Senior MLOps Engineer,MLOps / ML Infrastructure,"EBSCO Information Services, LLC",United States,,120000,172000,146000,false,range,USD,Remote,Senior,,false,false,2025-10-28,Adzuna
Sr. Scrum Master - AI/MLOps Product Delivery,MLOps / ML Infrastructure,Travelers Insurance Company,United States,Saint Paul,117000,117000,117000,true,point_estimate,USD,Unspecified,Senior,,false,false,2026-02-21,Adzuna
Sr. Scrum Master - AI/MLOps Product Delivery,MLOps / ML Infrastructure,Travelers Insurance Company,United States,Talcott Village,130000,130000,130000,true,point_estimate,USD,Unspecified,Senior,,false,true,2026-02-21,Adzuna
Sr. Scrum Master - AI/MLOps Product Delivery,MLOps / ML Infrastructure,Travelers Insurance Company,United States,Atlanta,169000,169000,169000,true,point_estimate,USD,Unspecified,Senior,,false,true,2026-02-21,Adzuna
Machine Learning Engineer-MLOps,MLOps / ML Infrastructure,JPMorganChase,United States,New York,128000,195000,161500,false,range,USD,Unspecified,Senior,,false,false,2026-02-04,Adzuna
Machine Learning/MLOps Engineer,MLOps / ML Infrastructure,Anduril Industries,United States,Costa Mesa,191000,253000,222000,false,range,USD,Unspecified,Mid-level,,false,false,2025-12-05,Adzuna
Software Engineer III -MLOps,MLOps / ML Infrastructure,JPMorganChase,United States,New York,133000,185000,159000,false,range,USD,Unspecified,Mid-level,,false,false,2026-02-05,Adzuna
Staff MLOps Engineer – LLMOps,MLOps / ML Infrastructure,TRM Labs,United States,,220000,240000,230000,false,range,USD,Unspecified,Lead,,false,false,2026-01-08,Adzuna
Senior MLOps Engineer – LLMOps,MLOps / ML Infrastructure,TRM Labs,United States,,200000,220000,210000,false,range,USD,Unspecified,Senior,,false,false,2025-11-26,Adzuna
Sr. Manager MLOps Engineering,MLOps / ML Infrastructure,McKesson,United States,Irving,164000,273000,218500,false,range,USD,Unspecified,Senior,,false,false,2026-01-09,Adzuna
Manager – Data Science & MLOps,MLOps / ML Infrastructure,Milwaukee Tool,United States,,105000,105000,105000,true,point_estimate,USD,Unspecified,Management,,false,false,2025-08-01,Adzuna
MLOps Tech Lead (Remote),MLOps / ML Infrastructure,Guild,United States,Denver,244000,280000,262000,false,range,USD,Remote,Lead,,false,false,2025-08-09,Adzuna
"Associate Director, MLOps Engineering",MLOps / ML Infrastructure,PathAI,United States,Boston,182000,278000,230000,false,range,USD,Unspecified,Junior,,false,false,2025-12-04,Adzuna
Senior DevOps / MLOps Engineer,MLOps / ML Infrastructure,GenBio AI,United States,Palo Alto,186000,186000,186000,true,point_estimate,USD,Unspecified,Senior,,false,false,2025-01-18,Adzuna
"Systems Architect 2, MLOps",MLOps / ML Infrastructure,University of Miami,United States,Miami,130000,130000,130000,true,point_estimate,USD,Unspecified,Lead,,false,false,2025-11-28,Adzuna
Machine Learning Engineer-MLOps,MLOps / ML Infrastructure,JPMorganChase,United States,New York City,128000,195000,161500,false,range,USD,Unspecified,Senior,,false,false,2026-02-04,Adzuna
Software Engineer - DevOps and MLOps,MLOps / ML Infrastructure,Maven Robotics,United States,San Francisco,129000,129000,129000,true,point_estimate,USD,Unspecified,Mid-level,,false,false,2025-04-19,Adzuna
Senior/Advanced MLOps Engineer,MLOps / ML Infrastructure,General Dynamics Mission Systems,United States,,85000,85000,85000,true,point_estimate,USD,Unspecified,Senior,,false,false,2025-07-02,Adzuna
MLOps / ML Platform Engineer,MLOps / ML Infrastructure,SumerSports,United States,,146000,146000,146000,true,point_estimate,USD,Unspecified,Mid-level,,false,false,2025-10-29,Adzuna
Software Engineer III -MLOps,MLOps / ML Infrastructure,"JPMorgan Chase Bank, N.A.",United States,Chelsea and Clinton,163000,163000,163000,true,point_estimate,USD,Unspecified,Mid-level,,false,false,2026-02-20,Adzuna
Machine Learning Engineer / MLOps Engineer,MLOps / ML Infrastructure,"PTF Consulting, LLC",United States,Fort Worth,79000,79000,79000,true,point_estimate,USD,Unspecified,Senior,,false,false,2026-01-19,Adzuna
Machine Learning Ops (MLOps) Engineer,MLOps / ML Infrastructure,CGI,United States,Strongsville,57000,154000,105500,false,range,USD,Unspecified,Mid-level,"Python, SQL, AWS, Spark, Hadoop",false,false,2026-02-22,Adzuna
Lead Machine Learning Engineer-MLOps,MLOps / ML Infrastructure,JPMorganChase,United States,New York,164000,260000,212000,false,range,USD,Unspecified,Senior,,false,false,2026-01-14,Adzuna
"Senior Data & ML Engineer, MLOps",MLOps / ML Infrastructure,Corebridge Financial,United States,Houston,135000,190000,162500,false,range,USD,Unspecified,Senior,,false,false,2026-01-31,Adzuna
Senior Machine Learning/MLOps Engineer,MLOps / ML Infrastructure,Anduril Industries,United States,Costa Mesa,220000,292000,256000,false,range,USD,Unspecified,Senior,,false,false,2025-12-05,Adzuna
Machine Learning Engineer – MLOps Lead,MLOps / ML Infrastructure,CoSourcing Partners,United States,New Jersey,134000,134000,134000,true,point_estimate,USD,Remote,Lead,,false,false,2026-01-11,Adzuna
"Software/MLOps Engineer (Python, AWS)",MLOps / ML Infrastructure,Sphere,United States,North Miami Beach,114000,114000,114000,true,point_estimate,USD,Unspecified,Mid-level,"Python, AWS",false,false,2026-02-21,Adzuna
"Staff Software Engineer, MLOps - Hybrid",MLOps / ML Infrastructure,NRG,United States,Utah,93000,93000,93000,true,point_estimate,USD,Hybrid,Lead,,false,false,2026-02-11,Adzuna
Senior MLOps Engineer - Artificial Intelligence,MLOps / ML Infrastructure,Bloomberg,United States,New York City,160000,240000,200000,false,range,USD,Unspecified,Senior,Transformers,false,false,2026-02-08,Adzuna
Senior DevOps Engineer (Infrastructure & MLOps),MLOps / ML Infrastructure,Prompt,United States,,180000,200000,190000,false,range,USD,Unspecified,Senior,,false,false,2026-01-10,Adzuna
Senior Software Engineer (MLOps and Backend),MLOps / ML Infrastructure,Kouper Health,United States,New York City,185000,185000,185000,true,point_estimate,USD,Unspecified,Senior,,false,false,2026-02-06,Adzuna
"Senior Software Engineer, AI/MLOps",MLOps / ML Infrastructure,Galileo,United States,Burlingame,180000,225000,202500,false,range,USD,Unspecified,Senior,,false,false,2026-02-06,Adzuna
Machine Learning Operations (MLOps) Intern,MLOps / ML Infrastructure,Intermountain Health,United States,Penbrook,42000,42000,42000,true,point_estimate,USD,Unspecified,Mid-level,,true,true,2026-02-19,Adzuna
Machine Learning Operations (MLOps) Intern,MLOps / ML Infrastructure,Intermountain Health,United States,Tarrytown,52000,52000,52000,true,point_estimate,USD,Unspecified,Mid-level,,true,true,2026-02-19,Adzuna
Machine Learning Operations (MLOps) Intern,MLOps / ML Infrastructure,Intermountain Health,United States,Capitol,43000,43000,43000,true,point_estimate,USD,Unspecified,Mid-level,,true,true,2026-02-19,Adzuna
Machine Learning Operations (MLOps) Intern,MLOps / ML Infrastructure,Intermountain Health,United States,Springfield,43000,43000,43000,true,point_estimate,USD,Unspecified,Mid-level,,true,true,2026-02-19,Adzuna
Machine Learning Operations (MLOps) Intern,MLOps / ML Infrastructure,Intermountain Health,United States,Douglas,50000,50000,50000,true,point_estimate,USD,Unspecified,Mid-level,,true,true,2026-02-19,Adzuna
Machine Learning Operations (MLOps) Intern,MLOps / ML Infrastructure,IHC Health Services,United States,,45000,66000,55500,false,range,USD,Unspecified,Mid-level,,true,false,2026-02-22,Adzuna
Senior Software Engineer (MLOps / Developer Tools),MLOps / ML Infrastructure,HRC Global Services,United States,Tenderloin,86000,86000,86000,true,point_estimate,USD,Unspecified,Senior,,false,false,2026-02-18,Adzuna
Data Scientist (AI/ML/MLOps/VertexAI),MLOps / ML Infrastructure,Exusia,United States,,107000,107000,107000,true,point_estimate,USD,Unspecified,Mid-level,,false,false,2025-12-19,Adzuna
MLOps / LLMOps Engineer (AI Platform & Deployment),MLOps / ML Infrastructure,Vertex,United States,,94000,94000,94000,true,point_estimate,USD,Remote,Senior,,false,false,2026-02-05,Adzuna
"Travel Nurse RN - Telemetry - $2,147 per week",Other / Unclassified,eTeam Inc,United States,Cherry Hills,,112000,112000,true,point_estimate,USD,Unspecified,Mid-level,,false,false,2026-02-21,Adzuna
"Enterprise - AI Engineer - AWS, EDA, MLOps",MLOps / ML Infrastructure,Erias Ventures,United States,Savage,150000,265000,207500,false,range,USD,Unspecified,Lead,AWS,false,false,2026-02-11,Adzuna
"Senior Director, Data Engineering - MLOps Lead",MLOps / ML Infrastructure,Travelers,United States,Hartford,154000,254000,204000,false,range,USD,Unspecified,Senior,,false,false,2026-02-13,Adzuna
"Senior Director, Data Engineering - MLOps Lead",MLOps / ML Infrastructure,Travelers Insurance Company,United States,Alpharetta,149000,149000,149000,true,point_estimate,USD,Unspecified,Senior,,false,true,2026-01-28,Adzuna
"Senior Director, Data Engineering - MLOps Lead",MLOps / ML Infrastructure,Travelers Insurance Company,United States,Buckingham,171000,171000,171000,true,point_estimate,USD,Unspecified,Senior,,false,true,2026-01-28,Adzuna
"Senior Director, Data Engineering - MLOps Lead",MLOps / ML Infrastructure,Travelers Insurance Company,United States,Blue Bell,137000,137000,137000,true,point_estimate,USD,Unspecified,Senior,,false,true,2026-01-28,Adzuna
Senior AI / MLOps Engineer – Clinical AI,MLOps / ML Infrastructure,IMO Health,United States,Houston,96000,96000,96000,true,point_estimate,USD,Unspecified,Senior,,false,false,2025-09-19,Adzuna
Senior AI / MLOps Engineer – Clinical AI,MLOps / ML Infrastructure,IMO Health,United States,Rosemont,140000,200000,170000,false,range,USD,Unspecified,Senior,,false,true,2026-02-06,Adzuna
Staff AI / MLOps Engineer - Clinical AI,MLOps / ML Infrastructure,IMO Health,United States,Houston,108000,108000,108000,true,point_estimate,USD,Unspecified,Lead,,false,false,2025-10-16,Adzuna
Director of Software Engineering (MLOps & ML Governance),MLOps / ML Infrastructure,Empower Retirement,United States,,138000,200000,169000,false,range,USD,Unspecified,Management,,false,false,2026-02-15,Adzuna
Data Science & MLOps Internship Summer 2026,MLOps / ML Infrastructure,CCC Intelligent Solutions,United States,Chicago,42000,89000,65500,false,range,USD,Unspecified,Mid-level,,true,false,2026-02-15,Adzuna
MLOps Software Engineer (TS/SCI with Poly),MLOps / ML Infrastructure,Staffed4U,United States,Annapolis Junction,100000,100000,100000,true,point_estimate,USD,Onsite,Mid-level,,false,false,2025-09-12,Adzuna
Senior AI-HPC Cluster Engineer - MLOps,MLOps / ML Infrastructure,NVIDIA,United States,,,288000,288000,true,point_estimate,USD,Unspecified,Senior,,false,false,2025-08-01,Adzuna
"Applied AI, Senior MLOps Engineer - NYC",MLOps / ML Infrastructure,Mistral Ai,United States,Church Street,140000,140000,140000,true,point_estimate,USD,Unspecified,Senior,,false,false,2025-09-27,Adzuna
"Applied AI, Senior MLOps Engineer - NYC",MLOps / ML Infrastructure,Mistral AI,United States,New York City,117000,117000,117000,true,point_estimate,USD,Unspecified,Senior,,false,true,2025-08-24,Adzuna
Sr. Machine Learning Engineer & MLOps POD Lead,MLOps / ML Infrastructure,"PTF Consulting, LLC",United States,Fort Worth,81000,81000,81000,true,point_estimate,USD,Onsite,Senior,,false,false,2026-01-19,Adzuna
Senior Machine Learning Engineer - I (MLOps/LLMOps),MLOps / ML Infrastructure,Sumo Logic,United States,,189000,189000,189000,true,point_estimate,USD,Unspecified,Senior,,false,false,2026-02-05,Adzuna
"Enterprise - Senior Data Scientist - AI/ML, Modeling, MLOPS",MLOps / ML Infrastructure,Erias Ventures,United States,Savage,240000,265000,252500,false,range,USD,Unspecified,Senior,,false,false,2026-02-12,Adzuna
Senior MLOps Engineer - Analytics & AI - R&D - Engineering,MLOps / ML Infrastructure,Athena Health,United States,Boston,145000,247000,196000,false,range,USD,Unspecified,Senior,R,false,false,2026-01-25,Adzuna
Temporary Online Course Developer - Machine Learning Engineering and MLOps,MLOps / ML Infrastructure,Brandeis University,United States,Waltham,77000,77000,77000,true,point_estimate,USD,Remote,Mid-level,,false,false,2026-02-01,Adzuna
Senior Data Engineer,Data Engineer,Jobot,United States,Charlotte,145000,145000,145000,true,point_estimate,USD,Unspecified,Senior,,false,false,2026-02-16,Adzuna
Senior Data Engineer,Data Engineer,Jobot,United States,Bellville,140000,140000,140000,true,point_estimate,USD,Unspecified,Senior,,false,true,2026-02-16,Adzuna
Senior Data Engineer,Data Engineer,Jobot,United States,Presidio,157000,157000,157000,true,point_estimate,USD,Unspecified,Senior,,false,true,2026-02-16,Adzuna
Senior Data Engineer,Data Engineer,Jobot,United States,New York City,144000,144000,144000,true,point_estimate,USD,Unspecified,Senior,,false,true,2026-02-16,Adzuna
Lead DevOps Engineer (AI/ML Ops) with Security Clearance,MLOps / ML Infrastructure,"Prime Solutions Group, Inc",United States,Goodyear,125000,125000,125000,true,point_estimate,USD,Hybrid,Senior,,false,false,2026-02-21,Adzuna
Master Electrician,Other / Unclassified,Jobot,United States,Huntsville,150000,150000,150000,true,point_estimate,USD,Unspecified,Mid-level,,false,false,2026-02-16,Adzuna
Director of Preconstruction,Other / Unclassified,Jobot,United States,Acton,144000,144000,144000,true,point_estimate,USD,Unspecified,Management,,false,false,2026-02-17,Adzuna
Paralegal,Other / Unclassified,Jobot,United States,Priceville,116000,116000,116000,true,point_estimate,USD,Unspecified,Mid-level,,false,false,2026-02-16,Adzuna
Staff DevOps Engineer (AI/ML Ops) with Security Clearance,MLOps / ML Infrastructure,"Prime Solutions Group, Inc",United States,Goodyear,114000,114000,114000,true,point_estimate,USD,Unspecified,Senior,,false,false,2026-02-21,Adzuna
Senior Lead AI/ML Engineer - Remote,Machine Learning Engineer,Tanisha Systems,United States,Texas,156000,156000,156000,true,point_estimate,USD,Remote,Senior,,false,false,2026-02-21,Adzuna
Senior DevOps Engineer (AI/ML Ops) with Security Clearance,MLOps / ML Infrastructure,"Prime Solutions Group, Inc",United States,Goodyear,146000,146000,146000,true,point_estimate,USD,Unspecified,Junior,,false,false,2026-02-21,Adzuna
AI Data Architect,Data Engineer,Global IT Con,United States,Santa Ana,100000,100000,100000,true,point_estimate,USD,Unspecified,Senior,"GCP, RAG",false,false,2026-01-06,Adzuna
"Data Science Engineer Agentic AI (Enterprise Data), (Inperson Interview mandatory)",Data Scientist,TOPSYSIT,United States,Alpharetta,141000,141000,141000,true,point_estimate,USD,Hybrid,Mid-level,,false,false,2026-02-03,Adzuna
Principal Data Platform Engineer - Azure,Data Engineer,MetLife,United States,New York City,170000,170000,170000,true,point_estimate,USD,Unspecified,Lead,Azure,false,false,2025-10-12,Adzuna
Senior SaaS Cloud Capacity Engineer,Other / Unclassified,Oracle,United States,Bonnie,172000,172000,172000,true,point_estimate,USD,Unspecified,Senior,,false,false,2025-09-06,Adzuna
Senior SaaS Cloud Capacity Engineer,Other / Unclassified,Oracle,United States,Tumwater,170000,170000,170000,true,point_estimate,USD,Unspecified,Senior,,false,true,2025-09-06,Adzuna
Senior SaaS Cloud Capacity Engineer,Other / Unclassified,Oracle,United States,Madison,171000,171000,171000,true,point_estimate,USD,Unspecified,Senior,,false,true,2025-09-05,Adzuna
Senior SaaS Cloud Capacity Engineer,Other / Unclassified,Oracle,United States,Frankfort,184000,184000,184000,true,point_estimate,USD,Unspecified,Senior,,false,true,2025-09-06,Adzuna
Senior SaaS Cloud Capacity Engineer,Other / Unclassified,Oracle,United States,Wake Island,155000,155000,155000,true,point_estimate,USD,Unspecified,Senior,,false,true,2025-09-06,Adzuna
Senior SaaS Cloud Capacity Engineer,Other / Unclassified,Oracle,United States,Montpelier,164000,164000,164000,true,point_estimate,USD,Unspecified,Senior,,false,true,2025-09-06,Adzuna
Senior SaaS Cloud Capacity Engineer,Other / Unclassified,Oracle,United States,Sacramento,178000,178000,178000,true,point_estimate,USD,Unspecified,Senior,,false,true,2025-09-07,Adzuna
Senior SaaS Cloud Capacity Engineer,Other / Unclassified,Oracle,United States,La Cienga,230000,230000,230000,true,point_estimate,USD,Unspecified,Senior,,false,true,2025-09-07,Adzuna
Senior SaaS Cloud Capacity Engineer,Other / Unclassified,Oracle,United States,Annapolis,206000,206000,206000,true,point_estimate,USD,Unspecified,Senior,,false,true,2025-09-07,Adzuna
Senior SaaS Cloud Capacity Engineer,Other / Unclassified,Oracle,United States,Cammack Village,251000,251000,251000,true,point_estimate,USD,Unspecified,Senior,,false,true,2025-09-06,Adzuna
Senior SaaS Cloud Capacity Engineer,Other / Unclassified,Oracle,United States,Concord,247000,247000,247000,true,point_estimate,USD,Unspecified,Senior,,false,true,2025-09-06,Adzuna
Senior SaaS Cloud Capacity Engineer,Other / Unclassified,Oracle,United States,Carson Mall,176000,176000,176000,true,point_estimate,USD,Unspecified,Senior,,false,true,2025-09-06,Adzuna
Senior SaaS Cloud Capacity Engineer,Other / Unclassified,Oracle,United States,Topeka,171000,171000,171000,true,point_estimate,USD,Unspecified,Senior,,false,true,2025-09-06,Adzuna
Senior SaaS Cloud Capacity Engineer,Other / Unclassified,Oracle,United States,State House,207000,207000,207000,true,point_estimate,USD,Unspecified,Senior,,false,true,2025-09-05,Adzuna
Senior SaaS Cloud Capacity Engineer,Other / Unclassified,Oracle,United States,Talcott Village,181000,181000,181000,true,point_estimate,USD,Unspecified,Senior,,false,true,2025-09-06,Adzuna
Senior SaaS Cloud Capacity Engineer,Other / Unclassified,Oracle,United States,Edgewood,167000,167000,167000,true,point_estimate,USD,Unspecified,Senior,,false,true,2025-09-07,Adzuna
Senior SaaS Cloud Capacity Engineer,Other / Unclassified,Oracle,United States,Archer,194000,194000,194000,true,point_estimate,USD,Unspecified,Senior,,false,true,2025-09-06,Adzuna
Senior SaaS Cloud Capacity Engineer,Other / Unclassified,Oracle,United States,Jackson,153000,153000,153000,true,point_estimate,USD,Unspecified,Senior,,false,true,2025-09-05,Adzuna
Senior SaaS Cloud Capacity Engineer,Other / Unclassified,Oracle,United States,Baton Rouge,163000,163000,163000,true,point_estimate,USD,Unspecified,Senior,,false,true,2025-09-06,Adzuna
Senior SaaS Cloud Capacity Engineer,Other / Unclassified,Oracle,United States,Chisolm,149000,149000,149000,true,point_estimate,USD,Unspecified,Senior,,false,true,2025-09-05,Adzuna
Senior SaaS Cloud Capacity Engineer,Other / Unclassified,Oracle,United States,Phoenix,159000,159000,159000,true,point_estimate,USD,Unspecified,Senior,,false,true,2025-09-05,Adzuna
Senior SaaS Cloud Capacity Engineer,Other / Unclassified,Oracle,United States,Wyoming,211000,211000,211000,true,point_estimate,USD,Unspecified,Senior,,false,true,2025-09-05,Adzuna
Senior SaaS Cloud Capacity Engineer,Other / Unclassified,Oracle,United States,Boise,165000,165000,165000,true,point_estimate,USD,Unspecified,Senior,,false,true,2025-09-06,Adzuna
Senior SaaS Cloud Capacity Engineer,Other / Unclassified,Oracle,United States,Trenton,176000,176000,176000,true,point_estimate,USD,Unspecified,Senior,,false,true,2025-09-05,Adzuna
Senior SaaS Cloud Capacity Engineer,Other / Unclassified,Oracle,United States,Mongmong,188000,188000,188000,true,point_estimate,USD,Unspecified,Senior,,false,true,2025-09-06,Adzuna
Senior SaaS Cloud Capacity Engineer,Other / Unclassified,Oracle,United States,Urbanización El Vedado,162000,162000,162000,true,point_estimate,USD,Unspecified,Senior,,false,true,2025-09-06,Adzuna
Senior SaaS Cloud Capacity Engineer,Other / Unclassified,Oracle,United States,Lansing,176000,176000,176000,true,point_estimate,USD,Unspecified,Senior,,false,true,2025-09-06,Adzuna
Senior SaaS Cloud Capacity Engineer,Other / Unclassified,Oracle,United States,Uptown,205000,205000,205000,true,point_estimate,USD,Unspecified,Senior,,false,true,2025-09-06,Adzuna
Senior SaaS Cloud Capacity Engineer,Other / Unclassified,Oracle,United States,Des Moines,162000,162000,162000,true,point_estimate,USD,Unspecified,Senior,,false,true,2025-09-07,Adzuna
"Computer Vision Engineer, Space with Security Clearance",Computer Vision,Anduril Industries,United States,Costa Mesa,189000,189000,189000,true,point_estimate,USD,Unspecified,Mid-level,Computer Vision,false,false,2026-02-21,Adzuna
"Computer Vision Engineer, Space with Security Clearance",Computer Vision,Anduril Industries,United States,"Washington, D.C.",194000,194000,194000,true,point_estimate,USD,Unspecified,Mid-level,Computer Vision,false,true,2026-02-21,Adzuna
"Senior Computer Vision Engineer, Space with Security Clearance",Computer Vision,Anduril Industries,United States,"Washington, D.C.",213000,213000,213000,true,point_estimate,USD,Unspecified,Senior,Computer Vision,false,false,2026-02-21,Adzuna
"Senior Computer Vision Engineer, Space with Security Clearance",Computer Vision,Anduril Industries,United States,Costa Mesa,207000,207000,207000,true,point_estimate,USD,Unspecified,Senior,Computer Vision,false,true,2026-02-21,Adzuna
Computer Vision Engineer,Computer Vision,Bright Vision Technologies,United States,Atlanta,69000,69000,69000,true,point_estimate,USD,Unspecified,Mid-level,Computer Vision,false,false,2026-02-08,Adzuna
Computer Vision Engineer,Computer Vision,Bright Vision Technologies,United States,Cleveland,70000,70000,70000,true,point_estimate,USD,Unspecified,Mid-level,Computer Vision,false,true,2026-02-08,Adzuna
Computer Vision Engineer,Computer Vision,Bright Vision Technologies,United States,Houston,71000,71000,71000,true,point_estimate,USD,Unspecified,Mid-level,Computer Vision,false,true,2026-02-08,Adzuna
Computer Vision Engineer,Computer Vision,Bright Vision Technologies,United States,Phoenix,67000,67000,67000,true,point_estimate,USD,Unspecified,Mid-level,Computer Vision,false,true,2026-02-08,Adzuna
Computer Vision Engineer,Computer Vision,Bright Vision Technologies,United States,Orlando,72000,72000,72000,true,point_estimate,USD,Unspecified,Mid-level,Computer Vision,false,true,2026-02-08,Adzuna
Computer Vision Engineer,Computer Vision,Bright Vision Technologies,United States,Tampa,71000,71000,71000,true,point_estimate,USD,Unspecified,Mid-level,Computer Vision,false,true,2026-02-08,Adzuna
Computer Vision Engineer,Computer Vision,Bright Vision Technologies,United States,Detroit,74000,74000,74000,true,point_estimate,USD,Unspecified,Mid-level,Computer Vision,false,true,2026-02-08,Adzuna
Computer Vision Engineer,Computer Vision,Bright Vision Technologies,United States,Fairfax,72000,72000,72000,true,point_estimate,USD,Unspecified,Mid-level,Computer Vision,false,true,2026-02-08,Adzuna
Computer Vision Engineer,Computer Vision,Bright Vision Technologies,United States,Miami,77000,77000,77000,true,point_estimate,USD,Unspecified,Mid-level,Computer Vision,false,true,2026-02-08,Adzuna
Computer Vision Engineer,Computer Vision,Bright Vision Technologies,United States,Denver,76000,76000,76000,true,point_estimate,USD,Unspecified,Mid-level,Computer Vision,false,true,2026-02-08,Adzuna
Computer Vision Engineer,Computer Vision,Bright Vision Technologies,United States,Chicago,72000,72000,72000,true,point_estimate,USD,Unspecified,Mid-level,Computer Vision,false,true,2026-02-08,Adzuna
Computer Vision Engineer,Computer Vision,Bright Vision Technologies,United States,San Antonio,69000,69000,69000,true,point_estimate,USD,Unspecified,Mid-level,Computer Vision,false,true,2026-02-08,Adzuna
Computer Vision Engineer,Computer Vision,Bright Vision Technologies,United States,Philadelphia,78000,78000,78000,true,point_estimate,USD,Unspecified,Mid-level,Computer Vision,false,true,2026-02-08,Adzuna
Computer Vision Engineer,Computer Vision,Bright Vision Technologies,United States,Charlotte,69000,69000,69000,true,point_estimate,USD,Unspecified,Mid-level,Computer Vision,false,true,2026-02-08,Adzuna
Computer Vision Engineer,Computer Vision,Bright Vision Technologies,United States,Minneapolis,75000,75000,75000,true,point_estimate,USD,Unspecified,Mid-level,Computer Vision,false,true,2026-02-08,Adzuna
Computer Vision Engineer,Computer Vision,Bright Vision Technologies,United States,Indianapolis,70000,70000,70000,true,point_estimate,USD,Unspecified,Mid-level,Computer Vision,false,true,2026-02-08,Adzuna
Computer Vision Engineer,Computer Vision,Bright Vision Technologies,United States,Cincinnati,73000,73000,73000,true,point_estimate,USD,Unspecified,Mid-level,Computer Vision,false,true,2026-02-08,Adzuna
Computer Vision Engineer,Computer Vision,Bright Vision Technologies,United States,Boston,76000,76000,76000,true,point_estimate,USD,Unspecified,Mid-level,Computer Vision,false,true,2026-02-08,Adzuna
Computer Vision Engineer,Computer Vision,Bright Vision Technologies,United States,Raleigh,71000,71000,71000,true,point_estimate,USD,Unspecified,Mid-level,Computer Vision,false,true,2026-02-08,Adzuna
Computer Vision Engineer,Computer Vision,Bright Vision Technologies,United States,Bratenahl,79000,79000,79000,true,point_estimate,USD,Unspecified,Mid-level,Computer Vision,false,true,2026-02-10,Adzuna
Computer Vision Engineer,Computer Vision,Bright Vision Technologies,United States,Federal Heights,82000,82000,82000,true,point_estimate,USD,Unspecified,Mid-level,Computer Vision,false,true,2026-02-10,Adzuna
Computer Vision Engineer,Computer Vision,Bright Vision Technologies,United States,Middle East,83000,83000,83000,true,point_estimate,USD,Unspecified,Mid-level,Computer Vision,false,true,2026-02-10,Adzuna
Computer Vision Engineer,Computer Vision,Bright Vision Technologies,United States,The Gap,83000,83000,83000,true,point_estimate,USD,Unspecified,Mid-level,Computer Vision,false,true,2026-02-10,Adzuna
Computer Vision Engineer,Computer Vision,Bright Vision Technologies,United States,Crestwood,78000,78000,78000,true,point_estimate,USD,Unspecified,Mid-level,Computer Vision,false,true,2026-02-10,Adzuna
Computer Vision Engineer,Computer Vision,Bright Vision Technologies,United States,Brickell,79000,79000,79000,true,point_estimate,USD,Unspecified,Mid-level,Computer Vision,false,true,2026-02-10,Adzuna
Computer Vision Engineer,Computer Vision,9 Mothers,United States,Austin,150000,400000,275000,false,range,USD,Onsite,Senior,Computer Vision,false,false,2026-02-18,Adzuna
Computer Vision Engineer,Computer Vision,AGCO Corporation,United States,Tremont,80000,80000,80000,true,point_estimate,USD,Onsite,Mid-level,Computer Vision,false,false,2025-08-22,Adzuna
Computer Vision Engineer,Computer Vision,Aquabyte,United States,Pittsburgh,131000,131000,131000,true,point_estimate,USD,Unspecified,Mid-level,Computer Vision,false,false,2025-12-09,Adzuna
Computer Vision Engineer,Computer Vision,Aquabyte,United States,,147000,147000,147000,true,point_estimate,USD,Unspecified,Mid-level,Computer Vision,false,true,2025-12-09,Adzuna
Computer Vision Engineer,Computer Vision,Augmodo,United States,California,155000,210000,182500,false,range,USD,Unspecified,Mid-level,Computer Vision,false,false,2025-08-07,Adzuna
Computer Vision Engineer,Computer Vision,Atomic Machines,United States,Santa Clara,170000,230000,200000,false,range,USD,Unspecified,Mid-level,Computer Vision,false,false,2026-02-13,Adzuna
Computer Vision Engineer,Computer Vision,Topaz Labs,United States,Dallas,104000,104000,104000,true,point_estimate,USD,Unspecified,Mid-level,Computer Vision,false,false,2024-11-25,Adzuna
Computer Vision Engineer,Computer Vision,AGCO,United States,Tremont,85000,85000,85000,true,point_estimate,USD,Unspecified,Mid-level,Computer Vision,false,false,2026-01-22,Adzuna
Computer Vision Engineer,Computer Vision,Red Cat Holdings,United States,Bonnie,180000,180000,180000,true,point_estimate,USD,Unspecified,Mid-level,Computer Vision,false,false,2026-01-22,Adzuna
Computer Vision Engineer,Computer Vision,Merlin Labs,United States,Boston,93000,93000,93000,true,point_estimate,USD,Unspecified,Mid-level,Computer Vision,false,false,2025-08-23,Adzuna
Computer Vision Engineer,Computer Vision,GenLogs Corporation,United States,,161000,161000,161000,true,point_estimate,USD,Unspecified,Mid-level,Computer Vision,false,false,2026-02-18,Adzuna
Junior Computer Vision Engineer,Computer Vision,Cesna Recruitment,United States,San Diego,100000,150000,125000,false,range,USD,Unspecified,Junior,Computer Vision,false,false,2026-02-19,Adzuna
Senior Computer Vision Engineer,Computer Vision,iMETALX,United States,Tamalpais Valley,150000,250000,200000,false,range,USD,Unspecified,Senior,Computer Vision,false,false,2025-12-22,Adzuna
Senior Computer Vision Engineer,Computer Vision,Space Dynamics Laboratory,United States,North Logan,179000,179000,179000,true,point_estimate,USD,Unspecified,Senior,Computer Vision,false,false,2026-02-03,Adzuna
Staff Computer Vision Engineer,Computer Vision,iMETALX,United States,Tamalpais Valley,150000,250000,200000,false,range,USD,Unspecified,Lead,Computer Vision,false,false,2025-12-30,Adzuna
Sr. Computer Vision Engineer,Computer Vision,PepsiCo,United States,Plano,152000,152000,152000,true,point_estimate,USD,Unspecified,Senior,Computer Vision,false,false,2026-02-20,Adzuna
Computer Vision Engineer - Autonomy,Computer Vision,Amadeus Search,United States,El Segundo,200000,300000,250000,false,range,USD,Hybrid,Mid-level,Computer Vision,false,false,2025-08-18,Adzuna
"Computer Vision Engineer, Space",Computer Vision,Anduril Industries,United States,Washington,166000,220000,193000,false,range,USD,Unspecified,Mid-level,Computer Vision,false,false,2026-01-08,Adzuna
"Computer Vision Engineer, Space",Computer Vision,Anduril Industries,United States,Costa Mesa,166000,220000,193000,false,range,USD,Unspecified,Mid-level,Computer Vision,false,true,2026-01-08,Adzuna
Computer Vision Engineer II,Computer Vision,Mujin,United States,Suwanee,99000,99000,99000,true,point_estimate,USD,Unspecified,Mid-level,"R, Computer Vision",false,false,2025-12-23,Adzuna
Computer Vision Engineer III,Computer Vision,Sierra Space,United States,Louisville,130000,178000,154000,false,range,USD,Unspecified,Mid-level,Computer Vision,false,false,2026-01-21,Adzuna
"Computer Vision Engineer, KinaTrax",Computer Vision,HEI,United States,,160000,160000,160000,true,point_estimate,USD,Remote,Mid-level,Computer Vision,false,false,2026-02-15,Adzuna
Senior Computer Vision Engineer,Computer Vision,Hired Recruiters,United States,San Francisco,93000,93000,93000,true,point_estimate,USD,Unspecified,Senior,Computer Vision,false,false,2025-07-31,Adzuna
Senior Computer Vision Engineer,Computer Vision,Success Matcher,United States,,155000,205000,180000,false,range,USD,Remote,Senior,Computer Vision,false,false,2025-07-25,Adzuna
Sr. Computer Vision Engineer,Computer Vision,VulcanForms,United States,Devens,126000,173000,149500,false,range,USD,Unspecified,Senior,Computer Vision,false,false,2026-01-15,Adzuna
Robotics/Computer Vision engineer,Computer Vision,Ascentt,United States,Plano,151000,151000,151000,true,point_estimate,USD,Unspecified,Mid-level,Computer Vision,false,false,2025-08-28,Adzuna
Senior Computer Vision Engineer,Computer Vision,Pano AI,United States,San Francisco,176000,230000,203000,false,range,USD,Unspecified,Senior,Computer Vision,false,false,2026-02-18,Adzuna
Senior Computer Vision Engineer,Computer Vision,Clarapath,United States,Hawthorne,160000,160000,160000,true,point_estimate,USD,Onsite,Senior,Computer Vision,false,false,2025-11-09,Adzuna
Sr. Computer Vision Engineer,Computer Vision,Darbytek,United States,Austin,115000,115000,115000,true,point_estimate,USD,Unspecified,Senior,Computer Vision,false,false,2026-02-03,Adzuna
Autonomy - Computer Vision Engineer,Computer Vision,Neros Technologies,United States,El Segundo,150000,200000,175000,false,range,USD,Unspecified,Mid-level,Computer Vision,false,false,2025-11-18,Adzuna
3D Computer Vision Engineer,Computer Vision,Avala,United States,San Francisco,130000,190000,160000,false,range,USD,Unspecified,Mid-level,Computer Vision,false,false,2025-01-07,Adzuna
3D Computer Vision Engineer,Computer Vision,Reveal Technology,United States,,150000,210000,180000,false,range,USD,Remote,Mid-level,Computer Vision,false,false,2026-02-01,Adzuna
Senior Computer Vision Engineer,Computer Vision,PlayOn,United States,Alpharetta,93000,93000,93000,true,point_estimate,USD,Unspecified,Senior,Computer Vision,false,false,2025-09-28,Adzuna
Senior Computer Vision Engineer,Computer Vision,Bonsai Robotics,United States,San Jose,150000,250000,200000,false,range,USD,Unspecified,Senior,"Python, Computer Vision",false,false,2025-10-31,Adzuna
Robotics Computer Vision Engineer,Computer Vision,Formic,United States,San Francisco,145000,200000,172500,false,range,USD,Unspecified,Mid-level,Computer Vision,false,false,2026-02-18,Adzuna
Senior Computer Vision Engineer,Computer Vision,Dexterity,United States,Redwood City,160000,200000,180000,false,range,USD,Unspecified,Senior,Computer Vision,false,false,2025-05-29,Adzuna
Computer Vision Engineer (Senior to Lead),Computer Vision,Snail Games USA,United States,Los Angeles,134000,134000,134000,true,point_estimate,USD,Unspecified,Senior,Computer Vision,false,false,2026-02-18,Adzuna
"Senior Computer Vision Engineer, Space",Computer Vision,Anduril Industries,United States,Costa Mesa,191000,253000,222000,false,range,USD,Unspecified,Senior,Computer Vision,false,false,2026-01-08,Adzuna
"Senior Computer Vision Engineer, Space",Computer Vision,Anduril Industries,United States,Washington,191000,253000,222000,false,range,USD,Unspecified,Senior,Computer Vision,false,true,2026-01-08,Adzuna
Computer Vision Engineer III (Sr),Computer Vision,Mujin,United States,Suwanee,108000,108000,108000,true,point_estimate,USD,Unspecified,Senior,"R, Computer Vision",false,false,2025-12-23,Adzuna
"Computer Vision Engineer, Image Quality",Computer Vision,Anduril Industries,United States,Bellevue,191000,253000,222000,false,range,USD,Unspecified,Mid-level,Computer Vision,false,false,2026-01-08,Adzuna
"Technical Lead, Computer Vision Engineer",Computer Vision,Boon Technologies,United States,,180000,240000,210000,false,range,USD,Unspecified,Lead,Computer Vision,false,false,2026-01-24,Adzuna
Senior Staff Computer Vision Engineer,Computer Vision,Coupand,United States,Mountain View,98000,98000,98000,true,point_estimate,USD,Unspecified,Senior,Computer Vision,false,false,2026-02-14,Adzuna
"Staff Computer Vision Engineer, Perception",Computer Vision,Metropolis,United States,Seattle,196000,196000,196000,true,point_estimate,USD,Unspecified,Lead,Computer Vision,false,false,2025-08-02,Adzuna
Computer Vision Research Engineer,AI / ML Research,Insight Global,United States,Upper Union,138000,138000,138000,true,point_estimate,USD,Unspecified,Lead,Computer Vision,false,false,2026-01-21,Adzuna
Computer Vision Engineer (Object Detection & Tracking),Computer Vision,Zeromark,United States,New York City,124000,124000,124000,true,point_estimate,USD,Unspecified,Mid-level,Computer Vision,false,false,2024-09-09,Adzuna
Senior Machine Learning/Computer Vision Engineer,Computer Vision,Parallel Systems,United States,Los Angeles,150000,240000,195000,false,range,USD,Unspecified,Senior,Computer Vision,false,false,2025-10-09,Adzuna
Senior Computer Vision Engineer - Deep Learning Focus,Computer Vision,Phantom AI,United States,Mountain View,180000,240000,210000,false,range,USD,Unspecified,Senior,Computer Vision,false,false,2026-01-31,Adzuna
Computer Vision Software Engineer (Level II) with Security Clearance,Computer Vision,Lockheed Martin,United States,Littleton,170000,170000,170000,true,point_estimate,USD,Unspecified,Mid-level,Computer Vision,false,false,2026-02-21,Adzuna
Computer Vision Data Engineer,Computer Vision,eBay,United States,Longmont,81000,144000,112500,false,range,USD,Unspecified,Mid-level,Computer Vision,false,false,2026-02-10,Adzuna
Computer Vision Software Engineer,Computer Vision,Valve,United States,Bellevue,165000,165000,165000,true,point_estimate,USD,Unspecified,Mid-level,Computer Vision,false,false,2026-01-14,Adzuna
Computer Vision (Software) Engineer,Computer Vision,Sciton,United States,Palo Alto,170000,190000,180000,false,range,USD,Unspecified,Mid-level,Computer Vision,false,false,2026-01-14,Adzuna
Computer Vision Software Engineer,Computer Vision,Silgan Containers,United States,Park,80000,90000,85000,false,range,USD,Unspecified,Mid-level,Computer Vision,false,false,2026-02-06,Adzuna
Computer Vision Software Engineer,Computer Vision,Silgan Plastics,United States,Waukegan,80000,90000,85000,false,range,USD,Unspecified,Mid-level,Computer Vision,false,false,2026-01-21,Adzuna
Computer Vision AI Engineer,Computer Vision,Momenti,United States,Prince,115000,175000,145000,false,range,USD,Unspecified,Mid-level,Computer Vision,false,false,2024-08-01,Adzuna
Computer Vision Research Engineer,AI / ML Research,Bobyard,United States,San Francisco,160000,200000,180000,false,range,USD,Unspecified,Mid-level,Computer Vision,false,false,2026-01-09,Adzuna
Image & Computer Vision AI Engineer,Computer Vision,Babel Street,United States,Somerville,140000,170000,155000,false,range,USD,Unspecified,Mid-level,Computer Vision,false,false,2026-01-17,Adzuna
Computer Vision Research Engineer (Modeling),AI / ML Research,NSC NBA Services Corp,United States,New York,245000,330000,287500,false,range,USD,Unspecified,Senior,Computer Vision,false,false,2026-01-09,Adzuna
Computer Vision Software Engineer - University Graduate 2026,Computer Vision,Verkada,United States,San Mateo,125000,140000,132500,false,range,USD,Unspecified,Mid-level,Computer Vision,false,false,2026-02-05,Adzuna
Research Engineer - Computer Vision and Robotics,AI / ML Research,Meta,United States,Redmond,102000,102000,102000,true,point_estimate,USD,Unspecified,Mid-level,"R, Computer Vision",false,false,2025-11-05,Adzuna
"Machine Learning Engineer, Computer Vision",Computer Vision,Google,United States,Mountain View,164000,164000,164000,true,point_estimate,USD,Unspecified,Junior,Computer Vision,false,false,2026-02-20,Adzuna
Computer Vision R&D Engineer,Computer Vision,Cesna Recruitment,United States,San Diego,120000,160000,140000,false,range,USD,Unspecified,Mid-level,"R, Computer Vision",false,false,2026-02-06,Adzuna
Computer Vision Machine Learning Engineer,Computer Vision,Allnessinc,United States,South San Francisco,160000,165000,162500,false,range,USD,Unspecified,Mid-level,Computer Vision,false,false,2021-05-29,Adzuna
Computer Vision AI/ML Engineer,Computer Vision,Jobs via Dice,United States,Dallas,144000,144000,144000,true,point_estimate,USD,Hybrid,Mid-level,"Python, Computer Vision",false,false,2026-02-03,Adzuna
Computer Vision & Robotics Software Engineer,Computer Vision,Skyways,United States,Austin,107000,107000,107000,true,point_estimate,USD,Unspecified,Mid-level,Computer Vision,false,false,2025-07-22,Adzuna
Inv 5 Software Engineer - Computer Vision,Computer Vision,3M,United States,Maplewood,143000,143000,143000,true,point_estimate,USD,Unspecified,Mid-level,Computer Vision,false,false,2026-02-05,Adzuna
Senior Machine Learning Engineer- Computer Vision,Computer Vision,Warner Bros. Discovery,United States,Bellevue,221000,221000,221000,true,point_estimate,USD,Unspecified,Senior,Computer Vision,false,false,2026-01-24,Adzuna
Senior Machine Learning Engineer- Computer Vision,Computer Vision,Warner Bros. Discovery,United States,SoMa,196000,196000,196000,true,point_estimate,USD,Unspecified,Senior,Computer Vision,false,true,2026-01-24,Adzuna
Senior Machine Learning Engineer- Computer Vision,Computer Vision,Warner Bros. Discovery,United States,New York City,226000,226000,226000,true,point_estimate,USD,Unspecified,Senior,Computer Vision,false,true,2026-01-24,Adzuna
Senior Machine Learning Engineer- Computer Vision,Computer Vision,Warner Bros. Discovery,United States,Atlanta,225000,225000,225000,true,point_estimate,USD,Unspecified,Senior,Computer Vision,false,true,2026-01-24,Adzuna
Principal Software Engineer - Computer Vision (ONSITE),Computer Vision,RTX Corporation,United States,Cedar Rapids,184000,184000,184000,true,point_estimate,USD,Onsite,Lead,Computer Vision,false,false,2025-11-11,Adzuna
Computer Vision Algorithm Engineer - TikTok E-commerce Knowledge Graph,Computer Vision,TikTok,United States,Times Square,116000,116000,116000,true,point_estimate,USD,Unspecified,Mid-level,"NLP, Computer Vision",false,false,2025-05-08,Adzuna
Computer Vision Algorithm Engineer - TikTok E-commerce Knowledge Graph,Computer Vision,TikTok,United States,Campbell,132000,132000,132000,true,point_estimate,USD,Unspecified,Mid-level,"NLP, Computer Vision",false,true,2025-05-08,Adzuna
ML Engineer - Computer Vision,Computer Vision,Infosys,United States,Richardson,84000,84000,84000,true,point_estimate,USD,Unspecified,Mid-level,"GCP, Computer Vision",false,false,2026-02-21,Adzuna
"Senior Engineer, Computer Vision",Computer Vision,Hired Recruiters,United States,Austin,106000,106000,106000,true,point_estimate,USD,Unspecified,Senior,Computer Vision,false,false,2025-07-31,Adzuna
"Autonomy Engineer, Computer Vision",Computer Vision,Brinc,United States,Seattle,122000,275000,198500,false,range,USD,Unspecified,Mid-level,Computer Vision,false,false,2025-12-05,Adzuna
Research Engineer - Computer Vision,AI / ML Research,GE Vernova,United States,Niskayuna,86000,135000,110500,false,range,USD,Unspecified,Mid-level,Computer Vision,false,false,2025-12-03,Adzuna
Research Engineer - Computer Vision,AI / ML Research,GE Vernova,United States,Upper Union,133000,133000,133000,true,point_estimate,USD,Unspecified,Mid-level,Computer Vision,false,false,2026-01-03,Adzuna
"Distinguished Engineer, Computer Vision",Computer Vision,GEICO,United States,Palo Alto,210000,350000,280000,false,range,USD,Unspecified,Mid-level,Computer Vision,false,false,2026-01-14,Adzuna
Application Engineer – Computer Vision,Computer Vision,EchoTwin AI,United States,San Francisco,208000,208000,208000,true,point_estimate,USD,Unspecified,Mid-level,Computer Vision,false,false,2025-10-27,Adzuna
Software Engineer - Computer Vision,Computer Vision,Verkada,United States,San Mateo,130000,300000,215000,false,range,USD,Unspecified,Mid-level,Computer Vision,false,false,2025-11-18,Adzuna
"Software Engineering Manager, Computer Vision",Computer Vision,Meta,United States,Hillsborough,211000,211000,211000,true,point_estimate,USD,Unspecified,Lead,Computer Vision,false,false,2026-02-20,Adzuna
"Software Engineering Manager, Computer Vision",Computer Vision,Meta,United States,Redmond,181000,181000,181000,true,point_estimate,USD,Unspecified,Lead,Computer Vision,false,true,2026-01-23,Adzuna
"Software Engineering Manager, Computer Vision",Computer Vision,Meta,United States,International,183000,183000,183000,true,point_estimate,USD,Unspecified,Lead,Computer Vision,false,true,2026-01-23,Adzuna
ML Engineer - Perception Computer Vision,Computer Vision,ManpowerGroup,United States,Belmont,283000,283000,283000,true,point_estimate,USD,Unspecified,Mid-level,Computer Vision,false,false,2026-02-13,Adzuna
"Computer Vision & Machine Learning Engineer, Senior",Computer Vision,Allen Control Systems,United States,Austin,109000,109000,109000,true,point_estimate,USD,Unspecified,Senior,Computer Vision,false,false,2025-01-18,Adzuna
Sr. Computer Vision / Machine Learning Engineer,Computer Vision,Corvus Robotics,United States,Mountain View,110000,110000,110000,true,point_estimate,USD,Unspecified,Senior,Computer Vision,false,false,2026-01-09,Adzuna
Sr. Computer Vision Software Development Engineer,Computer Vision,Esri,United States,Redlands,129000,129000,129000,true,point_estimate,USD,Unspecified,Senior,"R, Computer Vision",false,false,2026-01-22,Adzuna
"Computer Vision & Machine Learning Engineer, Mid-Level",Computer Vision,Allen Control Systems,United States,Austin,103000,103000,103000,true,point_estimate,USD,Unspecified,Mid-level,Computer Vision,false,false,2025-05-21,Adzuna
Machine Learning Engineer - Computer Vision,Computer Vision,CaseGuard,United States,Arlington,124000,124000,124000,true,point_estimate,USD,Unspecified,Mid-level,Computer Vision,false,false,2026-02-15,Adzuna
Machine Learning Engineer - Computer Vision,Computer Vision,TikTok,United States,Campbell,122000,122000,122000,true,point_estimate,USD,Unspecified,Mid-level,Computer Vision,false,false,2025-05-08,Adzuna
Robotics Engineer - Computer Vision focus,Computer Vision,Fresh Consulting,United States,Eastgate,95000,130000,112500,false,range,USD,Unspecified,Mid-level,Computer Vision,false,false,2025-10-12,Adzuna
"Machine Learning Engineer, Computer Vision",Computer Vision,Metropolis,United States,Los Angeles,157000,157000,157000,true,point_estimate,USD,Unspecified,Mid-level,Computer Vision,false,false,2026-01-30,Adzuna
"Machine Learning Engineer, Computer Vision",Computer Vision,Metropolis,United States,Seattle,158000,158000,158000,true,point_estimate,USD,Unspecified,Mid-level,Computer Vision,false,true,2026-01-30,Adzuna
Research Engineer - Computer Vision ML,AI / ML Research,Sesame,United States,San Francisco,190000,320000,255000,false,range,USD,Unspecified,Mid-level,Computer Vision,false,false,2025-07-07,Adzuna
Robotics Engineer - Computer Vision focus,Computer Vision,Fresh Consulting,United States,Bellevue,120000,120000,120000,true,point_estimate,USD,Unspecified,Mid-level,Computer Vision,false,true,2026-02-17,Adzuna
"Engineering Manager, Computer Vision",Computer Vision,Glacier,United States,San Francisco,175000,250000,212500,false,range,USD,Hybrid,Management,Computer Vision,false,false,2026-02-21,Adzuna
Principal Software Engineer - Computer Vision (ONSITE),Computer Vision,RTX,United States,Cedar Rapids,,204000,204000,true,point_estimate,USD,Onsite,Lead,Computer Vision,false,false,2026-01-30,Adzuna
Software Engineer - Computer Vision & Machine Learning,Computer Vision,RFA Engineering,United States,Johnston,70000,140000,105000,false,range,USD,Onsite,Mid-level,Computer Vision,false,false,2026-02-12,Adzuna
Inv 5 Software Engineer – Computer Vision,Computer Vision,3M,United States,Maplewood,122000,149000,135500,false,range,USD,Unspecified,Mid-level,Computer Vision,false,false,2026-02-07,Adzuna
Sr. Software Development Engineer - Computer Vision,Computer Vision,Esri,United States,Redlands,129000,129000,129000,true,point_estimate,USD,Unspecified,Senior,"R, Computer Vision",false,false,2026-01-09,Adzuna
"Senior Machine Learning Engineer, Computer Vision",Computer Vision,Metropolis,United States,Seattle,150000,200000,175000,false,range,USD,Unspecified,Senior,Computer Vision,false,false,2025-08-11,Adzuna
Senior Machine Learning Engineer- Computer Vision,Computer Vision,Warner Bros. Discovery,United States,,132000,246000,189000,false,range,USD,Unspecified,Senior,Computer Vision,false,false,2026-01-25,Adzuna
Senior Machine Learning Engineer- Computer Vision,Computer Vision,Warner Bros. Discovery,United States,San Francisco,132000,246000,189000,false,range,USD,Unspecified,Senior,Computer Vision,false,true,2026-02-20,Adzuna
Senior AI Engineer - Computer Vision/NLP,Computer Vision,McDonald's,United States,Illinois Medical District,84000,84000,84000,true,point_estimate,USD,Unspecified,Senior,"NLP, Computer Vision",false,false,2025-09-26,Adzuna
"Sr. Machine Learning Engineer, Computer Vision",Computer Vision,Pinterest,United States,San Francisco,118000,118000,118000,true,point_estimate,USD,Unspecified,Senior,Computer Vision,false,false,2025-05-21,Adzuna
"Senior Machine Learning Engineer, Computer Vision",Computer Vision,Metropolis,United States,Los Angeles,150000,200000,175000,false,range,USD,Unspecified,Senior,Computer Vision,false,true,2025-08-10,Adzuna
Senior/Staff Software Engineer (Computer Vision Team),Computer Vision,iMETALX,United States,Tamalpais Valley,150000,250000,200000,false,range,USD,Unspecified,Senior,Computer Vision,false,false,2026-01-09,Adzuna
"Senior Engineering Manager, Computer Vision",Computer Vision,Hover,United States,,247000,305000,276000,false,range,USD,Unspecified,Senior,Computer Vision,false,false,2025-05-21,Adzuna
Frontend Engineer - Search & Computer Vision,Computer Vision,Verkada,United States,San Mateo,130000,280000,205000,false,range,USD,Unspecified,Mid-level,Computer Vision,false,false,2025-11-18,Adzuna
Lead Software Engineer – Computer Vision & Automation (Transportation),Computer Vision,Leidos,United States,Mc Lean,87000,157000,122000,false,range,USD,Unspecified,Lead,Computer Vision,false,false,2025-12-06,Adzuna
New Grads 2026 - Software Engineer - Computer Vision,Computer Vision,WeRide.ai,United States,San Jose,120000,165000,142500,false,range,USD,Unspecified,Mid-level,"R, Computer Vision",false,false,2025-09-21,Adzuna
"Senior Software Engineer, Computer Vision and Deep Learning",Computer Vision,Mashgin,United States,Palo Alto,200000,300000,250000,false,range,USD,Unspecified,Senior,Computer Vision,false,false,2024-08-01,Adzuna
"Senior Machine Learning Engineer, Computer Vision - Robotics",Computer Vision,Scale AI,United States,San Francisco,218000,273000,245500,false,range,USD,Unspecified,Senior,"Computer Vision, Fine-tuning",false,false,2025-11-20,Adzuna
"Senior Machine Learning Engineer, Computer Vision - Robotics",Computer Vision,Scale AI,United States,,186000,186000,186000,true,point_estimate,USD,Unspecified,Senior,"Computer Vision, Fine-tuning",false,true,2026-02-12,Adzuna
"Senior Machine Learning Engineer, Computer Vision/VLM",Computer Vision,Waymo,United States,San Francisco,171000,171000,171000,true,point_estimate,USD,Unspecified,Senior,Computer Vision,false,false,2026-01-29,Adzuna
AI Engineer – Computer Vision / Visual Inspection (CNN),Computer Vision,Lumentum,United States,San Jose,131000,187000,159000,false,range,USD,Unspecified,Mid-level,"R, Computer Vision",false,false,2025-12-06,Adzuna
$XXX/45min Paid Market Research Study for CIO in the Finance Sector,AI / ML Research,Ivy Exec,United States,Elkins Park,96000,96000,96000,true,point_estimate,USD,Unspecified,Mid-level,,false,false,2026-02-07,Adzuna
$XXX/45min Paid Market Research Study for CIO in the Finance Sector,AI / ML Research,Ivy Exec,United States,Dearborn,83000,83000,83000,true,point_estimate,USD,Unspecified,Mid-level,,false,true,2026-02-07,Adzuna
$XXX/45min Paid Market Research Study for CIO in the Finance Sector,AI / ML Research,Ivy Exec,United States,Northlake,80000,80000,80000,true,point_estimate,USD,Unspecified,Mid-level,,false,true,2026-02-07,Adzuna
$XXX/45min Paid Market Research Study for CIO in the Finance Sector,AI / ML Research,Ivy Exec,United States,Nichols Hills,89000,89000,89000,true,point_estimate,USD,Unspecified,Mid-level,,false,true,2026-02-07,Adzuna
$XXX/45min Paid Market Research Study for CIO in the Finance Sector,AI / ML Research,Ivy Exec,United States,South Boston,90000,90000,90000,true,point_estimate,USD,Unspecified,Mid-level,,false,true,2026-02-07,Adzuna
$XXX/45min Paid Market Research Study for CIO in the Finance Sector,AI / ML Research,Ivy Exec,United States,Glendale,82000,82000,82000,true,point_estimate,USD,Unspecified,Mid-level,,false,true,2026-02-07,Adzuna
$XXX/45min Paid Market Research Study for CIO in the Finance Sector,AI / ML Research,Ivy Exec,United States,Textile Finance,85000,85000,85000,true,point_estimate,USD,Unspecified,Mid-level,,false,true,2026-02-07,Adzuna
$XXX/45min Paid Market Research Study for CIO in the Finance Sector,AI / ML Research,Ivy Exec,United States,Phoenix,91000,91000,91000,true,point_estimate,USD,Unspecified,Mid-level,,false,true,2026-02-07,Adzuna
$XXX/45min Paid Market Research Study for CIO in the Finance Sector,AI / ML Research,Ivy Exec,United States,San Diego,91000,91000,91000,true,point_estimate,USD,Unspecified,Mid-level,,false,true,2026-02-07,Adzuna
$XXX/45min Paid Market Research Study for CIO in the Finance Sector,AI / ML Research,Ivy Exec,United States,Portland,89000,89000,89000,true,point_estimate,USD,Unspecified,Mid-level,,false,true,2026-02-07,Adzuna
$XXX/45min Paid Market Research Study for CIO in the Finance Sector,AI / ML Research,Ivy Exec,United States,Fountainebleau,84000,84000,84000,true,point_estimate,USD,Unspecified,Mid-level,,false,true,2026-02-07,Adzuna
$XXX/45min Paid Market Research Study for CIO in the Finance Sector,AI / ML Research,Ivy Exec,United States,Campbell,84000,84000,84000,true,point_estimate,USD,Unspecified,Mid-level,,false,true,2026-02-07,Adzuna
$XXX/45min Paid Market Research Study for CIO in the Finance Sector,AI / ML Research,Ivy Exec,United States,New York City,92000,92000,92000,true,point_estimate,USD,Unspecified,Mid-level,,false,true,2026-02-07,Adzuna
$XXX/45min Paid Market Research Study for CIO in the Finance Sector,AI / ML Research,Ivy Exec,United States,Florin,92000,92000,92000,true,point_estimate,USD,Unspecified,Mid-level,,false,true,2026-02-07,Adzuna
$XXX/45min Paid Market Research Study for CIO in the Finance Sector,AI / ML Research,Ivy Exec,United States,Hayes Valley,85000,85000,85000,true,point_estimate,USD,Unspecified,Mid-level,,false,true,2026-02-07,Adzuna
$XXX/45min Paid Market Research Study for CIO in the Finance Sector,AI / ML Research,Ivy Exec,United States,Enterprise,87000,87000,87000,true,point_estimate,USD,Unspecified,Mid-level,,false,true,2026-02-07,Adzuna
$XXX/45min Paid Market Research Study for CIO in the Finance Sector,AI / ML Research,Ivy Exec,United States,Minerva Park,84000,84000,84000,true,point_estimate,USD,Unspecified,Mid-level,,false,true,2026-02-07,Adzuna
$XXX/45min Paid Market Research Study for CIO in the Finance Sector,AI / ML Research,Ivy Exec,United States,Nashville,78000,78000,78000,true,point_estimate,USD,Unspecified,Mid-level,,false,true,2026-02-07,Adzuna
$XXX/45min Paid Market Research Study for CIO in the Finance Sector,AI / ML Research,Ivy Exec,United States,Highland Park,78000,78000,78000,true,point_estimate,USD,Unspecified,Mid-level,,false,true,2026-02-07,Adzuna
$XXX/45min Paid Market Research Study for CIO in the Finance Sector,AI / ML Research,Ivy Exec,United States,Mount Rainier,83000,83000,83000,true,point_estimate,USD,Unspecified,Mid-level,,false,true,2026-02-07,Adzuna
$XXX/45min Paid Market Research Study for CIO in the Finance Sector,AI / ML Research,Ivy Exec,United States,,74000,74000,74000,true,point_estimate,USD,Unspecified,Mid-level,,false,true,2026-02-07,Adzuna
$XXX/45min Paid Market Research Study for CIO in the Finance Sector,AI / ML Research,Ivy Exec,United States,Bee Cave,74000,74000,74000,true,point_estimate,USD,Unspecified,Mid-level,,false,true,2026-02-07,Adzuna
$XXX/45min Paid Market Research Study for CIO in the Finance Sector,AI / ML Research,Ivy Exec,United States,Times Square,84000,84000,84000,true,point_estimate,USD,Unspecified,Mid-level,,false,true,2026-02-07,Adzuna
$XXX/45min Paid Market Research Study for CIO in the Finance Sector,AI / ML Research,Ivy Exec,United States,West Indianapolis,79000,79000,79000,true,point_estimate,USD,Unspecified,Mid-level,,false,true,2026-02-07,Adzuna
Machine Learning Engineer - Perception Computer Vision,Computer Vision,Vertex Sigma Software,United States,Foster City,175000,185000,180000,false,range,USD,Onsite,Mid-level,Computer Vision,false,false,2026-02-13,Adzuna
"Software Engineering Manager, Computer Vision - Onsite",Computer Vision,Danaher,United States,Bellevue,125000,155000,140000,false,range,USD,Onsite,Management,Computer Vision,false,false,2026-01-09,Adzuna
"Software Engineering Manager, Computer Vision - Onsite",Computer Vision,Danaher Corporation,United States,Bellevue,238000,238000,238000,true,point_estimate,USD,Onsite,Management,Computer Vision,false,false,2025-12-11,Adzuna
AI//ML Engineer (NLP & Computer Vision),Computer Vision,Motion Recruitment,United States,San Francisco,138000,138000,138000,true,point_estimate,USD,Onsite,Mid-level,"Python, NLP, Computer Vision",false,false,2026-02-14,Adzuna
Senior Software Engineer - Computer Vision and VLM Deep Learning,Computer Vision,NVIDIA,United States,California,,356000,356000,true,point_estimate,USD,Unspecified,Senior,Computer Vision,false,false,2025-10-29,Adzuna
Staff Machine Learning Engineer- Video AI/Computer Vision,Computer Vision,Warner Bros. Discovery,United States,SoMa,191000,191000,191000,true,point_estimate,USD,Unspecified,Lead,Computer Vision,false,false,2025-09-11,Adzuna
Staff Machine Learning Engineer- Video AI/Computer Vision,Computer Vision,Warner Bros. Discovery,United States,Bellevue,215000,215000,215000,true,point_estimate,USD,Unspecified,Lead,Computer Vision,false,true,2025-09-10,Adzuna
Staff Machine Learning Engineer- Video AI/Computer Vision,Computer Vision,Warner Bros. Discovery,United States,New York City,219000,219000,219000,true,point_estimate,USD,Unspecified,Lead,Computer Vision,false,true,2025-09-10,Adzuna
Staff Machine Learning Engineer- Video AI/Computer Vision,Computer Vision,Warner Bros. Discovery,United States,Atlanta,218000,218000,218000,true,point_estimate,USD,Unspecified,Lead,Computer Vision,false,true,2025-09-10,Adzuna
"Mission Software Engineer, Vehicle Software, Computer Vision with Security Clearance",Computer Vision,Anduril Industries,United States,Costa Mesa,221000,221000,221000,true,point_estimate,USD,Unspecified,Mid-level,Computer Vision,false,false,2026-02-21,Adzuna
"Senior Open-Source Machine Learning Engineer, Computer Vision - US Remote",Computer Vision,Hugging Face,United States,New York City,144000,144000,144000,true,point_estimate,USD,Remote,Senior,"Computer Vision, Transformers",false,false,2026-02-10,Adzuna
Machine Learning Engineer III – Computer Vision & Data Systems,Computer Vision,Zone 5 Technologies,United States,,150000,175000,162500,false,range,USD,Unspecified,Mid-level,Computer Vision,false,false,2025-08-27,Adzuna
"Mission Software Engineer, Vehicle Software, Computer Vision",Computer Vision,Anduril Industries,United States,Costa Mesa,220000,292000,256000,false,range,USD,Unspecified,Mid-level,Computer Vision,false,false,2026-01-10,Adzuna
"Engineering Manager II, Computer Vision - Applied AI",Computer Vision,Uber,United States,Sunnyvale,232000,258000,245000,false,range,USD,Unspecified,Lead,Computer Vision,false,false,2026-02-18,Adzuna
Senior Software Engineer – Frontend (Geospatial & Computer Vision),Computer Vision,ThreeV Technologies,United States,,113000,196000,154500,false,range,USD,Unspecified,Senior,Computer Vision,false,false,2026-02-15,Adzuna
"Research Engineering Internship - AI, Computer Vision, & Visualization",AI / ML Research,Williams-Sonoma,United States,San Jose,104000,125000,114500,false,range,USD,Unspecified,Mid-level,Computer Vision,true,false,2025-08-03,Adzuna
Autonomous Vehicle AI Engineer II Computer Vision and Path Planning,Computer Vision,Blue Origin,United States,,135000,189000,162000,false,range,USD,Unspecified,Mid-level,Computer Vision,false,false,2026-02-05,Adzuna
Autonomy Engineer Intern - Computer Vision/Deep Learning Summer 2026,Computer Vision,Skydio,United States,San Mateo,197000,197000,197000,true,point_estimate,USD,Unspecified,Mid-level,Computer Vision,true,false,2026-01-09,Adzuna
R&D Solutions Engineer (Transportation Simulation & Computer Vision),Computer Vision,Leidos,United States,Mc Lean,87000,157000,122000,false,range,USD,Unspecified,Mid-level,"R, Computer Vision",false,false,2026-02-14,Adzuna
R&D Solutions Engineer (Transportation Simulation & Computer Vision),Computer Vision,Leidos,United States,Tysons Corner,158000,158000,158000,true,point_estimate,USD,Unspecified,Mid-level,"R, Computer Vision",false,false,2026-02-14,Adzuna
Staff Machine Learning Engineer- Video AI/Computer Vision,Computer Vision,Warner Bros. Discovery,United States,,146000,270000,208000,false,range,USD,Unspecified,Lead,Computer Vision,false,false,2025-09-12,Adzuna
Solutions Engineering Lead,AI Consulting / Solutions,Glimpse,United States,San Francisco,100000,170000,135000,false,range,USD,Unspecified,Lead,,false,false,2025-10-13,Adzuna
Senior Technical Recruiter,Other / Unclassified,Coram AI,United States,,125000,170000,147500,false,range,USD,Unspecified,Senior,Computer Vision,false,false,2026-02-14,Adzuna
Senior Technical Recruiter,Other / Unclassified,Coram AI,United States,Sunnyvale,144000,144000,144000,true,point_estimate,USD,Unspecified,Senior,Computer Vision,false,true,2026-02-13,Adzuna
AI Engineers – Future Opportunities (Pipeline Posting),AI Engineer,LingaTech,United States,Lancaster,118000,118000,118000,true,point_estimate,USD,Hybrid,Mid-level,,false,false,2026-01-23,Adzuna
"Technical Program Management Lead, XR",Other / Unclassified,Google,United States,Campbell,169000,169000,169000,true,point_estimate,USD,Unspecified,Lead,,false,false,2026-02-20,Adzuna
AI Infrastructure Engineer,MLOps / ML Infrastructure,Spectral Md Inc,United States,Highland Park,192000,192000,192000,true,point_estimate,USD,Unspecified,Mid-level,,false,false,2026-01-17,Adzuna
NLP Engineer-Sr. Associate,NLP / LLM Engineering,JPMorgan Chase,United States,New York City,361000,361000,361000,true,point_estimate,USD,Unspecified,Junior,NLP,false,false,2025-10-08,Adzuna
NLP Engineer,NLP / LLM Engineering,Bright Vision Technologies,United States,Fairfax,89000,89000,89000,true,point_estimate,USD,Unspecified,Mid-level,NLP,false,false,2026-02-08,Adzuna
NLP Engineer,NLP / LLM Engineering,Bright Vision Technologies,United States,Phoenix,83000,83000,83000,true,point_estimate,USD,Unspecified,Mid-level,NLP,false,true,2026-02-08,Adzuna
NLP Engineer,NLP / LLM Engineering,Bright Vision Technologies,United States,Orlando,88000,88000,88000,true,point_estimate,USD,Unspecified,Mid-level,NLP,false,true,2026-02-08,Adzuna
NLP Engineer,NLP / LLM Engineering,Bright Vision Technologies,United States,Cleveland,86000,86000,86000,true,point_estimate,USD,Unspecified,Mid-level,NLP,false,true,2026-02-08,Adzuna
NLP Engineer,NLP / LLM Engineering,Bright Vision Technologies,United States,Detroit,92000,92000,92000,true,point_estimate,USD,Unspecified,Mid-level,NLP,false,true,2026-02-08,Adzuna
NLP Engineer,NLP / LLM Engineering,Bright Vision Technologies,United States,Charlotte,85000,85000,85000,true,point_estimate,USD,Unspecified,Mid-level,NLP,false,true,2026-02-08,Adzuna
NLP Engineer,NLP / LLM Engineering,Bright Vision Technologies,United States,Atlanta,86000,86000,86000,true,point_estimate,USD,Unspecified,Mid-level,NLP,false,true,2026-02-08,Adzuna
NLP Engineer,NLP / LLM Engineering,Bright Vision Technologies,United States,Indianapolis,86000,86000,86000,true,point_estimate,USD,Unspecified,Mid-level,NLP,false,true,2026-02-08,Adzuna
NLP Engineer,NLP / LLM Engineering,Bright Vision Technologies,United States,Denver,94000,94000,94000,true,point_estimate,USD,Unspecified,Mid-level,NLP,false,true,2026-02-08,Adzuna
NLP Engineer,NLP / LLM Engineering,Bright Vision Technologies,United States,Houston,87000,87000,87000,true,point_estimate,USD,Unspecified,Mid-level,NLP,false,true,2026-02-08,Adzuna
NLP Engineer,NLP / LLM Engineering,Bright Vision Technologies,United States,Raleigh,88000,88000,88000,true,point_estimate,USD,Unspecified,Mid-level,NLP,false,true,2026-02-08,Adzuna
NLP Engineer,NLP / LLM Engineering,Bright Vision Technologies,United States,Miami,95000,95000,95000,true,point_estimate,USD,Unspecified,Mid-level,NLP,false,true,2026-02-08,Adzuna
NLP Engineer,NLP / LLM Engineering,Bright Vision Technologies,United States,Philadelphia,97000,97000,97000,true,point_estimate,USD,Unspecified,Mid-level,NLP,false,true,2026-02-08,Adzuna
NLP Engineer,NLP / LLM Engineering,Bright Vision Technologies,United States,Chicago,89000,89000,89000,true,point_estimate,USD,Unspecified,Mid-level,NLP,false,true,2026-02-08,Adzuna
NLP Engineer,NLP / LLM Engineering,Bright Vision Technologies,United States,Minneapolis,93000,93000,93000,true,point_estimate,USD,Unspecified,Mid-level,NLP,false,true,2026-02-08,Adzuna
NLP Engineer,NLP / LLM Engineering,Bright Vision Technologies,United States,San Antonio,85000,85000,85000,true,point_estimate,USD,Unspecified,Mid-level,NLP,false,true,2026-02-08,Adzuna
NLP Engineer,NLP / LLM Engineering,Bright Vision Technologies,United States,Cincinnati,90000,90000,90000,true,point_estimate,USD,Unspecified,Mid-level,NLP,false,true,2026-02-08,Adzuna
NLP Engineer,NLP / LLM Engineering,Bright Vision Technologies,United States,Tampa,88000,88000,88000,true,point_estimate,USD,Unspecified,Mid-level,NLP,false,true,2026-02-08,Adzuna
NLP Engineer,NLP / LLM Engineering,Bright Vision Technologies,United States,Boston,94000,94000,94000,true,point_estimate,USD,Unspecified,Mid-level,NLP,false,true,2026-02-08,Adzuna
NLP Engineer,NLP / LLM Engineering,Point72,United States,New York City,127000,127000,127000,true,point_estimate,USD,Unspecified,Mid-level,"NLP, RAG",false,false,2025-10-31,Adzuna
NLP Engineer,NLP / LLM Engineering,Bright Vision Technologies,United States,Federal Heights,101000,101000,101000,true,point_estimate,USD,Unspecified,Mid-level,NLP,false,true,2026-02-10,Adzuna
NLP Engineer,NLP / LLM Engineering,Bright Vision Technologies,United States,The Gap,102000,102000,102000,true,point_estimate,USD,Unspecified,Mid-level,NLP,false,true,2026-02-10,Adzuna
NLP Engineer,NLP / LLM Engineering,Bright Vision Technologies,United States,Brickell,97000,97000,97000,true,point_estimate,USD,Unspecified,Mid-level,NLP,false,true,2026-02-10,Adzuna
NLP Engineer,NLP / LLM Engineering,Bright Vision Technologies,United States,Crestwood,97000,97000,97000,true,point_estimate,USD,Unspecified,Mid-level,NLP,false,true,2026-02-10,Adzuna
NLP Engineer,NLP / LLM Engineering,Bright Vision Technologies,United States,Middle East,103000,103000,103000,true,point_estimate,USD,Unspecified,Mid-level,NLP,false,true,2026-02-10,Adzuna
NLP Engineer,NLP / LLM Engineering,Bright Vision Technologies,United States,Bratenahl,97000,97000,97000,true,point_estimate,USD,Unspecified,Mid-level,NLP,false,true,2026-02-10,Adzuna
NLP Engineer,NLP / LLM Engineering,Babel Street,United States,Somerville,90000,125000,107500,false,range,USD,Unspecified,Mid-level,NLP,false,false,2026-01-15,Adzuna
Lead NLP Engineer,NLP / LLM Engineering,JPMorganChase,United States,New York,164000,260000,212000,false,range,USD,Unspecified,Lead,NLP,false,false,2025-10-03,Adzuna
Senior NLP Engineer,NLP / LLM Engineering,Roberts Recruiting,United States,Boston,120000,150000,135000,false,range,USD,Unspecified,Senior,NLP,false,false,2025-05-29,Adzuna
Applied NLP Engineer,NLP / LLM Engineering,Unwrap,United States,Santa Barbara,160000,220000,190000,false,range,USD,Unspecified,Mid-level,NLP,false,false,2025-07-29,Adzuna
Lead NLP Engineer,NLP / LLM Engineering,JPMorgan Chase,United States,New York City,220000,220000,220000,true,point_estimate,USD,Unspecified,Lead,NLP,false,false,2025-10-04,Adzuna
AI/NLP Engineer,NLP / LLM Engineering,LeoTech,United States,Austin,160000,160000,160000,true,point_estimate,USD,Unspecified,Mid-level,NLP,false,false,2025-09-07,Adzuna
Sr. NLP Engineer,NLP / LLM Engineering,"Trunk Tools, Inc.",United States,Austin,201000,201000,201000,true,point_estimate,USD,Unspecified,Senior,NLP,false,false,2026-02-21,Adzuna
NLP Engineer-Sr. Associate,NLP / LLM Engineering,JPMorganChase,United States,Jersey City,128000,195000,161500,false,range,USD,Unspecified,Junior,NLP,false,false,2025-10-07,Adzuna
Search and NLP Engineer - Virtual,NLP / LLM Engineering,Alight Solutions,United States,Chicago,57000,57000,57000,true,point_estimate,USD,Unspecified,Mid-level,NLP,false,false,2026-02-12,Adzuna
Senior NLP Engineer (Agentic AI),NLP / LLM Engineering,Ditto AI,United States,San Francisco,150000,350000,250000,false,range,USD,Unspecified,Senior,NLP,false,false,2026-01-11,Adzuna
Senior Lead AI-NLP Engineer,NLP / LLM Engineering,NTT DATA North America,United States,Irving,151000,151000,151000,true,point_estimate,USD,Unspecified,Senior,NLP,false,false,2026-02-04,Adzuna
Senior Lead AI-NLP Engineer,NLP / LLM Engineering,NTT DATA Services,United States,Irving,122000,122000,122000,true,point_estimate,USD,Unspecified,Senior,NLP,false,false,2026-02-17,Adzuna
Senior Lead AI-NLP Engineer,NLP / LLM Engineering,NTT Data,United States,Irving,173000,173000,173000,true,point_estimate,USD,Unspecified,Senior,NLP,false,false,2026-02-06,Adzuna
Senior Natural Language Processing (NLP) Engineer,NLP / LLM Engineering,Roberts Recruiting,United States,North Cambridge,135000,150000,142500,false,range,USD,Unspecified,Senior,NLP,false,false,2024-08-04,Adzuna
Lead NLP Engineer (Natural Language Processing),NLP / LLM Engineering,Vanguard,United States,Charlotte,93000,93000,93000,true,point_estimate,USD,Unspecified,Lead,NLP,false,false,2025-05-08,Adzuna
NLP / AI Engineer,NLP / LLM Engineering,Point72,United States,New York City,123000,123000,123000,true,point_estimate,USD,Unspecified,Mid-level,"NLP, RAG, Fine-tuning",false,false,2025-10-30,Adzuna
NLP Tools Engineer,NLP / LLM Engineering,Roberts Recruiting,United States,Boston,115000,125000,120000,false,range,USD,Unspecified,Mid-level,NLP,false,false,2024-08-05,Adzuna
Senior NLP Data Engineer,NLP / LLM Engineering,iManage,United States,Chicago,149000,149000,149000,true,point_estimate,USD,Onsite,Senior,NLP,false,false,2025-12-15,Adzuna
Senior NLP Software Engineer,NLP / LLM Engineering,Merlin Labs,United States,,90000,90000,90000,true,point_estimate,USD,Unspecified,Senior,NLP,false,false,2025-10-22,Adzuna
(2) NLP Data Engineer - Remote,NLP / LLM Engineering,Insight Global,United States,San Antonio,138000,138000,138000,true,point_estimate,USD,Remote,Mid-level,NLP,false,false,2026-01-22,Adzuna
"Software Engineer, NLP",NLP / LLM Engineering,Roberts Recruiting,United States,North Cambridge,90000,115000,102500,false,range,USD,Unspecified,Mid-level,"Python, NLP",false,false,2024-08-07,Adzuna
Senior NLP Research Engineer - Artificial Intelligence,AI / ML Research,Bloomberg,United States,New York City,165000,260000,212500,false,range,USD,Unspecified,Senior,"NLP, Transformers",false,false,2026-02-08,Adzuna
Lead AI/ML Engineer (NLP) - Remote,NLP / LLM Engineering,UnitedHealth Group,United States,Pico Heights,137000,137000,137000,true,point_estimate,USD,Remote,Lead,NLP,false,false,2026-01-22,Adzuna
Lead AI/ML Engineer (NLP) - Remote,NLP / LLM Engineering,UnitedHealth Group,United States,Eden Prairie,119000,119000,119000,true,point_estimate,USD,Remote,Lead,NLP,false,true,2026-01-22,Adzuna
Lead AI/ML Engineer (NLP) - Remote,NLP / LLM Engineering,UnitedHealth Group,United States,New York City,161000,161000,161000,true,point_estimate,USD,Remote,Lead,NLP,false,true,2026-01-22,Adzuna
Lead AI/ML Engineer (NLP) - Remote,NLP / LLM Engineering,UnitedHealth Group,United States,Atlanta,160000,160000,160000,true,point_estimate,USD,Remote,Lead,NLP,false,true,2026-01-22,Adzuna
NLP/Machine Learning Engineer,NLP / LLM Engineering,Roberts Recruiting,United States,Cambridge,110000,145000,127500,false,range,USD,Unspecified,Mid-level,NLP,false,false,2024-08-01,Adzuna
Natural Language Processing Engineer,NLP / LLM Engineering,Beyond SOF,United States,"Washington, D.C.",123000,123000,123000,true,point_estimate,USD,Unspecified,Mid-level,NLP,false,false,2025-01-17,Adzuna
Lead AI/ML Engineer (NLP) - Remote,NLP / LLM Engineering,UnitedHealth Group,United States,Tarrytown,136000,136000,136000,true,point_estimate,USD,Remote,Lead,NLP,false,true,2026-01-22,Adzuna
Lead AI/ML Engineer (NLP) - Remote,NLP / LLM Engineering,UnitedHealth Group,United States,Fort Myer,116000,116000,116000,true,point_estimate,USD,Remote,Lead,NLP,false,true,2026-01-22,Adzuna
AI/ML Engineer (Language Models / NLP) with Security Clearance,NLP / LLM Engineering,Shield Consulting Solutions,United States,Annapolis,177000,177000,177000,true,point_estimate,USD,Unspecified,Mid-level,NLP,false,false,2026-02-04,Adzuna
Natural Language Processing Engineer,NLP / LLM Engineering,Instasks App platform,United States,Miami,42000,166000,104000,false,range,USD,Unspecified,Mid-level,,false,false,2022-06-20,Adzuna
NLP/Machine Learning Intern (Summer),NLP / LLM Engineering,Wisdom AI,United States,San Mateo,114000,114000,114000,true,point_estimate,USD,Unspecified,Mid-level,"R, NLP",true,false,2026-02-18,Adzuna
"Machine Learning Engineer, NLP - TikTok E-commerce Knowledge Graph",NLP / LLM Engineering,TikTok,United States,Times Square,115000,115000,115000,true,point_estimate,USD,Unspecified,Mid-level,NLP,false,false,2025-05-08,Adzuna
Conversational AI Engineer (NLU & Speech Focus),NLP / LLM Engineering,Beneficial Talent Source,United States,Menlo Park,124000,124000,124000,true,point_estimate,USD,Remote,Lead,Fine-tuning,false,false,2026-01-30,Adzuna
"Machine Learning Engineer(NLP/CV/Multimodal), TikTok E-commerce Knowledge Graph",NLP / LLM Engineering,TikTok,United States,Times Square,113000,113000,113000,true,point_estimate,USD,Unspecified,Mid-level,NLP,false,false,2025-05-08,Adzuna
"Senior Machine Learning Engineer(NLP/CV/Multimodal), TikTok E-commerce Knowledge Graph",NLP / LLM Engineering,TikTok,United States,Times Square,115000,115000,115000,true,point_estimate,USD,Unspecified,Senior,NLP,false,false,2025-05-08,Adzuna
Backend Software Engineer,AI Software Engineer,Verneek,United States,New York City,138000,138000,138000,true,point_estimate,USD,Unspecified,Mid-level,,false,false,2025-09-18,Adzuna
Machine Learning Engineer,Machine Learning Engineer,Verneek,United States,New York City,118000,118000,118000,true,point_estimate,USD,Unspecified,Mid-level,,false,false,2025-08-17,Adzuna
Post-Doc Research Associate - AI for Credible Climate Mitigation,AI / ML Research,UNC-Chapel Hill,United States,Chapel Hill,68000,72000,70000,false,range,USD,Remote,Junior,,false,false,2026-02-19,Adzuna
Conversational AI Developer with NLP,NLP / LLM Engineering,NTT DATA North America,United States,Irving,120000,120000,120000,true,point_estimate,USD,Unspecified,Senior,NLP,false,false,2026-02-05,Adzuna
AI/ML Engineer,Machine Learning Engineer,Cymertek,United States,Grovetown,109000,109000,109000,true,point_estimate,USD,Unspecified,Mid-level,,false,false,2025-11-15,Adzuna
AI/ML Engineer,Machine Learning Engineer,Cymertek,United States,Fort Sam Houston,108000,108000,108000,true,point_estimate,USD,Unspecified,Mid-level,,false,false,2025-11-15,Adzuna
AI/ML Engineer,Machine Learning Engineer,Cymertek,United States,Reston,117000,117000,117000,true,point_estimate,USD,Unspecified,Mid-level,,false,false,2025-11-15,Adzuna
AI/ML Engineer,Machine Learning Engineer,Cymertek,United States,Savage,104000,104000,104000,true,point_estimate,USD,Unspecified,Mid-level,,false,false,2025-11-14,Adzuna
AI/ML Engineer,Machine Learning Engineer,Cymertek,United States,Chantilly,100000,100000,100000,true,point_estimate,USD,Unspecified,Mid-level,,false,false,2025-11-15,Adzuna
AI/ML Engineer,Machine Learning Engineer,Cymertek,United States,Wake Island,111000,111000,111000,true,point_estimate,USD,Unspecified,Mid-level,,false,false,2025-11-15,Adzuna
AI/ML Engineer,Machine Learning Engineer,Cymertek,United States,Centennial,106000,106000,106000,true,point_estimate,USD,Unspecified,Mid-level,,false,false,2025-11-14,Adzuna
AI/ML Engineer,Machine Learning Engineer,Cymertek,United States,Wolf Trap,120000,120000,120000,true,point_estimate,USD,Unspecified,Mid-level,,false,false,2025-11-15,Adzuna
Machine Learning Engineer Technical Lead,Machine Learning Engineer,Sumeru Solutions,United States,,119000,119000,119000,true,point_estimate,USD,Remote,Lead,NLP,false,false,2026-02-21,Adzuna
"Machine Learning Engineer, NLP/CV/DL - TikTok E-commerce Global Supply Chain and Logistics",NLP / LLM Engineering,TikTok,United States,Times Square,117000,117000,117000,true,point_estimate,USD,Unspecified,Mid-level,NLP,false,false,2025-05-08,Adzuna
Machine Learning Engineer,Machine Learning Engineer,Cymertek,United States,Wake Island,113000,113000,113000,true,point_estimate,USD,Unspecified,Mid-level,,false,false,2025-02-16,Adzuna
Machine Learning Engineer,Machine Learning Engineer,Cymertek,United States,Fort Sam Houston,111000,111000,111000,true,point_estimate,USD,Unspecified,Mid-level,,false,false,2025-02-23,Adzuna
Machine Learning Engineer,Machine Learning Engineer,Cymertek,United States,Savage,107000,107000,107000,true,point_estimate,USD,Unspecified,Mid-level,,false,false,2025-02-16,Adzuna
Machine Learning Engineer,Machine Learning Engineer,Cymertek,United States,Wolf Trap,123000,123000,123000,true,point_estimate,USD,Unspecified,Mid-level,,false,false,2025-02-16,Adzuna
Machine Learning Engineer,Machine Learning Engineer,Cymertek,United States,Chantilly,103000,103000,103000,true,point_estimate,USD,Unspecified,Mid-level,,false,false,2025-02-16,Adzuna
Machine Learning Engineer,Machine Learning Engineer,Cymertek,United States,Reston,120000,120000,120000,true,point_estimate,USD,Unspecified,Mid-level,,false,false,2025-02-16,Adzuna
Machine Learning Engineer,Machine Learning Engineer,Cymertek,United States,Centennial,109000,109000,109000,true,point_estimate,USD,Unspecified,Mid-level,,false,false,2025-02-16,Adzuna
Machine Learning Engineer,Machine Learning Engineer,Cymertek,United States,Grovetown,111000,111000,111000,true,point_estimate,USD,Unspecified,Mid-level,,false,false,2025-02-16,Adzuna
Information Retrieval Software Developer - TS/SCI with Polygraph,AI Software Engineer,GD Information Technology,United States,Mc Lean,143000,187000,165000,false,range,USD,Unspecified,Mid-level,AWS,false,false,2026-01-23,Adzuna
Machine Learning Engineer (CV/NLP/Multimodal/LLM) -E-commerce Governance,NLP / LLM Engineering,TikTok,United States,Times Square,118000,118000,118000,true,point_estimate,USD,Unspecified,Mid-level,NLP,false,false,2025-05-08,Adzuna
Machine Learning Engineer (CV/NLP/Multimodal/LLM) -E-commerce Governance,NLP / LLM Engineering,TikTok,United States,Campbell,137000,137000,137000,true,point_estimate,USD,Unspecified,Mid-level,NLP,false,false,2025-05-08,Adzuna
Data Scientist/Machine Learning Developer - TS/SCI with Polygraph,Machine Learning Engineer,GD Information Technology,United States,Mc Lean,183000,247000,215000,false,range,USD,Unspecified,Mid-level,,false,false,2026-01-23,Adzuna
Data Scientist/Machine Learning Developer - TS/SCI with Polygraph,Machine Learning Engineer,General Dynamics Information Technology,United States,Herndon,141000,141000,141000,true,point_estimate,USD,Unspecified,Mid-level,,false,false,2026-01-22,Adzuna
Data Scientist/Machine Learning Developer - TS/SCI with Polygraph,Machine Learning Engineer,General Dynamics Information Technology,United States,Tysons Corner,167000,167000,167000,true,point_estimate,USD,Unspecified,Mid-level,,false,true,2026-01-22,Adzuna
Conversational AI Developer with NLP,NLP / LLM Engineering,Launch by NTT DATA,United States,Irving,99000,99000,99000,true,point_estimate,USD,Unspecified,Senior,NLP,false,false,2026-02-15,Adzuna
Data Scientist - Machine Learning and NLP - FS Poly with Security Clearance,NLP / LLM Engineering,SRC,United States,Fairfax,160000,160000,160000,true,point_estimate,USD,Unspecified,Mid-level,NLP,false,false,2026-02-21,Adzuna
Natural Language Processing (NLP) Specialist,NLP / LLM Engineering,Cymertek,United States,Savage,118000,118000,118000,true,point_estimate,USD,Unspecified,Mid-level,NLP,false,false,2025-02-16,Adzuna
Part-Time Assistant Programmer,Other / Unclassified,The Pennsylvania State University,United States,University Park,96000,96000,96000,true,point_estimate,USD,Unspecified,Lead,,false,false,2026-01-17,Adzuna
AI/ML Software Engineer,AI Engineer,eStaffLLC,United States,Camp Mabry,178000,178000,178000,true,point_estimate,USD,Hybrid,Mid-level,NLP,false,false,2026-02-20,Adzuna
Identity AI / ML Engineer,Machine Learning Engineer,Openkyber,United States,Alaska,97000,97000,97000,true,point_estimate,USD,Remote,Lead,NLP,false,false,2026-02-14,Adzuna
Data Scientist - NLP,NLP / LLM Engineering,Analytica,United States,"Washington, D.C.",164000,164000,164000,true,point_estimate,USD,Remote,Mid-level,NLP,false,false,2025-11-17,Adzuna
"Senior Manager, Operations - Conversational Design, Automation (Last Mile Delivery)",Other / Unclassified,Walmart,United States,Bentonville,153000,153000,153000,true,point_estimate,USD,Unspecified,Senior,Spark,false,false,2026-02-19,Adzuna
Data Scientist - Machine Learning and NLP - FS Poly,NLP / LLM Engineering,stanleyreid,United States,Pimmit,146000,146000,146000,true,point_estimate,USD,Unspecified,Mid-level,NLP,false,false,2025-01-17,Adzuna
Machine Learning Engineer Graduate (CV/NLP/Multimodal/LLM - E-Commerce Governance) - 2025 Start (PhD),NLP / LLM Engineering,TikTok,United States,Times Square,101000,101000,101000,true,point_estimate,USD,Unspecified,Mid-level,NLP,false,false,2025-05-08,Adzuna
Technical Program Manager,AI Product & Program,Quantiphi,United States,,148000,148000,148000,true,point_estimate,USD,Unspecified,Management,,false,false,2025-10-26,Adzuna
"Manager, Data Science",Data Scientist,Eastman,United States,Kingsport,181000,181000,181000,true,point_estimate,USD,Unspecified,Management,,false,false,2026-01-14,Adzuna
AI/ML Engineer,Machine Learning Engineer,ReturnPro,United States,Aventura,141000,141000,141000,true,point_estimate,USD,Unspecified,Mid-level,RAG,false,false,2026-01-12,Adzuna
"Senior Information Retrieval Engineer, Brand Concierge",Other / Unclassified,Adobe,United States,San Jose,172000,307000,239500,false,range,USD,Unspecified,Senior,,false,false,2025-08-17,Adzuna
Scala Engineer,Other / Unclassified,ingenium.agency,United States,New York City,152000,152000,152000,true,point_estimate,USD,Unspecified,Mid-level,NLP,false,false,2026-02-04,Adzuna
AI/ML internship,AI Engineer,Bowler Pons Solutions Solutions Consultants,United States,Annapolis,66000,66000,66000,true,point_estimate,USD,Unspecified,Mid-level,NLP,true,false,2026-02-10,Adzuna
Full Stack AI Engineer,AI Engineer,My3Tech,United States,Bluff Springs,162000,162000,162000,true,point_estimate,USD,Hybrid,Mid-level,NLP,false,false,2026-02-21,Adzuna
INTERNSHIP - Customer Success - GenAI NLP,NLP / LLM Engineering,3DS Inc,United States,Johnston,53000,53000,53000,true,point_estimate,USD,Unspecified,Mid-level,"NLP, RAG",true,false,2026-02-21,Adzuna
GenAI Data Engineer,Data Engineer,Tiger Analytics Inc.,United States,Hartford,143000,143000,143000,true,point_estimate,USD,Unspecified,Mid-level,,false,false,2026-01-29,Adzuna
LLMOps Platform Engineer,MLOps / ML Infrastructure,SumerSports,United States,,125000,125000,125000,true,point_estimate,USD,Unspecified,Mid-level,RAG,false,false,2025-10-23,Adzuna
AI Engineer,AI Engineer,ThermoFisher Scientific,United States,Douglas,180000,180000,180000,true,point_estimate,USD,Unspecified,Mid-level,,false,true,2026-02-19,Adzuna
AI Engineer,AI Engineer,Thermo Fisher Scientific,United States,Morrisville,85000,95000,90000,false,range,USD,Unspecified,Mid-level,,false,false,2026-02-18,Adzuna
Machine Learning Technical Lead - Remote / Telecommute,AI Software Engineer,CYNET SYSTEMS,United States,Richmond,146000,146000,146000,true,point_estimate,USD,Remote,Lead,NLP,false,false,2026-02-21,Adzuna
"Tech Lead, Senior Machine Learning Engineer - TikTok Search Algorithms (NLP, Ranking, Relevance, Understanding, User Engagement)",NLP / LLM Engineering,TikTok,United States,Campbell,151000,151000,151000,true,point_estimate,USD,Unspecified,Senior,NLP,false,false,2025-05-08,Adzuna
Artificial Intelligence (AI) Engineer,AI Engineer,Children’s Hospital Association,United States,Lenexa,108000,200000,154000,false,range,USD,Remote,Mid-level,,false,false,2026-02-03,Adzuna
AI Engineer (Natural Language Processing),NLP / LLM Engineering,Skyryse,United States,El Segundo,140000,180000,160000,false,range,USD,Unspecified,Mid-level,,false,false,2026-01-07,Adzuna
AI/ML Engineer,Machine Learning Engineer,bcore,United States,,133000,133000,133000,true,point_estimate,USD,Unspecified,Mid-level,,false,false,2025-10-04,Adzuna
Lead Data Engineer - Clinical AI,Data Engineer,Qualified Health,United States,Palo Alto,243000,243000,243000,true,point_estimate,USD,Unspecified,Lead,,false,false,2026-02-05,Adzuna
Technical Product Manager,AI Product & Program,Bluefish AI,United States,,176000,176000,176000,true,point_estimate,USD,Unspecified,Management,NLP,false,false,2026-02-05,Adzuna
Senior AI Agent Engineer,AI Engineer,Adobe,United States,San Jose,152000,265000,208500,false,range,USD,Unspecified,Senior,,false,false,2025-10-26,Adzuna
"AI Engineer, Agent",AI Engineer,Eloquent AI,United States,San Francisco,179000,179000,179000,true,point_estimate,USD,Unspecified,Mid-level,,false,false,2025-08-07,Adzuna
"AI Engineer, Multimodal LLMs",AI Engineer,Eloquent AI,United States,San Francisco,190000,190000,190000,true,point_estimate,USD,Unspecified,Mid-level,,false,false,2025-08-07,Adzuna
Data Science Intern,Data Scientist,Prolaio,United States,Chicago,93000,93000,93000,true,point_estimate,USD,Unspecified,Mid-level,,true,false,2026-02-12,Adzuna
Analytics Engineer,Data Engineer,MONTICELLOAM,United States,New York City,114000,114000,114000,true,point_estimate,USD,Unspecified,Mid-level,,false,false,2026-02-18,Adzuna
NLP Analyst,NLP / LLM Engineering,Jobs via Dice,United States,Dallas,67000,67000,67000,true,point_estimate,USD,Unspecified,Mid-level,NLP,false,false,2026-01-29,Adzuna
Conversational UX Designer - Onshore,Other / Unclassified,Photon Group,United States,,139000,139000,139000,true,point_estimate,USD,Unspecified,Mid-level,,false,false,2025-12-11,Adzuna
Machine Learning Architect - RAG Foundations,AI Consulting / Solutions,Salesforce,United States,Hayes Valley,143000,143000,143000,true,point_estimate,USD,Unspecified,Mid-level,RAG,false,false,2025-05-23,Adzuna
Machine Learning Architect - RAG Foundations,AI Consulting / Solutions,Salesforce,United States,Bellevue,150000,150000,150000,true,point_estimate,USD,Unspecified,Mid-level,RAG,false,true,2025-05-23,Adzuna
Graduate Implementation Specialist,Other / Unclassified,RedTech Recruitment Ltd.,United States,Chelsea and Clinton,75000,80000,77500,false,range,USD,Unspecified,Mid-level,,false,false,2025-12-10,Adzuna
"Senior AI Agent Engineer, Brand Concierge",AI Engineer,Adobe,United States,San Jose,172000,307000,239500,false,range,USD,Unspecified,Senior,,false,false,2025-08-17,Adzuna
"Research Scientist Intern, Monetization Generative AI - LLM (PhD)",AI / ML Research,Meta,United States,New York City,152000,152000,152000,true,point_estimate,USD,Unspecified,Mid-level,,true,false,2025-09-23,Adzuna
"Research Scientist Intern, Monetization Generative AI - LLM (PhD)",AI / ML Research,Meta,United States,Bellevue,148000,148000,148000,true,point_estimate,USD,Unspecified,Mid-level,,true,true,2025-10-30,Adzuna
"Research Scientist Intern, Monetization Generative AI - LLM (PhD)",AI / ML Research,Meta,United States,Menlo Park,145000,145000,145000,true,point_estimate,USD,Unspecified,Mid-level,,true,true,2026-02-20,Adzuna
"26-1080: Senior AI/ML Engineer - Herndon, VA",Machine Learning Engineer,Navitas,United States,Herndon,122000,122000,122000,true,point_estimate,USD,Unspecified,Senior,,false,false,2026-01-29,Adzuna
"AI Engineer, Applied ML",AI Engineer,Perplexity,United States,San Francisco,210000,385000,297500,false,range,USD,Unspecified,Mid-level,,false,false,2025-11-18,Adzuna
"System Engineer - Junior, Mid, or Senior",Other / Unclassified,SITEC Consulting,United States,Harmans,140000,215000,177500,false,range,USD,Unspecified,Junior,,false,false,2026-01-07,Adzuna
Senior Agentic AI Engineer,AI Engineer,LegalOn Technologies,United States,San Francisco,145000,145000,145000,true,point_estimate,USD,Unspecified,Senior,,false,false,2025-10-05,Adzuna
Senior Lead Software Engineer - Java/Python Trading Systems,AI Software Engineer,JPMorganChase,United States,Jersey City,171000,260000,215500,false,range,USD,Unspecified,Senior,Python,false,false,2026-01-18,Adzuna
Software Engineering Intern,AI Software Engineer,KLA,United States,Milpitas,73000,98000,85500,false,range,USD,Unspecified,Mid-level,,true,false,2025-12-22,Adzuna
LLM Algorithm Tech Lead – Applied Large Language Model Systems,NLP / LLM Engineering,Plaud,United States,San Francisco,230000,300000,265000,false,range,USD,Unspecified,Lead,,false,false,2026-01-09,Adzuna
NLP Data Lead,NLP / LLM Engineering,Capture2,United States,San Diego,120000,130000,125000,false,range,USD,Unspecified,Lead,NLP,false,false,2024-08-07,Adzuna
"Advanced Data Scientist, Senior with Security Clearance",Data Scientist,Booz Allen Hamilton,United States,Herndon,167000,167000,167000,true,point_estimate,USD,Unspecified,Senior,,false,false,2026-02-21,Adzuna
Frontend Engineer,AI Software Engineer,Hired Recruiters,United States,Austin,190000,220000,205000,false,range,USD,Unspecified,Mid-level,,false,false,2025-07-31,Adzuna
Principal Applied Science Manager,Other / Unclassified,Microsoft Corporation,United States,Redmond,234000,234000,234000,true,point_estimate,USD,Unspecified,Lead,,false,false,2026-02-11,Adzuna
Senior/Lead AI Engineer (Backend) - AI Integration,AI Engineer,Salesforce,United States,Hayes Valley,161000,161000,161000,true,point_estimate,USD,Unspecified,Senior,,false,false,2025-05-08,Adzuna
IT Data Scientist,Data Scientist,Advocate Health and Hospitals Corporation,United States,,106000,159000,132500,false,range,USD,Remote,Mid-level,,false,false,2026-02-19,Adzuna
Sr. Marketing Manager - AEO,Other / Unclassified,Kraken,United States,,110000,221000,165500,false,range,USD,Unspecified,Senior,,false,false,2025-12-19,Adzuna
Advanced AI Scientist,Other / Unclassified,HP,United States,Houston,147000,231000,189000,false,range,USD,Unspecified,Mid-level,,false,false,2026-01-29,Adzuna
Senior Engineer Agentic AI,AI Engineer,Tata Consultancy Services,United States,Chicago,115000,155000,135000,false,range,USD,Hybrid,Senior,,false,false,2026-02-18,Adzuna
AI & Data Principal Consultant (1203),AI Consulting / Solutions,"Axtria, Inc.",United States,Boston,137000,137000,137000,true,point_estimate,USD,Unspecified,Lead,,false,false,2026-01-12,Adzuna
AI & Data Principal Consultant (1203),AI Consulting / Solutions,Axtria,United States,Waltham,250000,350000,300000,false,range,USD,Unspecified,Lead,,false,false,2026-02-04,Adzuna
AI Architect,AI Consulting / Solutions,HP,United States,Houston,147000,231000,189000,false,range,USD,Unspecified,Mid-level,,false,false,2026-01-29,Adzuna
Machine Learning Intern,Other / Unclassified,Ema,United States,,87000,87000,87000,true,point_estimate,USD,Unspecified,Mid-level,,true,false,2025-04-02,Adzuna
"Senior Software Engineer, Core Open-Source- Weights & Biases",AI Software Engineer,CoreWeave,United States,San Francisco,165000,242000,203500,false,range,USD,Unspecified,Senior,,false,false,2026-02-12,Adzuna
"Manager, Data Science - GenAI Digital Assistant",Data Scientist,Capital One,United States,New York City,202000,202000,202000,true,point_estimate,USD,Unspecified,Management,,false,false,2026-01-02,Adzuna
Senior Machine Learning Engineer,Machine Learning Engineer,Taskrabbit,United States,San Francisco,145000,145000,145000,true,point_estimate,USD,Unspecified,Senior,,false,false,2025-12-08,Adzuna
"Team (People) Leader, Data Scientist",Data Scientist,LexisNexis,United States,Raleigh,105000,175000,140000,false,range,USD,Remote,Mid-level,,false,false,2025-10-18,Adzuna
Digital Transformation Project Manager - AI/ML Engineering Tools,Machine Learning Engineer,Ford Motor Company,United States,Dearborn,115000,115000,115000,true,point_estimate,USD,Unspecified,Lead,,false,false,2026-01-28,Adzuna
Senior Software & AI Engineer I,AI Engineer,Southern California Edison,United States,Rosemead,137000,137000,137000,true,point_estimate,USD,Unspecified,Senior,,false,false,2025-12-03,Adzuna
Dynamics AI Engineer,AI Engineer,MKS2 Technologies,United States,Salt Lake City,135000,150000,142500,false,range,USD,Unspecified,Mid-level,,false,false,2026-01-31,Adzuna
Generative AI Engineer,AI Engineer,Navy Federal,United States,Vienna,154000,154000,154000,true,point_estimate,USD,Unspecified,Mid-level,,false,false,2026-01-10,Adzuna
"26-1080: Senior AI/ML Engineer - Herndon, VA",Machine Learning Engineer,Navitas,United States,Oak Hill,143000,143000,143000,true,point_estimate,USD,Unspecified,Senior,,false,true,2026-01-31,Adzuna
"Senior Manager, Data Science - GenAI Digital Assistant",Data Scientist,Capital One,United States,New York City,226000,226000,226000,true,point_estimate,USD,Unspecified,Senior,,false,false,2026-02-05,Adzuna
"Senior Manager, Data Science - AI Foundations",Data Scientist,Capital One,United States,New York City,226000,226000,226000,true,point_estimate,USD,Unspecified,Senior,,false,false,2026-02-07,Adzuna
Staff Product Manager - Inpatient Clinical AI,AI Product & Program,"GetWellNetwork, Inc.",United States,,264000,264000,264000,true,point_estimate,USD,Unspecified,Lead,,false,false,2026-01-26,Adzuna
"System Engineer - Junior, Mid, or Senior",Other / Unclassified,SITEC Consulting,United States,Hanover,104000,104000,104000,true,point_estimate,USD,Unspecified,Junior,,false,false,2026-02-14,Adzuna
Principal AI-Machine Learning Engineer,Machine Learning Engineer,Dana-Farber Cancer Institute,United States,Boston,183000,183000,183000,true,point_estimate,USD,Unspecified,Lead,,false,false,2026-01-01,Adzuna
Senior AI/ML Engineer,Machine Learning Engineer,TEKsystems,United States,Atlanta,183000,183000,183000,true,point_estimate,USD,Unspecified,Senior,,false,false,2026-02-20,Adzuna
Manager of Machine Learning,Other / Unclassified,AvaSure,United States,Grand Rapids,170000,190000,180000,false,range,USD,Unspecified,Management,,false,false,2026-02-04,Adzuna
Food Ontology Manager,Other / Unclassified,WISEcode,United States,,132000,132000,132000,true,point_estimate,USD,Unspecified,Management,,false,false,2025-11-14,Adzuna
Senior Software Engineer,AI Software Engineer,Red Hat,United States,Five Points,206000,206000,206000,true,point_estimate,USD,Unspecified,Senior,,false,false,2026-01-29,Adzuna
"Software Engineer, AI-Driven Automation (Ansible Nexus)",AI Engineer,Red Hat,United States,Five Points,182000,182000,182000,true,point_estimate,USD,Unspecified,Mid-level,,false,false,2026-01-29,Adzuna
"Research Scientist, Multimodal Machine Learning - Trust and Safety",AI / ML Research,TikTok,United States,Campbell,200000,200000,200000,true,point_estimate,USD,Unspecified,Mid-level,,false,false,2025-05-08,Adzuna
"Senior Research Scientist, Multimodal Machine Learning - Trust and Safety",AI / ML Research,TikTok,United States,Times Square,175000,175000,175000,true,point_estimate,USD,Unspecified,Senior,,false,false,2025-05-08,Adzuna
"Machine Learning Engineer, Trust and Safety - USDS",Machine Learning Engineer,TikTok,United States,Times Square,135000,135000,135000,true,point_estimate,USD,Unspecified,Mid-level,,false,false,2025-05-08,Adzuna
Machine Learning Engineer - Trust and Safety,Machine Learning Engineer,TikTok,United States,Campbell,137000,137000,137000,true,point_estimate,USD,Unspecified,Mid-level,,false,false,2025-05-08,Adzuna
Head of Clinician Science,Other / Unclassified,Abridge,United States,San Francisco,250000,300000,275000,false,range,USD,Unspecified,Management,,false,false,2026-01-30,Adzuna
AI Researcher,AI / ML Research,Tata Consultancy Services,United States,Edison,125000,125000,125000,true,point_estimate,USD,Unspecified,Mid-level,Computer Vision,false,false,2025-12-04,Adzuna
AI Researcher,AI / ML Research,Cisco,United States,Loch Alpine,109000,109000,109000,true,point_estimate,USD,Unspecified,Mid-level,,false,false,2026-01-17,Adzuna
AI Researcher,AI / ML Research,Cisco,United States,International,105000,105000,105000,true,point_estimate,USD,Unspecified,Mid-level,,false,true,2026-01-17,Adzuna
AI Researcher,AI / ML Research,Cisco,United States,Boston,91000,91000,91000,true,point_estimate,USD,Unspecified,Mid-level,,false,true,2026-01-17,Adzuna
AI Researcher,AI / ML Research,Cisco,United States,Atlanta,136000,136000,136000,true,point_estimate,USD,Unspecified,Mid-level,,false,true,2026-01-17,Adzuna
Agentic AI Researcher,AI / ML Research,RTX Corporation,United States,Silver Lane,161000,161000,161000,true,point_estimate,USD,Hybrid,Mid-level,,false,false,2026-02-21,Adzuna
Fundamental AI Researcher - FAIR,AI / ML Research,Meta,United States,New York City,158000,158000,158000,true,point_estimate,USD,Unspecified,Mid-level,,false,false,2026-01-23,Adzuna
Fundamental AI Researcher - FAIR,AI / ML Research,Meta,United States,International,121000,121000,121000,true,point_estimate,USD,Unspecified,Mid-level,,false,true,2026-01-23,Adzuna
Fundamental AI Researcher - FAIR,AI / ML Research,Meta,United States,Menlo Park,151000,151000,151000,true,point_estimate,USD,Unspecified,Mid-level,,false,true,2026-02-20,Adzuna
AI Research Solution Architect,AI / ML Research,Fujitsu,United States,Holy,147000,147000,147000,true,point_estimate,USD,Unspecified,Mid-level,,false,false,2026-02-20,Adzuna
Agentic AI Research Intern,AI / ML Research,Fujitsu,United States,Holy,93000,93000,93000,true,point_estimate,USD,Unspecified,Mid-level,,true,false,2026-02-20,Adzuna
"AI Research Scientist, Robotics",AI / ML Research,Meta,United States,Redmond,86000,86000,86000,true,point_estimate,USD,Unspecified,Mid-level,,false,false,2025-12-20,Adzuna
"AI Research Scientist, Robotics",AI / ML Research,Meta,United States,Hillsborough,100000,100000,100000,true,point_estimate,USD,Unspecified,Mid-level,,false,true,2026-02-20,Adzuna
Senior AI Research Developer,AI / ML Research,SAP,United States,Palo Alto,159000,159000,159000,true,point_estimate,USD,Unspecified,Senior,,false,false,2025-12-10,Adzuna
"AI Research Scientist, Robotics",AI / ML Research,Meta,United States,New York City,109000,109000,109000,true,point_estimate,USD,Unspecified,Mid-level,,false,false,2026-01-08,Adzuna
"AI Research Scientist, Robotics",AI / ML Research,Meta,United States,Menlo Park,105000,105000,105000,true,point_estimate,USD,Unspecified,Mid-level,,false,true,2026-02-20,Adzuna
AI Research and Development Leads,AI / ML Research,American Express,United States,Phoenix,112000,112000,112000,true,point_estimate,USD,Unspecified,Mid-level,,false,false,2026-01-21,Adzuna
Contextual AI Research Engineer,AI / ML Research,Meta,United States,Redmond,143000,143000,143000,true,point_estimate,USD,Unspecified,Mid-level,R,false,false,2026-02-13,Adzuna
Contextual AI Research Engineer,AI / ML Research,Meta,United States,Sunnyvale,194000,194000,194000,true,point_estimate,USD,Unspecified,Mid-level,R,false,true,2026-02-20,Adzuna
Contextual AI Research Scientist,AI / ML Research,Meta,United States,Redmond,149000,149000,149000,true,point_estimate,USD,Unspecified,Mid-level,R,false,false,2026-02-19,Adzuna
"AI Research Scientist, MRS AI (PhD)",AI / ML Research,Meta,United States,Menlo Park,127000,127000,127000,true,point_estimate,USD,Unspecified,Mid-level,,false,false,2026-02-20,Adzuna
Senior AI Research Engineer with Security Clearance,AI / ML Research,MITRE Corporation,United States,Fairfax,126000,126000,126000,true,point_estimate,USD,Unspecified,Senior,R,false,false,2026-02-21,Adzuna
Staff AI Research Engineer with Security Clearance,AI / ML Research,Lockheed Martin,United States,Offutt Air Force Base,105000,105000,105000,true,point_estimate,USD,Unspecified,Lead,,false,false,2026-02-21,Adzuna
"AI Research Scientist, CoreML - Monetization AI",AI / ML Research,Meta,United States,Menlo Park,154000,154000,154000,true,point_estimate,USD,Unspecified,Mid-level,,false,false,2026-02-20,Adzuna
"AI Research Scientist, CoreML - Monetization AI",AI / ML Research,Meta,United States,SoMa,139000,139000,139000,true,point_estimate,USD,Unspecified,Mid-level,,false,true,2026-02-20,Adzuna
"AI Research Scientist, CoreML - Monetization AI",AI / ML Research,Meta,United States,Sunnyvale,165000,165000,165000,true,point_estimate,USD,Unspecified,Mid-level,,false,true,2026-02-20,Adzuna
AI Research Scientist - Language - MRS AI,AI / ML Research,Meta,United States,Bellevue,142000,142000,142000,true,point_estimate,USD,Unspecified,Mid-level,,false,false,2026-02-12,Adzuna
AI Research Scientist - Language - MRS AI,AI / ML Research,Meta,United States,Sacramento,109000,109000,109000,true,point_estimate,USD,Unspecified,Mid-level,,false,true,2026-02-20,Adzuna
AI Research Scientist - Language - MRS AI,AI / ML Research,Meta,United States,Bonnie,105000,105000,105000,true,point_estimate,USD,Unspecified,Mid-level,,false,true,2026-02-07,Adzuna
AI Research Scientist - Language - MRS AI,AI / ML Research,Meta,United States,Tumwater,104000,104000,104000,true,point_estimate,USD,Unspecified,Mid-level,,false,true,2026-02-07,Adzuna
AI Research Scientist - Language - MRS AI,AI / ML Research,Meta,United States,Madison,105000,105000,105000,true,point_estimate,USD,Unspecified,Mid-level,,false,true,2026-02-07,Adzuna
AI Research Scientist - Language - MRS AI,AI / ML Research,Meta,United States,International,111000,111000,111000,true,point_estimate,USD,Unspecified,Mid-level,,false,true,2026-02-07,Adzuna
AI Research Scientist - Language - MRS AI,AI / ML Research,Meta,United States,Annapolis,126000,126000,126000,true,point_estimate,USD,Unspecified,Mid-level,,false,true,2026-02-07,Adzuna
AI Research Scientist - Language - MRS AI,AI / ML Research,Meta,United States,Montpelier,100000,100000,100000,true,point_estimate,USD,Unspecified,Mid-level,,false,true,2026-02-07,Adzuna
AI Research Scientist - Language - MRS AI,AI / ML Research,Meta,United States,Charleston,106000,106000,106000,true,point_estimate,USD,Unspecified,Mid-level,,false,true,2026-02-07,Adzuna
AI Research Scientist - Language - MRS AI,AI / ML Research,Meta,United States,Menlo Park,139000,139000,139000,true,point_estimate,USD,Unspecified,Mid-level,,false,true,2026-02-20,Adzuna
AI Research Scientist - Language - MRS AI,AI / ML Research,Meta,United States,Sunnyvale,149000,149000,149000,true,point_estimate,USD,Unspecified,Mid-level,,false,true,2026-02-20,Adzuna
AI Research Scientist - Language - MRS AI,AI / ML Research,Meta,United States,La Cienga,141000,141000,141000,true,point_estimate,USD,Unspecified,Mid-level,,false,true,2026-02-07,Adzuna
AI Research Scientist - Language - MRS AI,AI / ML Research,Meta,United States,Oklahoma City,101000,101000,101000,true,point_estimate,USD,Unspecified,Mid-level,,false,true,2026-02-07,Adzuna
AI Research Scientist - Language - MRS AI,AI / ML Research,Meta,United States,Chisolm,91000,91000,91000,true,point_estimate,USD,Unspecified,Mid-level,,false,true,2026-02-07,Adzuna
AI Research Scientist - Language - MRS AI,AI / ML Research,Meta,United States,Baton Rouge,100000,100000,100000,true,point_estimate,USD,Unspecified,Mid-level,,false,true,2026-02-07,Adzuna
AI Research Scientist - Language - MRS AI,AI / ML Research,Meta,United States,Cammack Village,154000,154000,154000,true,point_estimate,USD,Unspecified,Mid-level,,false,true,2026-02-07,Adzuna
AI Research Scientist - Language - MRS AI,AI / ML Research,Meta,United States,Frankfort,111000,111000,111000,true,point_estimate,USD,Unspecified,Mid-level,,false,true,2026-02-07,Adzuna
AI Research Scientist - Language - MRS AI,AI / ML Research,Meta,United States,Phoenix,97000,97000,97000,true,point_estimate,USD,Unspecified,Mid-level,,false,true,2026-02-07,Adzuna
AI Research Scientist - Language - MRS AI,AI / ML Research,Meta,United States,Glendale,121000,121000,121000,true,point_estimate,USD,Unspecified,Mid-level,,false,true,2026-02-07,Adzuna
AI Research Scientist - Language - MRS AI,AI / ML Research,Meta,United States,Lansing,108000,108000,108000,true,point_estimate,USD,Unspecified,Mid-level,,false,true,2026-02-07,Adzuna
AI Research Scientist - Language - MRS AI,AI / ML Research,Meta,United States,Trenton,108000,108000,108000,true,point_estimate,USD,Unspecified,Mid-level,,false,true,2026-02-07,Adzuna
AI Research Scientist - Language - MRS AI,AI / ML Research,Meta,United States,Uptown,126000,126000,126000,true,point_estimate,USD,Unspecified,Mid-level,,false,true,2026-02-07,Adzuna
AI Research Scientist - Language - MRS AI,AI / ML Research,Meta,United States,State House,127000,127000,127000,true,point_estimate,USD,Unspecified,Mid-level,,false,true,2026-02-07,Adzuna
AI Research Scientist - Language - MRS AI,AI / ML Research,Meta,United States,Talcott Village,111000,111000,111000,true,point_estimate,USD,Unspecified,Mid-level,,false,true,2026-02-07,Adzuna
AI Research Scientist - Language - MRS AI,AI / ML Research,Meta,United States,Ny State Campus,115000,115000,115000,true,point_estimate,USD,Unspecified,Mid-level,,false,true,2026-02-07,Adzuna
AI Research Scientist - Language - MRS AI,AI / ML Research,Meta,United States,Salem,98000,98000,98000,true,point_estimate,USD,Unspecified,Mid-level,,false,true,2026-02-07,Adzuna
AI Research Scientist - Language - MRS AI,AI / ML Research,Meta,United States,Carson Mall,108000,108000,108000,true,point_estimate,USD,Unspecified,Mid-level,,false,true,2026-02-07,Adzuna
AI Research Scientist - Language - MRS AI,AI / ML Research,Meta,United States,Wake Island,95000,95000,95000,true,point_estimate,USD,Unspecified,Mid-level,,false,true,2026-02-07,Adzuna
AI Research Scientist - Language - MRS AI,AI / ML Research,Meta,United States,Augusta,138000,138000,138000,true,point_estimate,USD,Unspecified,Mid-level,,false,true,2026-02-07,Adzuna
AI Research Scientist - Language - MRS AI,AI / ML Research,Meta,United States,Concord,151000,151000,151000,true,point_estimate,USD,Unspecified,Mid-level,,false,true,2026-02-07,Adzuna
AI Research Scientist - Language - MRS AI,AI / ML Research,Meta,United States,Saint Paul,100000,100000,100000,true,point_estimate,USD,Unspecified,Mid-level,,false,true,2026-02-07,Adzuna
AI Research Scientist - Language - MRS AI,AI / ML Research,Meta,United States,Cedar,109000,109000,109000,true,point_estimate,USD,Unspecified,Mid-level,,false,true,2026-02-07,Adzuna
AI Research Scientist - Language - MRS AI,AI / ML Research,Meta,United States,Boston,97000,97000,97000,true,point_estimate,USD,Unspecified,Mid-level,,false,true,2026-02-07,Adzuna
AI Research Scientist - Language - MRS AI,AI / ML Research,Meta,United States,Jackson,94000,94000,94000,true,point_estimate,USD,Unspecified,Mid-level,,false,true,2026-02-07,Adzuna
AI Research Scientist - Language - MRS AI,AI / ML Research,Meta,United States,Archer,119000,119000,119000,true,point_estimate,USD,Unspecified,Mid-level,,false,true,2026-02-07,Adzuna
AI Research Scientist - Language - MRS AI,AI / ML Research,Meta,United States,Boise,101000,101000,101000,true,point_estimate,USD,Unspecified,Mid-level,,false,true,2026-02-07,Adzuna
AI Research Scientist - Language - MRS AI,AI / ML Research,Meta,United States,Wyoming,129000,129000,129000,true,point_estimate,USD,Unspecified,Mid-level,,false,true,2026-02-07,Adzuna
AI Research Scientist - Language - MRS AI,AI / ML Research,Meta,United States,Atlanta,144000,144000,144000,true,point_estimate,USD,Unspecified,Mid-level,,false,true,2026-02-07,Adzuna
AI Research Scientist - Language - MRS AI,AI / ML Research,Meta,United States,Topeka,104000,104000,104000,true,point_estimate,USD,Unspecified,Mid-level,,false,true,2026-02-07,Adzuna
AI Research Scientist - Language - MRS AI,AI / ML Research,Meta,United States,Five Points,115000,115000,115000,true,point_estimate,USD,Unspecified,Mid-level,,false,true,2026-02-07,Adzuna
AI Research Scientist - Language - MRS AI,AI / ML Research,Meta,United States,Edgewood,102000,102000,102000,true,point_estimate,USD,Unspecified,Mid-level,,false,true,2026-02-07,Adzuna
AI Research Scientist - Language - MRS AI,AI / ML Research,Meta,United States,Bismarck,98000,98000,98000,true,point_estimate,USD,Unspecified,Mid-level,,false,true,2026-02-07,Adzuna
AI Research Scientist - Language - MRS AI,AI / ML Research,Meta,United States,"Washington, D.C.",104000,104000,104000,true,point_estimate,USD,Unspecified,Mid-level,,false,true,2026-02-07,Adzuna
AI Research Scientist - Language - MRS AI,AI / ML Research,Meta,United States,Des Moines,99000,99000,99000,true,point_estimate,USD,Unspecified,Mid-level,,false,true,2026-02-07,Adzuna
AI Research Scientist - Language - MRS AI,AI / ML Research,Meta,United States,Grandview Heights,127000,127000,127000,true,point_estimate,USD,Unspecified,Mid-level,,false,true,2026-02-07,Adzuna
AI Research Scientist - Language - MRS AI,AI / ML Research,Meta,United States,Nashville,106000,106000,106000,true,point_estimate,USD,Unspecified,Mid-level,,false,true,2026-02-07,Adzuna
AI Research Scientist - Language - MRS AI,AI / ML Research,Meta,United States,Pierre,154000,154000,154000,true,point_estimate,USD,Unspecified,Mid-level,,false,true,2026-02-07,Adzuna
AI Research Scientist - Language - MRS AI,AI / ML Research,Meta,United States,Providence,105000,105000,105000,true,point_estimate,USD,Unspecified,Mid-level,,false,true,2026-02-07,Adzuna
AI Research Scientist - Language - MRS AI,AI / ML Research,Meta,United States,Helena,105000,105000,105000,true,point_estimate,USD,Unspecified,Mid-level,,false,true,2026-02-07,Adzuna
AI Research Scientist-Sr. Associate,AI / ML Research,JPMorgan Chase,United States,New York City,183000,183000,183000,true,point_estimate,USD,Unspecified,Junior,,false,false,2025-08-02,Adzuna
"AI Research Engineer, FAIR Chemistry",AI / ML Research,Meta,United States,SoMa,121000,121000,121000,true,point_estimate,USD,Unspecified,Mid-level,,false,false,2026-02-21,Adzuna
"AI Research Engineer, FAIR Chemistry",AI / ML Research,Meta,United States,Menlo Park,133000,133000,133000,true,point_estimate,USD,Unspecified,Mid-level,,false,true,2026-02-21,Adzuna
"AI Research Scientist, FAIR Chemistry",AI / ML Research,Meta,United States,SoMa,107000,107000,107000,true,point_estimate,USD,Unspecified,Mid-level,,false,false,2026-02-20,Adzuna
AI Research Manager - Facebook Discovery,AI / ML Research,Meta,United States,Menlo Park,160000,160000,160000,true,point_estimate,USD,Unspecified,Management,,false,false,2026-02-20,Adzuna
Foundational AI Research Scientist - FAIR,AI / ML Research,Meta,United States,New York City,143000,143000,143000,true,point_estimate,USD,Unspecified,Mid-level,,false,false,2025-12-23,Adzuna
Foundational AI Research Scientist - FAIR,AI / ML Research,Meta,United States,Menlo Park,137000,137000,137000,true,point_estimate,USD,Unspecified,Mid-level,,false,true,2026-02-20,Adzuna
"AI Research Scientist, CoreML - Monetization",AI / ML Research,Meta,United States,New York City,238000,238000,238000,true,point_estimate,USD,Unspecified,Mid-level,,false,false,2026-01-09,Adzuna
"AI Research Scientist, CoreML - Monetization",AI / ML Research,Meta,United States,Bellevue,232000,232000,232000,true,point_estimate,USD,Unspecified,Mid-level,,false,true,2026-01-09,Adzuna
"AI Research Scientist, CoreML - Monetization",AI / ML Research,Meta,United States,Sunnyvale,245000,245000,245000,true,point_estimate,USD,Unspecified,Mid-level,,false,true,2026-02-20,Adzuna
"AI Research Scientist, FAIR Chemistry",AI / ML Research,Meta,United States,Menlo Park,119000,119000,119000,true,point_estimate,USD,Unspecified,Mid-level,,false,false,2026-02-21,Adzuna
AI Research Scientist - Speech and Language,AI / ML Research,Meta,United States,Redmond,76000,76000,76000,true,point_estimate,USD,Unspecified,Mid-level,,false,false,2026-02-21,Adzuna
AI Research Engineering Sr Manager,AI / ML Research,Lockheed Martin,United States,Littleton,184000,184000,184000,true,point_estimate,USD,Unspecified,Senior,,false,false,2026-01-28,Adzuna
AI Research Scientist (AI Agents) - Senior Associate,AI / ML Research,JPMorgan Chase,United States,New York City,231000,231000,231000,true,point_estimate,USD,Unspecified,Junior,,false,false,2025-11-11,Adzuna
AI Researcher,AI / ML Research,Vatic Labs,United States,New York City,175000,250000,212500,false,range,USD,Unspecified,Mid-level,Transformers,false,false,2025-01-27,Adzuna
AI Researcher,AI / ML Research,Gimlet Labs,United States,San Francisco,150000,350000,250000,false,range,USD,Unspecified,Mid-level,,false,false,2025-08-08,Adzuna
AI Researcher,AI / ML Research,Mercor,United States,San Francisco,200000,300000,250000,false,range,USD,Unspecified,Mid-level,,false,false,2025-10-17,Adzuna
AI Researcher,AI / ML Research,hum.ai,United States,San Francisco,193000,193000,193000,true,point_estimate,USD,Unspecified,Mid-level,,false,false,2025-07-29,Adzuna
AI Researcher,AI / ML Research,Hudson River Trading,United States,Seattle,189000,189000,189000,true,point_estimate,USD,Unspecified,Mid-level,,false,false,2025-07-03,Adzuna
AI Researcher,AI / ML Research,AGI,United States,San Francisco,221000,221000,221000,true,point_estimate,USD,Unspecified,Mid-level,OpenAI,false,false,2025-08-18,Adzuna
AI Researcher,AI / ML Research,Perplexity,United States,San Francisco,210000,470000,340000,false,range,USD,Unspecified,Mid-level,,false,false,2025-11-17,Adzuna
AI Researcher,AI / ML Research,Cisco Systems,United States,Boulder,250000,325000,287500,false,range,USD,Unspecified,Mid-level,,false,false,2026-01-25,Adzuna
AI Researcher,AI / ML Research,Rogo,United States,New York City,115000,115000,115000,true,point_estimate,USD,Unspecified,Mid-level,,false,false,2025-05-05,Adzuna
AI Researcher,AI / ML Research,Cisco Systems,United States,San Jose,181000,235000,208000,false,range,USD,Unspecified,Mid-level,,false,false,2026-02-04,Adzuna
AI Research Engineering Sr Manager with Security Clearance,AI / ML Research,Lockheed Martin,United States,Littleton,179000,179000,179000,true,point_estimate,USD,Unspecified,Senior,,false,false,2026-02-21,Adzuna
Full Spectrum Cyber AI Researcher with Security Clearance,AI / ML Research,Leidos,United States,Herndon,164000,164000,164000,true,point_estimate,USD,Unspecified,Mid-level,R,false,false,2026-02-21,Adzuna
"AI Research Software Engineer Senior (hybrid, Orlando, Secret)",AI / ML Research,Lockheed Martin,United States,Bay Lake,169000,169000,169000,true,point_estimate,USD,Hybrid,Senior,,false,false,2026-02-17,Adzuna
"AI Research Software Engineer Senior (hybrid, Orlando, Secret)",AI / ML Research,Lockheed Martin,United States,Orlo Vista,168000,168000,168000,true,point_estimate,USD,Hybrid,Senior,,false,true,2026-02-17,Adzuna
"AI Research Software Engineer Senior (hybrid, Orlando, Secret)",AI / ML Research,Lockheed Martin,United States,Azalea Park,167000,167000,167000,true,point_estimate,USD,Hybrid,Senior,,false,true,2026-02-17,Adzuna
"AI Research Software Engineer Senior (hybrid, Orlando, Secret)",AI / ML Research,Lockheed Martin,United States,Lake Monroe,180000,180000,180000,true,point_estimate,USD,Hybrid,Senior,,false,true,2026-02-17,Adzuna
"AI Research Software Engineer Senior (hybrid, Orlando, Secret)",AI / ML Research,Lockheed Martin,United States,Lake Mary,178000,178000,178000,true,point_estimate,USD,Hybrid,Senior,,false,true,2026-02-17,Adzuna
"AI Research Software Engineer Senior (hybrid, Orlando, Secret)",AI / ML Research,Lockheed Martin,United States,Holden Heights,179000,179000,179000,true,point_estimate,USD,Hybrid,Senior,,false,true,2026-02-17,Adzuna
"AI Research Software Engineer Senior (hybrid, Orlando, Secret)",AI / ML Research,Lockheed Martin,United States,Okahumpka,200000,200000,200000,true,point_estimate,USD,Hybrid,Senior,,false,true,2026-02-17,Adzuna
"AI Research Software Engineer Senior (hybrid, Orlando, Secret)",AI / ML Research,Lockheed Martin,United States,Pine Hills,169000,169000,169000,true,point_estimate,USD,Hybrid,Senior,,false,true,2026-02-17,Adzuna
"AI Research Software Engineer Senior (hybrid, Orlando, Secret)",AI / ML Research,Lockheed Martin,United States,Orange City,181000,181000,181000,true,point_estimate,USD,Hybrid,Senior,,false,true,2026-02-17,Adzuna
"AI Research Software Engineer Senior (hybrid, Orlando, Secret)",AI / ML Research,Lockheed Martin,United States,Altamonte Springs,226000,226000,226000,true,point_estimate,USD,Hybrid,Senior,,false,true,2026-02-17,Adzuna
"AI Research Software Engineer Senior (hybrid, Orlando, Secret)",AI / ML Research,Lockheed Martin,United States,Buena Ventura Lakes,221000,221000,221000,true,point_estimate,USD,Hybrid,Senior,,false,true,2026-02-17,Adzuna
"AI Research Software Engineer Senior (hybrid, Orlando, Secret)",AI / ML Research,Lockheed Martin,United States,Winter Springs,189000,189000,189000,true,point_estimate,USD,Hybrid,Senior,,false,true,2026-02-17,Adzuna
"AI Research Software Engineer Senior (hybrid, Orlando, Secret)",AI / ML Research,Lockheed Martin,United States,Lake Alfred,182000,182000,182000,true,point_estimate,USD,Hybrid,Senior,,false,true,2026-02-19,Adzuna
"AI Research Software Engineer Senior (hybrid, Orlando, Secret)",AI / ML Research,Lockheed Martin,United States,Saint Cloud,174000,174000,174000,true,point_estimate,USD,Hybrid,Senior,,false,true,2026-02-17,Adzuna
"AI Research Software Engineer Senior (hybrid, Orlando, Secret)",AI / ML Research,Lockheed Martin,United States,Minneola,170000,170000,170000,true,point_estimate,USD,Hybrid,Senior,,false,true,2026-02-17,Adzuna
"AI Research Software Engineer Senior (hybrid, Orlando, Secret)",AI / ML Research,Lockheed Martin,United States,Maitland,165000,165000,165000,true,point_estimate,USD,Hybrid,Senior,,false,true,2026-02-17,Adzuna
"AI Research Software Engineer Senior (hybrid, Orlando, Secret)",AI / ML Research,Lockheed Martin,United States,Belle Isle,179000,179000,179000,true,point_estimate,USD,Hybrid,Senior,,false,true,2026-02-17,Adzuna
"AI Research Software Engineer Senior (hybrid, Orlando, Secret)",AI / ML Research,Lockheed Martin,United States,Reunion,210000,210000,210000,true,point_estimate,USD,Hybrid,Senior,,false,true,2026-02-17,Adzuna
"AI Research Software Engineer Senior (hybrid, Orlando, Secret)",AI / ML Research,Lockheed Martin,United States,Poinciana,168000,168000,168000,true,point_estimate,USD,Hybrid,Senior,,false,true,2026-02-17,Adzuna
"AI Research Software Engineer Senior (hybrid, Orlando, Secret)",AI / ML Research,Lockheed Martin,United States,Edgewood,194000,194000,194000,true,point_estimate,USD,Hybrid,Senior,,false,true,2026-02-17,Adzuna
"AI Research Software Engineer Senior (hybrid, Orlando, Secret)",AI / ML Research,Lockheed Martin,United States,Oakland,176000,176000,176000,true,point_estimate,USD,Hybrid,Senior,,false,true,2026-02-17,Adzuna
"AI Research Software Engineer Senior (hybrid, Orlando, Secret)",AI / ML Research,Lockheed Martin,United States,Orlando,196000,196000,196000,true,point_estimate,USD,Hybrid,Senior,,false,true,2026-02-17,Adzuna
"AI Research Software Engineer Senior (hybrid, Orlando, Secret)",AI / ML Research,Lockheed Martin,United States,Groveland,153000,153000,153000,true,point_estimate,USD,Hybrid,Senior,,false,true,2026-02-17,Adzuna
"AI Research Software Engineer Senior (hybrid, Orlando, Secret)",AI / ML Research,Lockheed Martin,United States,Union Park,169000,169000,169000,true,point_estimate,USD,Hybrid,Senior,,false,true,2026-02-17,Adzuna
"AI Research Software Engineer Senior (hybrid, Orlando, Secret)",AI / ML Research,Lockheed Martin,United States,Goldenrod,190000,190000,190000,true,point_estimate,USD,Hybrid,Senior,,false,true,2026-02-17,Adzuna
AI Research Scientist (Cryptography) - Senior Associate,AI / ML Research,JPMorgan Chase,United States,New York City,302000,302000,302000,true,point_estimate,USD,Unspecified,Junior,,false,false,2025-09-21,Adzuna
"AI Research Engineer, Media - MSL PAR",AI / ML Research,Meta,United States,Menlo Park,101000,101000,101000,true,point_estimate,USD,Unspecified,Mid-level,,false,false,2026-02-20,Adzuna
AI Research Scientist - Safety Alignment Team,AI / ML Research,Meta,United States,Menlo Park,129000,129000,129000,true,point_estimate,USD,Unspecified,Mid-level,,false,false,2026-02-20,Adzuna
"AI Research Scientist, Media - MSL PAR",AI / ML Research,Meta,United States,New York City,100000,100000,100000,true,point_estimate,USD,Unspecified,Mid-level,,false,false,2026-01-29,Adzuna
"AI Research Scientist, Media - MSL PAR",AI / ML Research,Meta,United States,Menlo Park,96000,96000,96000,true,point_estimate,USD,Unspecified,Mid-level,,false,true,2026-02-20,Adzuna
"Research Scientist, Google Cloud AI Research",AI / ML Research,Google,United States,Sunnyvale,175000,175000,175000,true,point_estimate,USD,Unspecified,Junior,Python,false,false,2026-02-20,Adzuna
"Principal Product Manager, Foundational AI Research",AI / ML Research,Microsoft Corporation,United States,Mountain View,294000,294000,294000,true,point_estimate,USD,Unspecified,Lead,,false,false,2025-12-29,Adzuna
"Senior Software Engineer, Earth AI, Research",AI / ML Research,Google,United States,Mountain View,216000,216000,216000,true,point_estimate,USD,Unspecified,Junior,,false,false,2026-02-20,Adzuna
"Senior Software Engineer, Earth AI, Research",AI / ML Research,Google,United States,SoMa,204000,204000,204000,true,point_estimate,USD,Unspecified,Junior,,false,true,2026-02-20,Adzuna
AI Research Scientist – Datadog AI Research (DAIR),AI / ML Research,Datadog,United States,New York City,140000,140000,140000,true,point_estimate,USD,Unspecified,Mid-level,,false,false,2025-01-26,Adzuna
AI Research Engineer – Datadog AI Research (DAIR),AI / ML Research,Datadog,United States,New York City,145000,145000,145000,true,point_estimate,USD,Unspecified,Mid-level,,false,false,2025-08-23,Adzuna
AI Research Scientist,AI / ML Research,Ajulia,United States,Rocky Hill,163000,163000,163000,true,point_estimate,USD,Unspecified,Mid-level,,false,false,2025-12-09,Adzuna
AI Research Engineer,AI / ML Research,Weekday AI,United States,,225000,225000,225000,true,point_estimate,USD,Unspecified,Mid-level,,false,false,2025-08-22,Adzuna
Generalist - Ai Research,AI / ML Research,YO HR Consultancy,United States,,73000,94000,83500,false,range,USD,Unspecified,Mid-level,Fine-tuning,false,false,2026-02-21,Adzuna
AI Research Engineer,AI / ML Research,Code Metal,United States,Palo Alto,122000,122000,122000,true,point_estimate,USD,Unspecified,Mid-level,,false,false,2025-11-12,Adzuna
Physician AI Researcher,AI / ML Research,Ambience Healthcare,United States,San Francisco,205000,300000,252500,false,range,USD,Unspecified,Mid-level,,false,false,2025-04-27,Adzuna
Staff Full Spectrum Cyber AI Researcher with Security Clearance,AI / ML Research,Leidos,United States,Herndon,157000,157000,157000,true,point_estimate,USD,Unspecified,Lead,R,false,false,2026-02-21,Adzuna
"AI Research Engineer (Junior career, Hybrid, Grand Prairie, Secret)",AI / ML Research,Lockheed Martin,United States,Addison,158000,158000,158000,true,point_estimate,USD,Hybrid,Junior,,false,false,2026-02-17,Adzuna
"AI Research Engineer (Junior career, Hybrid, Grand Prairie, Secret)",AI / ML Research,Lockheed Martin,United States,Lake Dallas,136000,136000,136000,true,point_estimate,USD,Hybrid,Junior,,false,true,2026-02-17,Adzuna
"AI Research Engineer (Junior career, Hybrid, Grand Prairie, Secret)",AI / ML Research,Lockheed Martin,United States,Haltom,140000,140000,140000,true,point_estimate,USD,Hybrid,Junior,,false,true,2026-02-17,Adzuna
"AI Research Engineer (Junior career, Hybrid, Grand Prairie, Secret)",AI / ML Research,Lockheed Martin,United States,Farmers Branch,164000,164000,164000,true,point_estimate,USD,Hybrid,Junior,,false,true,2026-02-17,Adzuna
"AI Research Engineer (Junior career, Hybrid, Grand Prairie, Secret)",AI / ML Research,Lockheed Martin,United States,Richland Hills,158000,158000,158000,true,point_estimate,USD,Hybrid,Junior,,false,true,2026-02-17,Adzuna
"AI Research Engineer (Junior career, Hybrid, Grand Prairie, Secret)",AI / ML Research,Lockheed Martin,United States,Saginaw,198000,198000,198000,true,point_estimate,USD,Hybrid,Junior,,false,true,2026-02-17,Adzuna
"AI Research Engineer (Junior career, Hybrid, Grand Prairie, Secret)",AI / ML Research,Lockheed Martin,United States,Fort Worth,158000,158000,158000,true,point_estimate,USD,Hybrid,Junior,,false,true,2026-02-17,Adzuna
"AI Research Engineer (Junior career, Hybrid, Grand Prairie, Secret)",AI / ML Research,Lockheed Martin,United States,Little Elm,252000,252000,252000,true,point_estimate,USD,Hybrid,Junior,,false,true,2026-02-17,Adzuna
"AI Research Engineer (Junior career, Hybrid, Grand Prairie, Secret)",AI / ML Research,Lockheed Martin,United States,Duncanville,177000,177000,177000,true,point_estimate,USD,Hybrid,Junior,,false,true,2026-02-17,Adzuna
"AI Research Engineer (Junior career, Hybrid, Grand Prairie, Secret)",AI / ML Research,Lockheed Martin,United States,Westover Hills,173000,173000,173000,true,point_estimate,USD,Hybrid,Junior,,false,true,2026-02-17,Adzuna
"AI Research Engineer (Junior career, Hybrid, Grand Prairie, Secret)",AI / ML Research,Lockheed Martin,United States,Sunnyvale,175000,175000,175000,true,point_estimate,USD,Hybrid,Junior,,false,true,2026-02-17,Adzuna
"AI Research Engineer (Junior career, Hybrid, Grand Prairie, Secret)",AI / ML Research,Lockheed Martin,United States,Hutchins,189000,189000,189000,true,point_estimate,USD,Hybrid,Junior,,false,true,2026-02-17,Adzuna
"AI Research Engineer (Junior career, Hybrid, Grand Prairie, Secret)",AI / ML Research,Lockheed Martin,United States,Azle,162000,162000,162000,true,point_estimate,USD,Hybrid,Junior,,false,true,2026-02-17,Adzuna
"AI Research Engineer (Junior career, Hybrid, Grand Prairie, Secret)",AI / ML Research,Lockheed Martin,United States,Bedford,226000,226000,226000,true,point_estimate,USD,Hybrid,Junior,,false,true,2026-02-17,Adzuna
"AI Research Engineer (Junior career, Hybrid, Grand Prairie, Secret)",AI / ML Research,Lockheed Martin,United States,Coppell,178000,178000,178000,true,point_estimate,USD,Hybrid,Junior,,false,true,2026-02-17,Adzuna
"AI Research Engineer (Junior career, Hybrid, Grand Prairie, Secret)",AI / ML Research,Lockheed Martin,United States,Cedar Hill,155000,155000,155000,true,point_estimate,USD,Hybrid,Junior,,false,true,2026-02-17,Adzuna
"AI Research Engineer (Junior career, Hybrid, Grand Prairie, Secret)",AI / ML Research,Lockheed Martin,United States,Rockwall,191000,191000,191000,true,point_estimate,USD,Hybrid,Junior,,false,true,2026-02-17,Adzuna
"AI Research Engineer (Junior career, Hybrid, Grand Prairie, Secret)",AI / ML Research,Lockheed Martin,United States,South Lake,187000,187000,187000,true,point_estimate,USD,Hybrid,Junior,,false,true,2026-02-17,Adzuna
"AI Research Engineer (Junior career, Hybrid, Grand Prairie, Secret)",AI / ML Research,Lockheed Martin,United States,Murphy,160000,160000,160000,true,point_estimate,USD,Hybrid,Junior,,false,true,2026-02-17,Adzuna
"AI Research Engineer (Junior career, Hybrid, Grand Prairie, Secret)",AI / ML Research,Lockheed Martin,United States,Lancaster,159000,159000,159000,true,point_estimate,USD,Hybrid,Junior,,false,true,2026-02-17,Adzuna
"AI Research Engineer (Junior career, Hybrid, Grand Prairie, Secret)",AI / ML Research,Lockheed Martin,United States,Parker,175000,175000,175000,true,point_estimate,USD,Hybrid,Junior,,false,true,2026-02-17,Adzuna
"AI Research Engineer (Junior career, Hybrid, Grand Prairie, Secret)",AI / ML Research,Lockheed Martin,United States,Arlington,197000,197000,197000,true,point_estimate,USD,Hybrid,Junior,,false,true,2026-02-17,Adzuna
"AI Research Engineer (Junior career, Hybrid, Grand Prairie, Secret)",AI / ML Research,Lockheed Martin,United States,Village,236000,236000,236000,true,point_estimate,USD,Hybrid,Junior,,false,true,2026-02-17,Adzuna
"AI Research Engineer (Junior career, Hybrid, Grand Prairie, Secret)",AI / ML Research,Lockheed Martin,United States,Mesquite,172000,172000,172000,true,point_estimate,USD,Hybrid,Junior,,false,true,2026-02-17,Adzuna
"AI Research Engineer (Junior career, Hybrid, Grand Prairie, Secret)",AI / ML Research,Lockheed Martin,United States,Rowlett,169000,169000,169000,true,point_estimate,USD,Hybrid,Junior,,false,true,2026-02-17,Adzuna
"AI Research Engineer (Junior career, Hybrid, Grand Prairie, Secret)",AI / ML Research,Lockheed Martin,United States,Highland Park,163000,163000,163000,true,point_estimate,USD,Hybrid,Junior,,false,true,2026-02-17,Adzuna
"AI Research Engineer (Junior career, Hybrid, Grand Prairie, Secret)",AI / ML Research,Lockheed Martin,United States,Lakeside,176000,176000,176000,true,point_estimate,USD,Hybrid,Junior,,false,true,2026-02-17,Adzuna
"AI Research Engineer (Junior career, Hybrid, Grand Prairie, Secret)",AI / ML Research,Lockheed Martin,United States,The Colony,190000,190000,190000,true,point_estimate,USD,Hybrid,Junior,,false,true,2026-02-17,Adzuna
"AI Research Engineer (Junior career, Hybrid, Grand Prairie, Secret)",AI / ML Research,Lockheed Martin,United States,Waxahachie,193000,193000,193000,true,point_estimate,USD,Hybrid,Junior,,false,true,2026-02-17,Adzuna
"AI Research Engineer (Junior career, Hybrid, Grand Prairie, Secret)",AI / ML Research,Lockheed Martin,United States,Keller,177000,177000,177000,true,point_estimate,USD,Hybrid,Junior,,false,true,2026-02-17,Adzuna
"AI Research Engineer (Junior career, Hybrid, Grand Prairie, Secret)",AI / ML Research,Lockheed Martin,United States,Grand Prairie,165000,165000,165000,true,point_estimate,USD,Hybrid,Junior,,false,true,2026-02-17,Adzuna
"AI Research Engineer (Junior career, Hybrid, Grand Prairie, Secret)",AI / ML Research,Lockheed Martin,United States,Cockrell Hill,107000,107000,107000,true,point_estimate,USD,Hybrid,Junior,,false,true,2026-02-17,Adzuna
"AI Research Engineer (Junior career, Hybrid, Grand Prairie, Secret)",AI / ML Research,Lockheed Martin,United States,Grapevine,193000,193000,193000,true,point_estimate,USD,Hybrid,Junior,,false,true,2026-02-17,Adzuna
"AI Research Engineer (Junior career, Hybrid, Grand Prairie, Secret)",AI / ML Research,Lockheed Martin,United States,Plano,227000,227000,227000,true,point_estimate,USD,Hybrid,Junior,,false,true,2026-02-17,Adzuna
"AI Research Engineer (Junior career, Hybrid, Grand Prairie, Secret)",AI / ML Research,Lockheed Martin,United States,Balch Springs,177000,177000,177000,true,point_estimate,USD,Hybrid,Junior,,false,true,2026-02-17,Adzuna
"AI Research Engineer (Junior career, Hybrid, Grand Prairie, Secret)",AI / ML Research,Lockheed Martin,United States,Irving,163000,163000,163000,true,point_estimate,USD,Hybrid,Junior,,false,true,2026-02-17,Adzuna
"AI Research Engineer (Junior career, Hybrid, Grand Prairie, Secret)",AI / ML Research,Lockheed Martin,United States,Watauga,174000,174000,174000,true,point_estimate,USD,Hybrid,Junior,,false,true,2026-02-17,Adzuna
"AI Research Engineer (Junior career, Hybrid, Grand Prairie, Secret)",AI / ML Research,Lockheed Martin,United States,Hurst,158000,158000,158000,true,point_estimate,USD,Hybrid,Junior,,false,true,2026-02-17,Adzuna
"AI Research Engineer (Junior career, Hybrid, Grand Prairie, Secret)",AI / ML Research,Lockheed Martin,United States,Flower Mound,169000,169000,169000,true,point_estimate,USD,Hybrid,Junior,,false,true,2026-02-17,Adzuna
"AI Research Engineer (Junior career, Hybrid, Grand Prairie, Secret)",AI / ML Research,Lockheed Martin,United States,Sansom Park,158000,158000,158000,true,point_estimate,USD,Hybrid,Junior,,false,true,2026-02-17,Adzuna
"AI Research Engineer (Junior career, Hybrid, Grand Prairie, Secret)",AI / ML Research,Lockheed Martin,United States,Forest Hill,173000,173000,173000,true,point_estimate,USD,Hybrid,Junior,,false,true,2026-02-17,Adzuna
"AI Research Engineer (Junior career, Hybrid, Grand Prairie, Secret)",AI / ML Research,Lockheed Martin,United States,Dalworthington Gardens,175000,175000,175000,true,point_estimate,USD,Hybrid,Junior,,false,true,2026-02-17,Adzuna
AI Research Internship,AI / ML Research,Vatic Labs,United States,New York City,156000,234000,195000,false,range,USD,Unspecified,Mid-level,,true,false,2025-09-06,Adzuna
AI Research Scientist,AI / ML Research,webAI,United States,Austin,92000,92000,92000,true,point_estimate,USD,Unspecified,Mid-level,,false,false,2025-11-24,Adzuna
Agentic AI Researcher,AI / ML Research,RTX,United States,East Hartford,,165000,165000,true,point_estimate,USD,Hybrid,Mid-level,,false,false,2026-02-22,Adzuna
AI Researcher / Engineer,AI / ML Research,Archer,United States,San Jose,132000,238000,185000,false,range,USD,Unspecified,Mid-level,,false,false,2026-01-22,Adzuna
AI Researcher (Intern),AI / ML Research,Gimlet Labs,United States,San Francisco,104000,125000,114500,false,range,USD,Unspecified,Mid-level,,true,false,2025-08-07,Adzuna
AI Research Scientist,AI / ML Research,Collate,United States,San Francisco,150000,350000,250000,false,range,USD,Unspecified,Mid-level,,false,false,2025-09-19,Adzuna
AI Engineer,AI Engineer,Gazelle Global Consulting Ltd,United Kingdom,Leeds,68000,68000,68000,true,point_estimate,USD,Unspecified,Senior,,false,false,2026-02-12,Adzuna
Lead AI Engineer,AI Engineer,BD Talent Limited,United Kingdom,Warrington,95000,95000,95000,true,point_estimate,USD,Hybrid,Lead,,false,false,2026-02-07,Adzuna
Senior AI Engineer,AI Engineer,PA Consulting,United Kingdom,Belfast,60000,60000,60000,true,point_estimate,USD,Unspecified,Senior,,false,false,2026-02-17,Adzuna
Junior AI Engineer,AI Engineer,Newto Training,United Kingdom,,32000,99000,65500,false,range,USD,Unspecified,Junior,,false,false,2026-02-19,Adzuna
Lead AI Engineer,AI Engineer,Randstad Digital,United Kingdom,London,74000,74000,74000,true,point_estimate,USD,Hybrid,Lead,Python,false,false,2026-01-22,Adzuna
AI Engineering Lead,AI Engineer,167 Solutions Ltd,United Kingdom,Cheltenham,127000,127000,127000,true,point_estimate,USD,Hybrid,Senior,"AWS, GCP",false,false,2026-02-13,Adzuna
Lead AI Engineer,AI Engineer,83zero Limited,United Kingdom,,89000,89000,89000,true,point_estimate,USD,Remote,Lead,,false,false,2026-02-06,Adzuna
Lead Enterprise AI Engineer,AI Engineer,SMS,United Kingdom,Cardiff County,69000,69000,69000,true,point_estimate,USD,Unspecified,Lead,,false,false,2026-02-06,Adzuna
Applied AI Engineer,AI Engineer,Multiverse,United Kingdom,London,62000,62000,62000,true,point_estimate,USD,Unspecified,Mid-level,,false,false,2026-01-07,Adzuna
Senior AI Engineer,AI Engineer,ASOS,United Kingdom,London,89000,89000,89000,true,point_estimate,USD,Unspecified,Senior,,false,false,2026-02-21,Adzuna
AI Engineer,AI Engineer,TalentCo,United Kingdom,London,85000,85000,85000,true,point_estimate,USD,Unspecified,Mid-level,,false,false,2026-02-19,Adzuna
AI Engineer,AI Engineer,Northell,United Kingdom,London,69000,69000,69000,true,point_estimate,USD,Unspecified,Mid-level,R,false,false,2025-12-24,Adzuna
AI Engineer,AI Engineer,Harnham,United Kingdom,London,84000,84000,84000,true,point_estimate,USD,Hybrid,Mid-level,,false,false,2026-01-24,Adzuna
AI Engineer,AI Engineer,Harnham,United Kingdom,London,85000,85000,85000,true,point_estimate,USD,Hybrid,Mid-level,,false,true,2026-01-24,Adzuna
AI Engineer,AI Engineer,Noxus,United Kingdom,London,94000,94000,94000,true,point_estimate,USD,Unspecified,Mid-level,,false,false,2026-02-19,Adzuna
AI Engineer,AI Engineer,Noxus,United Kingdom,London,95000,95000,95000,true,point_estimate,USD,Unspecified,Mid-level,,false,true,2026-02-19,Adzuna
AI Engineer,AI Engineer,Akixi,United Kingdom,,86000,86000,86000,true,point_estimate,USD,Remote,Mid-level,,false,false,2025-12-21,Adzuna
AI Engineer,AI Engineer,Paydock,United Kingdom,Manchester,66000,66000,66000,true,point_estimate,USD,Unspecified,Mid-level,,false,false,2026-01-25,Adzuna
AI Engineer,AI Engineer,Solve Intelligence,United Kingdom,London,127000,127000,127000,true,point_estimate,USD,Unspecified,Lead,,false,false,2026-01-25,Adzuna
AI Engineer,AI Engineer,Solve Intelligence,United Kingdom,London,126000,126000,126000,true,point_estimate,USD,Unspecified,Lead,,false,true,2026-01-25,Adzuna
AI Engineer,AI Engineer,Ethiq,United Kingdom,London,101000,101000,101000,true,point_estimate,USD,Onsite,Mid-level,,false,false,2026-02-11,Adzuna
AI Engineer,AI Engineer,Ethiq,United Kingdom,London,100000,100000,100000,true,point_estimate,USD,Onsite,Mid-level,,false,true,2026-02-11,Adzuna
AI Engineer,AI Engineer,Granola,United Kingdom,London,79000,79000,79000,true,point_estimate,USD,Unspecified,Mid-level,,false,false,2026-02-04,Adzuna
AI Engineer,AI Engineer,Granola,United Kingdom,London,78000,78000,78000,true,point_estimate,USD,Unspecified,Mid-level,,false,true,2026-02-03,Adzuna
AI Engineer,AI Engineer,IC Resources,United Kingdom,London,81000,81000,81000,true,point_estimate,USD,Onsite,Senior,,false,false,2026-02-16,Adzuna
AI Engineer,AI Engineer,IC Resources,United Kingdom,London,82000,82000,82000,true,point_estimate,USD,Onsite,Senior,,false,true,2026-02-16,Adzuna
Principal AI Engineer,AI Engineer,twentyAI,United Kingdom,London,104000,104000,104000,true,point_estimate,USD,Unspecified,Senior,,false,false,2026-02-16,Adzuna
AI Engineer/Data Scientist,Data Scientist,EPAM Systems,United Kingdom,London,79000,79000,79000,true,point_estimate,USD,Unspecified,Mid-level,"R, RAG",false,false,2026-02-11,Adzuna
AI Engineer Machine Learning LLM - Polish Speaking,NLP / LLM Engineering,Client Server,United Kingdom,Shieldfield,108000,108000,108000,true,point_estimate,USD,Onsite,Mid-level,Python,false,false,2026-02-19,Adzuna
Senior LLM Engineer / AI Engineer Cheshire,NLP / LLM Engineering,Adria Solutions,United Kingdom,Northwich,89000,89000,89000,true,point_estimate,USD,Unspecified,Senior,,false,false,2026-02-02,Adzuna
AI Engineer Analyst,Data Analyst / BI,Cerberus Capital Management,United Kingdom,London,98000,98000,98000,true,point_estimate,USD,Unspecified,Mid-level,,false,false,2026-02-16,Adzuna
AI Engineer Analyst,Data Analyst / BI,Cerberus Capital Management,United Kingdom,London,97000,97000,97000,true,point_estimate,USD,Unspecified,Mid-level,,false,true,2026-02-16,Adzuna
Founding AI Engineer,AI Engineer,Harnham,United Kingdom,London,89000,89000,89000,true,point_estimate,USD,Unspecified,Mid-level,RAG,false,false,2025-12-21,Adzuna
Founding AI Engineer,AI Engineer,Harnham,United Kingdom,London,90000,90000,90000,true,point_estimate,USD,Unspecified,Mid-level,RAG,false,true,2025-12-21,Adzuna
Jr AI Engineer,AI Engineer,Intellect Group,United Kingdom,Northampton,65000,65000,65000,true,point_estimate,USD,Hybrid,Mid-level,,false,false,2026-02-07,Adzuna
Lead AI Engineer,AI Engineer,Opto Talent,United Kingdom,London,107000,107000,107000,true,point_estimate,USD,Unspecified,Lead,Python,false,false,2026-02-21,Adzuna
Lead AI Engineer,AI Engineer,Opto Talent,United Kingdom,London,106000,106000,106000,true,point_estimate,USD,Unspecified,Lead,Python,false,true,2026-02-21,Adzuna
Senior AI Engineer,AI Engineer,Harnham,United Kingdom,,73000,73000,73000,true,point_estimate,USD,Remote,Senior,,false,false,2025-12-21,Adzuna
Senior AI Engineer,AI Engineer,Harnham,United Kingdom,London,97000,97000,97000,true,point_estimate,USD,Onsite,Senior,,false,false,2026-01-16,Adzuna
Senior AI Engineer,AI Engineer,Harnham,United Kingdom,London,96000,96000,96000,true,point_estimate,USD,Onsite,Senior,,false,true,2026-01-16,Adzuna
Lead AI Engineer,AI Engineer,hackajob,United Kingdom,,76000,76000,76000,true,point_estimate,USD,Unspecified,Lead,,false,false,2026-01-30,Adzuna
Lead AI Engineer,AI Engineer,Euphoric,United Kingdom,London,100000,100000,100000,true,point_estimate,USD,Unspecified,Lead,,false,false,2026-02-19,Adzuna
Lead AI Engineer,AI Engineer,Euphoric,United Kingdom,London,100000,100000,100000,true,point_estimate,USD,Unspecified,Lead,,false,true,2026-02-19,Adzuna
Applied AI Engineer,AI Engineer,Saragossa,United Kingdom,London,64000,64000,64000,true,point_estimate,USD,Unspecified,Mid-level,,false,false,2026-02-07,Adzuna
Applied AI Engineer,AI Engineer,Saragossa,United Kingdom,London,64000,64000,64000,true,point_estimate,USD,Unspecified,Mid-level,,false,true,2026-02-07,Adzuna
Generative AI Engineer,AI Engineer,IRIS Software Group,United Kingdom,London,66000,66000,66000,true,point_estimate,USD,Remote,Lead,,false,false,2026-02-21,Adzuna
Generative AI Engineer,AI Engineer,Formula Recruitment,United Kingdom,Eastern England,87000,87000,87000,true,point_estimate,USD,Unspecified,Mid-level,AWS,false,false,2026-02-16,Adzuna
Generative AI Engineer,AI Engineer,IRIS Software Group,United Kingdom,Glasgow,60000,60000,60000,true,point_estimate,USD,Remote,Lead,,false,true,2026-02-21,Adzuna
Generative AI Engineer,AI Engineer,IRIS Software Group,United Kingdom,London,66000,66000,66000,true,point_estimate,USD,Remote,Lead,,false,true,2026-02-21,Adzuna
Lead/Sr AI Engineer,AI Engineer,Newpage Solutions,United Kingdom,Bristol,140000,140000,140000,true,point_estimate,USD,Hybrid,Senior,,false,false,2026-02-10,Adzuna
Founding Fullstack AI Engineer,AI Engineer,annwn,United Kingdom,London,95000,114000,104500,false,range,USD,Hybrid,Mid-level,,false,false,2026-02-18,Adzuna
Agentic AI Engineer – Microsoft Ecosystem,AI Engineer,Avanade,United Kingdom,London,89000,89000,89000,true,point_estimate,USD,Unspecified,Mid-level,Azure,false,false,2026-01-19,Adzuna
AI Engineer (AI Agents Startup ),AI Engineer,Tech Talent Network,United Kingdom,London,94000,94000,94000,true,point_estimate,USD,Unspecified,Mid-level,RAG,false,false,2025-12-21,Adzuna
AI Engineer (AI Agents Startup ),AI Engineer,Tech Talent Network,United Kingdom,London,95000,95000,95000,true,point_estimate,USD,Unspecified,Mid-level,RAG,false,true,2025-12-21,Adzuna
Lead AI Engineer - Insurance,AI Engineer,Albion Blake,United Kingdom,London,98000,98000,98000,true,point_estimate,USD,Hybrid,Lead,NLP,false,false,2026-02-16,Adzuna
Lead AI Engineer - Insurance,AI Engineer,Albion Blake,United Kingdom,London,99000,99000,99000,true,point_estimate,USD,Hybrid,Lead,NLP,false,true,2026-02-16,Adzuna
Senior AI Engineer - ID45598,AI Engineer,Humand Talent,United Kingdom,Oxford,115000,115000,115000,true,point_estimate,USD,Hybrid,Senior,,false,false,2026-02-17,Adzuna
Lead AI Engineer - UK,AI Engineer,Datascope Recruitment,United Kingdom,Eastern England,107000,107000,107000,true,point_estimate,USD,Unspecified,Lead,,false,false,2026-02-07,Adzuna
Founding Applied AI Engineer,AI Engineer,WilsonAI,United Kingdom,London,81000,81000,81000,true,point_estimate,USD,Unspecified,Management,,false,false,2026-01-29,Adzuna
Founding Applied AI Engineer,AI Engineer,WilsonAI,United Kingdom,London,82000,82000,82000,true,point_estimate,USD,Unspecified,Management,,false,true,2026-01-29,Adzuna
AI Security Engineer,AI Engineer,Hays,United Kingdom,Knutsford,198000,208000,203000,false,range,USD,Hybrid,Mid-level,,false,false,2026-02-16,Adzuna
AI Solutions Engineer,AI Engineer,Hayward Hawk,United Kingdom,Belfast,68000,68000,68000,true,point_estimate,USD,Unspecified,Mid-level,,false,false,2026-01-31,Adzuna
AI Engineer | Remote | LegalTech - TWE42569,AI Engineer,twentyAI,United Kingdom,London,117000,117000,117000,true,point_estimate,USD,Remote,Mid-level,,false,false,2026-02-16,Adzuna
Lead AI Automation Engineer,AI Engineer,BD Talent Limited,United Kingdom,Warrington,95000,95000,95000,true,point_estimate,USD,Hybrid,Lead,,false,false,2026-02-10,Adzuna
AI Engineer,AI Engineer,CPS Group  Limited,United Kingdom,Bassaleg,57000,64000,60500,false,range,USD,Hybrid,Mid-level,,false,false,2026-02-13,Adzuna
AI Security Engineer,AI Engineer,Anson Mccade,United Kingdom,St Paul's,66000,66000,66000,true,point_estimate,USD,Hybrid,Mid-level,,false,false,2026-02-21,Adzuna
AI Engineering Manager : London : £110k,AI Engineer,Hunter Bond,United Kingdom,London,108000,108000,108000,true,point_estimate,USD,Unspecified,Senior,,false,false,2026-02-21,Adzuna
AI Engineering Manager : London : £110k,AI Engineer,Hunter Bond,United Kingdom,London,109000,109000,109000,true,point_estimate,USD,Unspecified,Senior,,false,true,2026-02-21,Adzuna
"LLM, RAG & Agentic AI Engineer",NLP / LLM Engineering,Staffworx,United Kingdom,London,100000,100000,100000,true,point_estimate,USD,Remote,Senior,RAG,false,false,2026-02-21,Adzuna
"LLM, RAG & Agentic AI Engineer",NLP / LLM Engineering,Staffworx,United Kingdom,London,101000,101000,101000,true,point_estimate,USD,Remote,Senior,RAG,false,true,2026-02-21,Adzuna
Applied AI Engineer - GenAI Consulting,AI Engineer,Harnham,United Kingdom,London,78000,78000,78000,true,point_estimate,USD,Unspecified,Mid-level,RAG,false,false,2025-12-21,Adzuna
Applied AI Engineer - GenAI Consulting,AI Engineer,Harnham,United Kingdom,London,79000,79000,79000,true,point_estimate,USD,Unspecified,Mid-level,RAG,false,true,2025-12-21,Adzuna
Senior AI Engineer - Fitness & Health,AI Engineer,Harnham,United Kingdom,London,71000,71000,71000,true,point_estimate,USD,Unspecified,Senior,RAG,false,false,2026-01-24,Adzuna
Senior AI Engineer - Fitness & Health,AI Engineer,Harnham,United Kingdom,London,71000,71000,71000,true,point_estimate,USD,Unspecified,Senior,RAG,false,true,2026-01-24,Adzuna
Graduate Machine Learning and AI Engineer,AI Engineer,Adecco,United Kingdom,Edinburgh,52000,52000,52000,true,point_estimate,USD,Hybrid,Mid-level,,false,false,2026-02-07,Adzuna
AI Engineer - Consulting Innovation Team,AI Engineer,Harnham,United Kingdom,London,89000,89000,89000,true,point_estimate,USD,Unspecified,Mid-level,,false,false,2026-02-16,Adzuna
AI Engineer - Consulting Innovation Team,AI Engineer,Harnham,United Kingdom,London,88000,88000,88000,true,point_estimate,USD,Unspecified,Mid-level,,false,true,2026-02-16,Adzuna
AI Engineer,AI Engineer,Digital Waffle,United Kingdom,London,95000,108000,101500,false,range,USD,Remote,Mid-level,Python,false,false,2026-02-16,Adzuna
AI Engineer,AI Engineer,Digital Waffle,United Kingdom,London,102000,140000,121000,false,range,USD,Onsite,Mid-level,"Docker, NLP",false,false,2026-01-30,Adzuna
AI Engineer,AI Engineer,Deloitte - Recruitment,United Kingdom,Fleet Street,86000,86000,86000,true,point_estimate,USD,Unspecified,Mid-level,,false,false,2026-02-11,Adzuna
AI Engineer,AI Engineer,esure Group,United Kingdom,Reigate,85000,85000,85000,true,point_estimate,USD,Unspecified,Mid-level,"NLP, Fine-tuning",false,false,2026-01-30,Adzuna
AI Engineer,AI Engineer,Solirius Reply,United Kingdom,London,89000,89000,89000,true,point_estimate,USD,Unspecified,Mid-level,,false,false,2025-11-26,Adzuna
AI Engineer,AI Engineer,Elutions,United Kingdom,Hyde Park,89000,89000,89000,true,point_estimate,USD,Unspecified,Mid-level,,false,false,2026-01-12,Adzuna
AI Engineer,AI Engineer,dmg,United Kingdom,London,55000,55000,55000,true,point_estimate,USD,Unspecified,Mid-level,,false,false,2026-01-23,Adzuna
AI Engineer,AI Engineer,Prolific,United Kingdom,London,92000,92000,92000,true,point_estimate,USD,Unspecified,Mid-level,,false,false,2025-08-23,Adzuna
AI Engineer,AI Engineer,Mesh-AI,United Kingdom,London,82000,82000,82000,true,point_estimate,USD,Unspecified,Mid-level,"OpenAI, AWS",false,false,2026-02-08,Adzuna
AI Engineer,AI Engineer,Lloyds Bank,United Kingdom,,98000,98000,98000,true,point_estimate,USD,Hybrid,Mid-level,,false,false,2026-02-11,Adzuna
AI Engineer,AI Engineer,DRW,United Kingdom,London,81000,81000,81000,true,point_estimate,USD,Unspecified,Mid-level,,false,false,2025-02-06,Adzuna
AI Engineer,AI Engineer,Dojo,United Kingdom,London,64000,64000,64000,true,point_estimate,USD,Unspecified,Mid-level,,false,false,2026-02-19,Adzuna
AI Engineer,AI Engineer,S Knights Recruitment,United Kingdom,Stratford,76000,102000,89000,false,range,USD,Remote,Mid-level,,false,false,2026-02-20,Adzuna
AI Engineer,AI Engineer,Ascendion,United Kingdom,London,81000,81000,81000,true,point_estimate,USD,Unspecified,Mid-level,Python,false,false,2026-01-27,Adzuna
AI Engineer,AI Engineer,Six Ventures Ltd,United Kingdom,Balsall Heath,57000,64000,60500,false,range,USD,Unspecified,Mid-level,,false,false,2026-02-13,Adzuna
AI Engineer,AI Engineer,Certain Advantage,United Kingdom,London,87000,87000,87000,true,point_estimate,USD,Onsite,Lead,Python,false,false,2026-01-16,Adzuna
AI Engineer,AI Engineer,Harnham - Data & Analytics Recruitment,United Kingdom,London,114000,127000,120500,false,range,USD,Unspecified,Lead,,false,false,2026-01-25,Adzuna
AI Engineer,AI Engineer,esure,United Kingdom,Warnham,99000,99000,99000,true,point_estimate,USD,Unspecified,Mid-level,,false,false,2026-01-29,Adzuna
AI Engineer,AI Engineer,Oscar Technology,United Kingdom,London,89000,127000,108000,false,range,USD,Hybrid,Mid-level,,false,false,2026-02-05,Adzuna
AI Engineer,AI Engineer,Real,United Kingdom,Liverpool Street,76000,107000,91500,false,range,USD,Unspecified,Mid-level,,false,false,2026-02-22,Adzuna
AI Engineer,AI Engineer,Chubb,United Kingdom,London,53000,53000,53000,true,point_estimate,USD,Unspecified,Mid-level,"Python, Fine-tuning",false,false,2026-01-08,Adzuna
AI Engineer,AI Engineer,Infoplus Technologies UK Ltd,United Kingdom,London,77000,77000,77000,true,point_estimate,USD,Unspecified,Mid-level,"NLP, Computer Vision, RAG, Fine-tuning",false,false,2026-02-09,Adzuna
AI Engineer,AI Engineer,AGITProp,United Kingdom,London,94000,94000,94000,true,point_estimate,USD,Unspecified,Mid-level,,false,false,2024-07-16,Adzuna
AI Engineer,AI Engineer,DXC Technology,United Kingdom,Newcastle Upon Tyne,62000,62000,62000,true,point_estimate,USD,Remote,Mid-level,,false,false,2026-02-07,Adzuna
AI Engineer,AI Engineer,DXC,United Kingdom,,66000,66000,66000,true,point_estimate,USD,Remote,Mid-level,,false,false,2026-02-06,Adzuna
AI Engineer,AI Engineer,LUMORA SOLUTIONS,United Kingdom,London,159000,190000,174500,false,range,USD,Unspecified,Mid-level,,false,false,2026-02-05,Adzuna
AI Engineer,AI Engineer,Unity Advisory,United Kingdom,London,72000,72000,72000,true,point_estimate,USD,Unspecified,Mid-level,,false,false,2026-01-15,Adzuna
AI Engineer,AI Engineer,SR2,United Kingdom,London,152000,229000,190500,false,range,USD,Unspecified,Mid-level,,false,false,2026-01-30,Adzuna
AI Engineer,AI Engineer,Bloc Recruitment,United Kingdom,London,127000,127000,127000,true,point_estimate,USD,Unspecified,Mid-level,,false,false,2026-01-29,Adzuna
AI Engineer,AI Engineer,Quotient Sciences,United Kingdom,Nottingham,110000,110000,110000,true,point_estimate,USD,Unspecified,Mid-level,,false,false,2026-01-15,Adzuna
AI Engineer,AI Engineer,ParleyX,United Kingdom,London,67000,67000,67000,true,point_estimate,USD,Unspecified,Mid-level,,false,false,2025-07-31,Adzuna
AI Engineer,AI Engineer,Lynx Recruitment Ltd,United Kingdom,London,64000,76000,70000,false,range,USD,Unspecified,Mid-level,RAG,false,false,2026-02-17,Adzuna
AI Engineer,AI Engineer,Sanderson,United Kingdom,Edinburgh Technopole,89000,165000,127000,false,range,USD,Hybrid,Senior,,false,false,2026-01-28,Adzuna
AI Engineer,AI Engineer,Sanderson Recruitment,United Kingdom,Edinburgh,127000,127000,127000,true,point_estimate,USD,Hybrid,Senior,,false,false,2026-01-29,Adzuna
AI Engineer,AI Engineer,Gradient Labs,United Kingdom,London,84000,84000,84000,true,point_estimate,USD,Unspecified,Mid-level,,false,false,2025-05-02,Adzuna
AI Engineer,AI Engineer,Lloyd's,United Kingdom,London,114000,114000,114000,true,point_estimate,USD,Unspecified,Mid-level,,false,false,2026-02-03,Adzuna
AI Engineer,AI Engineer,Waystone Governance Ltd.,United Kingdom,Holbeck,85000,85000,85000,true,point_estimate,USD,Unspecified,Mid-level,,false,false,2026-02-20,Adzuna
AI Engineer,AI Engineer,Ascendion,United Kingdom,Finsbury,44000,76000,60000,false,range,USD,Unspecified,Mid-level,"Python, PyTorch, TensorFlow, Scikit-learn, AWS, GCP, Azure, Spark, Hadoop, NLP, Computer Vision",false,false,2026-02-22,Adzuna
AI Engineer,AI Engineer,Wide and Wise,United Kingdom,London,75000,75000,75000,true,point_estimate,USD,Unspecified,Mid-level,,false,false,2025-11-11,Adzuna
AI Engineer,AI Engineer,Novo Nordisk,United Kingdom,London,71000,71000,71000,true,point_estimate,USD,Onsite,Mid-level,,false,false,2026-02-12,Adzuna
AI Engineer,AI Engineer,Elixirr Consulting,United Kingdom,London,80000,80000,80000,true,point_estimate,USD,Unspecified,Mid-level,,false,false,2026-01-15,Adzuna
AI Engineer,AI Engineer,Nomad Digital,United Kingdom,Shieldfield,76000,76000,76000,true,point_estimate,USD,Remote,Mid-level,,false,false,2026-01-29,Adzuna
AI Engineer,AI Engineer,Certain Advantage,United Kingdom,Temple,38000,70000,54000,false,range,USD,Unspecified,Mid-level,"Python, SQL, OpenAI, MLflow",false,false,2026-02-22,Adzuna
AI Engineer,AI Engineer,Prudential Distribution,United Kingdom,Edinburgh,63000,63000,63000,true,point_estimate,USD,Unspecified,Mid-level,,false,false,2026-01-30,Adzuna
AI Engineer,AI Engineer,MVF,United Kingdom,London,106000,106000,106000,true,point_estimate,USD,Unspecified,Mid-level,,false,false,2026-01-27,Adzuna
AI Engineer,AI Engineer,S Knights Recruitment,United Kingdom,Sparkbrook,76000,102000,89000,false,range,USD,Unspecified,Mid-level,Python,false,false,2026-02-22,Adzuna
AI Engineer,AI Engineer,Game-Intuit Ltd,United Kingdom,Old Ford,70000,83000,76500,false,range,USD,Unspecified,Mid-level,PyTorch,false,false,2026-02-22,Adzuna
AI Engineer,AI Engineer,Certain Advantage,United Kingdom,London,87000,87000,87000,true,point_estimate,USD,Onsite,Lead,Python,false,false,2026-01-17,Adzuna
AI Engineer,AI Engineer,ibm,United Kingdom,,65000,65000,65000,true,point_estimate,USD,Unspecified,Mid-level,,false,false,2025-05-22,Adzuna
AI Engineer,AI Engineer,Hansen Technologies,United Kingdom,Hammersmith,96000,96000,96000,true,point_estimate,USD,Unspecified,Mid-level,,false,false,2026-02-07,Adzuna
AI Engineer,AI Engineer,Miro,United Kingdom,London,83000,83000,83000,true,point_estimate,USD,Unspecified,Mid-level,,false,false,2026-02-18,Adzuna
AI Engineer,AI Engineer,Currys,United Kingdom,London,58000,58000,58000,true,point_estimate,USD,Hybrid,Mid-level,,false,false,2026-01-22,Adzuna
AI Engineer,AI Engineer,WGSN,United Kingdom,London,93000,93000,93000,true,point_estimate,USD,Unspecified,Mid-level,,false,false,2026-02-17,Adzuna
AI Engineer,AI Engineer,Cytora,United Kingdom,,70000,70000,70000,true,point_estimate,USD,Unspecified,Mid-level,,false,false,2025-11-23,Adzuna
AI Engineer,AI Engineer,StackOne,United Kingdom,London,105000,105000,105000,true,point_estimate,USD,Unspecified,Mid-level,,false,false,2025-08-22,Adzuna
AI Engineer,AI Engineer,RedCloud,United Kingdom,Barbican,65000,65000,65000,true,point_estimate,USD,Unspecified,Senior,,false,false,2025-09-27,Adzuna
AI Engineer,AI Engineer,Gazelle Global Consulting Ltd,United Kingdom,Fleet Street,46000,76000,61000,false,range,USD,Unspecified,Mid-level,Azure,false,false,2026-02-22,Adzuna
AI Engineer,AI Engineer,CUBE,United Kingdom,London,107000,107000,107000,true,point_estimate,USD,Unspecified,Mid-level,,false,false,2025-12-17,Adzuna
AI Engineer,AI Engineer,RELX INC,United Kingdom,London,42000,42000,42000,true,point_estimate,USD,Unspecified,Mid-level,,false,false,2025-12-19,Adzuna
AI Engineer,AI Engineer,RELX,United Kingdom,London,49000,49000,49000,true,point_estimate,USD,Unspecified,Mid-level,,false,false,2025-12-21,Adzuna
AI Engineers,AI Engineer,CYENS,United Kingdom,,40000,40000,40000,true,point_estimate,USD,Unspecified,Mid-level,,false,false,2025-10-07,Adzuna
AI Engineer,AI Engineer,Oracle,United Kingdom,London,79000,79000,79000,true,point_estimate,USD,Unspecified,Mid-level,,false,false,2026-02-20,Adzuna
AI Engineer,AI Engineer,Oracle,United Kingdom,Reading,76000,76000,76000,true,point_estimate,USD,Unspecified,Mid-level,,false,false,2026-02-20,Adzuna
AI Engineer,AI Engineer,Capstone Investment Advisors,United Kingdom,London,54000,54000,54000,true,point_estimate,USD,Unspecified,Mid-level,,false,false,2026-01-09,Adzuna
AI Engineer,AI Engineer,Lynx Recruitment Limited,United Kingdom,South West London,76000,76000,76000,true,point_estimate,USD,Unspecified,Mid-level,,false,false,2026-02-17,Adzuna
AI Engineer,AI Engineer,ECS Resource Group Ltd,United Kingdom,Camberwell,69000,84000,76500,false,range,USD,Unspecified,Mid-level,,false,false,2026-02-22,Adzuna
AI Engineer,AI Engineer,CPS Group  Limited,United Kingdom,Blackweir,57000,64000,60500,false,range,USD,Unspecified,Mid-level,"Python, Azure",false,false,2026-02-22,Adzuna
AI Solutions Engineer - Belfast,AI Engineer,MCS Group,United Kingdom,Belfast,102000,102000,102000,true,point_estimate,USD,Unspecified,Mid-level,,false,false,2026-01-30,Adzuna
"Director, Innovation Lab & AI Engineering - Citi",AI Engineer,Citi,United Kingdom,London,75000,75000,75000,true,point_estimate,USD,Unspecified,Management,,false,false,2026-02-16,Adzuna
AI Data Engineer,Data Engineer,ConvaTec,United Kingdom,London,90000,90000,90000,true,point_estimate,USD,Unspecified,Mid-level,,false,false,2026-01-18,Adzuna
AI Engineer / Conversational AI Engineer (Agent Assist),NLP / LLM Engineering,ECS Resource Group Ltd,United Kingdom,London,149000,182000,165500,false,range,USD,Remote,Mid-level,,false,false,2026-02-13,Adzuna
AI Data Engineer,Data Engineer,ConvaTec,United Kingdom,Deeside,87000,87000,87000,true,point_estimate,USD,Unspecified,Mid-level,,false,true,2026-01-18,Adzuna
Staff AI Engineer - GenAI (Dubai based),AI Engineer,oryxsearch.io,United Kingdom,London,91000,91000,91000,true,point_estimate,USD,Unspecified,Senior,,false,false,2026-01-14,Adzuna
Staff AI Engineer - GenAI (Dubai based),AI Engineer,oryxsearch.io,United Kingdom,London,90000,90000,90000,true,point_estimate,USD,Unspecified,Senior,,false,true,2026-01-14,Adzuna
AI Engineer - AI Foundry,AI Engineer,SThree UK,United Kingdom,Egham,165000,231000,198000,false,range,USD,Remote,Mid-level,,false,false,2026-02-17,Adzuna
AI Prompt Engineer,NLP / LLM Engineering,Harvey Nash,United Kingdom,Edinburgh,94000,94000,94000,true,point_estimate,USD,Unspecified,Mid-level,,false,false,2026-01-26,Adzuna
AI Engineer - AI Foundry,AI Engineer,Real,United Kingdom,Englefield Green,165000,231000,198000,false,range,USD,Remote,Mid-level,,false,false,2026-02-17,Adzuna
"AI Engineer, AI Lab",AI Engineer,The Economist Group,United Kingdom,London,57000,57000,57000,true,point_estimate,USD,Unspecified,Mid-level,,false,false,2026-01-10,Adzuna
Software Engineer - AI Engineering & Assurance - Macquarie Group,AI Engineer,Macquarie Group,United Kingdom,London,78000,78000,78000,true,point_estimate,USD,Unspecified,Mid-level,,false,false,2026-01-31,Adzuna
Principal AI Engineer - London Stock Exchange Group,AI Engineer,London Stock Exchange Group,United Kingdom,London,66000,66000,66000,true,point_estimate,USD,Unspecified,Lead,,false,false,2026-02-16,Adzuna
AI Security Engineer,AI Engineer,Anson McCade,United Kingdom,London,74000,74000,74000,true,point_estimate,USD,Hybrid,Mid-level,,false,false,2026-02-18,Adzuna
Senior AI Engineer,AI Engineer,Digital Waffle,United Kingdom,London,89000,127000,108000,false,range,USD,Remote,Senior,NLP,false,false,2026-02-19,Adzuna
Senior AI Engineer,AI Engineer,Digital Waffle,United Kingdom,,89000,127000,108000,false,range,USD,Remote,Senior,NLP,false,true,2026-02-03,Adzuna
AI Engineering Lead,AI Engineer,LGC Group,United Kingdom,London,84000,84000,84000,true,point_estimate,USD,Hybrid,Senior,,false,false,2026-02-14,Adzuna
Principal AI Engineer,AI Engineer,WeBuild-AI,United Kingdom,London,104000,104000,104000,true,point_estimate,USD,Unspecified,Lead,,false,false,2025-10-23,Adzuna
Senior AI Engineer,AI Engineer,SR2 REC LTD,United Kingdom,London,182000,198000,190000,false,range,USD,Unspecified,Senior,Python,false,false,2026-02-20,Adzuna
Lead AI Engineer,AI Engineer,WeBuild-AI,United Kingdom,London,94000,94000,94000,true,point_estimate,USD,Unspecified,Lead,,false,false,2025-10-23,Adzuna
Senior AI Engineer,AI Engineer,Gizmo,United Kingdom,Broadgate,129000,129000,129000,true,point_estimate,USD,Unspecified,Senior,,false,false,2026-01-05,Adzuna
Generative AI Engineer,AI Engineer,Bridewell,United Kingdom,London,47000,47000,47000,true,point_estimate,USD,Unspecified,Mid-level,,false,false,2026-02-18,Adzuna
Applied AI Engineer,AI Engineer,Fuse Energy,United Kingdom,London,63000,63000,63000,true,point_estimate,USD,Unspecified,Mid-level,,false,false,2025-12-12,Adzuna
Senior AI Engineer,AI Engineer,Ignota Labs,United Kingdom,Cambridge,89000,114000,101500,false,range,USD,Unspecified,Senior,,false,false,2026-02-11,Adzuna
AI Engineer - Wexler,AI Engineer,Pear VC,United Kingdom,London,89000,127000,108000,false,range,USD,Unspecified,Mid-level,,false,false,2026-01-09,Adzuna
Lead AI Engineer,AI Engineer,Bauer Media Outdoor,United Kingdom,London,79000,79000,79000,true,point_estimate,USD,Unspecified,Lead,,false,false,2026-01-15,Adzuna
Lead AI Engineer,AI Engineer,Capco,United Kingdom,London,89000,89000,89000,true,point_estimate,USD,Hybrid,Lead,,false,false,2025-05-11,Adzuna
AI Engineering Intern,AI Engineer,G-Research,United Kingdom,London,96000,96000,96000,true,point_estimate,USD,Unspecified,Mid-level,,true,false,2025-12-19,Adzuna
Senior AI Engineer,AI Engineer,9fin,United Kingdom,London,90000,90000,90000,true,point_estimate,USD,Unspecified,Senior,,false,false,2025-05-11,Adzuna
Principal AI Engineer,AI Engineer,Howden,United Kingdom,London,90000,90000,90000,true,point_estimate,USD,Unspecified,Lead,,false,false,2026-01-30,Adzuna
Senior AI Engineer,AI Engineer,Lendable,United Kingdom,London,52000,52000,52000,true,point_estimate,USD,Unspecified,Senior,,false,false,2026-01-30,Adzuna
Senior AI Engineer,AI Engineer,Octopus Energy Group,United Kingdom,London,65000,65000,65000,true,point_estimate,USD,Unspecified,Senior,,false,false,2026-02-15,Adzuna
Software AI Engineer,AI Engineer,SF Recruitment,United Kingdom,Cheltenham Trade Park,76000,89000,82500,false,range,USD,Unspecified,Mid-level,R,false,false,2026-01-28,Adzuna
Applied AI Engineer,AI Engineer,Data Idols,United Kingdom,London,178000,254000,216000,false,range,USD,Unspecified,Mid-level,,false,false,2026-02-17,Adzuna
Principle AI Engineer,AI Engineer,The Portfolio Group,United Kingdom,London,87000,87000,87000,true,point_estimate,USD,Unspecified,Senior,RAG,false,false,2026-01-28,Adzuna
Edge AI Engineer,AI Engineer,Mars Recruitment,United Kingdom,Wytham,89000,114000,101500,false,range,USD,Hybrid,Mid-level,,false,false,2026-01-29,Adzuna
Software AI Engineer,AI Engineer,SF Recruitment,United Kingdom,Cheltenham,76000,89000,82500,false,range,USD,Unspecified,Mid-level,R,false,true,2026-01-28,Adzuna
AI Engineer with Python,AI Engineer,Market Cloud,United Kingdom,London,137000,137000,137000,true,point_estimate,USD,Hybrid,Mid-level,"Python, PyTorch, TensorFlow",false,false,2026-02-20,Adzuna
Senior AI Engineer,AI Engineer,Harnham - Data & Analytics Recruitment,United Kingdom,London,146000,152000,149000,false,range,USD,Hybrid,Senior,,false,false,2026-02-04,Adzuna
Founding AI Engineer,AI Engineer,Datahead,United Kingdom,London,190000,203000,196500,false,range,USD,Hybrid,Mid-level,,false,false,2025-08-09,Adzuna
Azure AI Engineer,AI Engineer,Sanderson Recruitment,United Kingdom,London,132000,149000,140500,false,range,USD,Onsite,Mid-level,"Python, Azure",false,false,2026-02-03,Adzuna
Principal AI Engineer,AI Engineer,The Portfolio Group,United Kingdom,Broadgate,57000,89000,73000,false,range,USD,Unspecified,Lead,"Python, LangChain, RAG, Fine-tuning",false,false,2026-02-22,Adzuna
Senior AI Engineer,AI Engineer,Elsewhen,United Kingdom,Broadgate,78000,78000,78000,true,point_estimate,USD,Hybrid,Senior,,false,false,2026-02-05,Adzuna
Lead AI Engineer,AI Engineer,Ageas Insurance Limited,United Kingdom,Eastleigh,127000,140000,133500,false,range,USD,Hybrid,Lead,,false,false,2026-02-18,Adzuna
Senior AI Engineer,AI Engineer,Collibra,United Kingdom,London,102000,102000,102000,true,point_estimate,USD,Unspecified,Senior,,false,false,2026-02-06,Adzuna
Microsoft AI Engineer,AI Engineer,iomart,United Kingdom,Little Marlow,74000,74000,74000,true,point_estimate,USD,Unspecified,Mid-level,,false,false,2026-01-17,Adzuna
Azure AI Engineer,AI Engineer,Stackstudio Digital Ltd.,United Kingdom,London,165000,182000,173500,false,range,USD,Hybrid,Mid-level,"OpenAI, Azure",false,false,2026-01-23,Adzuna
Trainee AI Engineer,AI Engineer,Newto Training,United Kingdom,London,56000,56000,56000,true,point_estimate,USD,Unspecified,Junior,,false,false,2026-02-19,Adzuna
Machine Learning Engineer,Machine Learning Engineer,HAYS,United Kingdom,Milton Keynes,83000,83000,83000,true,point_estimate,USD,Unspecified,Mid-level,,false,false,2026-02-11,Adzuna
Machine Learning Engineer,Machine Learning Engineer,MCS Group,United Kingdom,Belfast,89000,89000,89000,true,point_estimate,USD,Unspecified,Mid-level,Computer Vision,false,false,2026-02-21,Adzuna
Senior Machine Learning Engineer,Machine Learning Engineer,Harnham - Data & Analytics Recruitment,United Kingdom,London,114000,152000,133000,false,range,USD,Hybrid,Senior,,false,false,2026-02-12,Adzuna
Staff Machine Learning Engineer,Machine Learning Engineer,Harnham - Data & Analytics Recruitment,United Kingdom,London,178000,267000,222500,false,range,USD,Unspecified,Lead,R,false,false,2026-02-12,Adzuna
Machine Learning Engineer,Machine Learning Engineer,G-Research,United Kingdom,London,71000,71000,71000,true,point_estimate,USD,Unspecified,Mid-level,,false,false,2026-01-14,Adzuna
Machine Learning Engineer,Machine Learning Engineer,SR2 | Socially Responsible Recruitment | Certified B Corporation™,United Kingdom,London,79000,79000,79000,true,point_estimate,USD,Unspecified,Mid-level,Computer Vision,false,false,2026-02-16,Adzuna
Machine Learning Engineer,Machine Learning Engineer,SR2 | Socially Responsible Recruitment | Certified B Corporation™,United Kingdom,London,78000,78000,78000,true,point_estimate,USD,Unspecified,Mid-level,Computer Vision,false,true,2026-02-16,Adzuna
Machine Learning Engineer,Machine Learning Engineer,Intellect Group,United Kingdom,London,68000,68000,68000,true,point_estimate,USD,Hybrid,Junior,,false,false,2026-02-21,Adzuna
Machine Learning Engineer,Machine Learning Engineer,Intellect Group,United Kingdom,London,68000,68000,68000,true,point_estimate,USD,Hybrid,Junior,,false,true,2026-02-21,Adzuna
Machine Learning Engineer,Machine Learning Engineer,Harnham,United Kingdom,,94000,94000,94000,true,point_estimate,USD,Remote,Mid-level,,false,false,2025-12-21,Adzuna
Machine Learning Engineer,Machine Learning Engineer,Anson Mccade,United Kingdom,London,120000,120000,120000,true,point_estimate,USD,Unspecified,Junior,,false,false,2026-02-07,Adzuna
Machine Learning Engineer,Machine Learning Engineer,Anson Mccade,United Kingdom,London,121000,121000,121000,true,point_estimate,USD,Unspecified,Junior,,false,true,2026-02-07,Adzuna
Machine Learning Engineer,Machine Learning Engineer,SPG Resourcing,United Kingdom,Leeds,75000,75000,75000,true,point_estimate,USD,Unspecified,Mid-level,Azure,false,false,2026-02-01,Adzuna
Machine Learning Engineer,Machine Learning Engineer,Block MB,United Kingdom,London,83000,83000,83000,true,point_estimate,USD,Unspecified,Senior,,false,false,2026-02-18,Adzuna
Machine Learning Engineer,Machine Learning Engineer,Block MB,United Kingdom,London,84000,84000,84000,true,point_estimate,USD,Unspecified,Senior,,false,true,2026-02-18,Adzuna
Machine Learning Engineer,Machine Learning Engineer,RealityMine,United Kingdom,Trafford Park,79000,79000,79000,true,point_estimate,USD,Unspecified,Mid-level,,false,false,2026-02-02,Adzuna
Machine Learning Engineer,Machine Learning Engineer,trg.recruitment,United Kingdom,,66000,66000,66000,true,point_estimate,USD,Remote,Mid-level,,false,false,2026-02-08,Adzuna
Machine Learning Engineer,Machine Learning Engineer,Arrows,United Kingdom,Twickenham,86000,86000,86000,true,point_estimate,USD,Unspecified,Mid-level,TensorFlow,false,false,2026-01-29,Adzuna
Senior Machine Learning Engineer (MLOps),MLOps / ML Infrastructure,ASOS,United Kingdom,London,90000,90000,90000,true,point_estimate,USD,Unspecified,Senior,,false,false,2026-02-21,Adzuna
Senior Machine Learning Engineer (Outfits),Machine Learning Engineer,ASOS,United Kingdom,London,89000,89000,89000,true,point_estimate,USD,Unspecified,Senior,,false,false,2026-02-21,Adzuna
Senior Machine Learning Engineer,Machine Learning Engineer,Harnham,United Kingdom,London,91000,91000,91000,true,point_estimate,USD,Unspecified,Senior,,false,false,2025-12-21,Adzuna
Senior Machine Learning Engineer,Machine Learning Engineer,Harnham,United Kingdom,London,92000,92000,92000,true,point_estimate,USD,Unspecified,Senior,,false,true,2025-12-21,Adzuna
Staff Machine Learning Engineer,Machine Learning Engineer,Harnham,United Kingdom,,96000,96000,96000,true,point_estimate,USD,Remote,Lead,,false,false,2026-02-01,Adzuna
Senior Machine Learning Engineer,Machine Learning Engineer,Harnham,United Kingdom,,77000,77000,77000,true,point_estimate,USD,Remote,Junior,"Python, TensorFlow",false,false,2026-02-11,Adzuna
Senior Machine Learning Engineer,Machine Learning Engineer,Norton Blake,United Kingdom,London,114000,114000,114000,true,point_estimate,USD,Unspecified,Senior,,false,false,2026-02-19,Adzuna
Senior Machine Learning Engineer,Machine Learning Engineer,Onsera Health,United Kingdom,London,81000,81000,81000,true,point_estimate,USD,Unspecified,Senior,,false,false,2026-01-29,Adzuna
Senior Machine Learning Engineer,Machine Learning Engineer,Onsera Health,United Kingdom,London,80000,80000,80000,true,point_estimate,USD,Unspecified,Senior,,false,true,2026-01-29,Adzuna
Machine Learning Engineer (AI infra),MLOps / ML Infrastructure,上海衍复投资管理有限公司,United Kingdom,London,53000,53000,53000,true,point_estimate,USD,Unspecified,Mid-level,,false,false,2026-01-09,Adzuna
Machine Learning Engineer (AI infra),MLOps / ML Infrastructure,上海衍复投资管理有限公司,United Kingdom,London,53000,53000,53000,true,point_estimate,USD,Unspecified,Mid-level,,false,true,2026-01-09,Adzuna
Machine Learning Engineer,Machine Learning Engineer,Hunter Selection,United Kingdom,Bristol,64000,89000,76500,false,range,USD,Remote,Mid-level,Azure,false,false,2026-02-03,Adzuna
Machine Learning Engineer,Machine Learning Engineer,Digital Waffle,United Kingdom,London,102000,127000,114500,false,range,USD,Unspecified,Senior,,false,false,2026-01-30,Adzuna
Machine Learning Engineer,Machine Learning Engineer,Moneyhub,United Kingdom,,61000,61000,61000,true,point_estimate,USD,Unspecified,Mid-level,Python,false,false,2026-02-09,Adzuna
Machine Learning Engineer,Machine Learning Engineer,Olive Jar Digital,United Kingdom,,66000,66000,66000,true,point_estimate,USD,Remote,Mid-level,,false,false,2025-12-08,Adzuna
Machine Learning Engineer,Machine Learning Engineer,Faculty AI,United Kingdom,London,66000,66000,66000,true,point_estimate,USD,Unspecified,Mid-level,,false,false,2025-11-08,Adzuna
Machine Learning Engineer,Machine Learning Engineer,Faculty AI,United Kingdom,,68000,68000,68000,true,point_estimate,USD,Unspecified,Mid-level,,false,true,2025-09-06,Adzuna
Machine Learning Engineer,Machine Learning Engineer,Limited,United Kingdom,London,77000,77000,77000,true,point_estimate,USD,Unspecified,Lead,,false,false,2026-01-09,Adzuna
Machine Learning Engineer,Machine Learning Engineer,Hiscox,United Kingdom,York,76000,76000,76000,true,point_estimate,USD,Unspecified,Lead,,false,false,2026-01-11,Adzuna
Machine Learning Engineer,Machine Learning Engineer,Run-Time Group Ltd,United Kingdom,London,104000,104000,104000,true,point_estimate,USD,Hybrid,Mid-level,,false,false,2026-02-16,Adzuna
Machine Learning Engineer,Machine Learning Engineer,Spotify,United Kingdom,,54000,54000,54000,true,point_estimate,USD,Unspecified,Mid-level,,false,false,2025-12-11,Adzuna
Machine Learning Engineer,Machine Learning Engineer,FDM Group,United Kingdom,Reading,71000,71000,71000,true,point_estimate,USD,Unspecified,Mid-level,,false,false,2026-02-20,Adzuna
Machine Learning Engineer,Machine Learning Engineer,Harrods,United Kingdom,,55000,55000,55000,true,point_estimate,USD,Unspecified,Mid-level,,false,false,2025-10-24,Adzuna
Machine Learning Engineer,Machine Learning Engineer,Rosenxt,United Kingdom,Bristol,77000,77000,77000,true,point_estimate,USD,Remote,Senior,,false,false,2026-01-20,Adzuna
Machine Learning Engineer,Machine Learning Engineer,Hunter Selection,United Kingdom,Easter Compton,64000,89000,76500,false,range,USD,Unspecified,Mid-level,"Azure, Docker",false,false,2026-02-22,Adzuna
Machine Learning Engineer,Machine Learning Engineer,Kingsgate Recruitment Ltd,United Kingdom,London,38000,51000,44500,false,range,USD,Unspecified,Mid-level,,false,false,2026-01-27,Adzuna
Machine Learning Engineer,Machine Learning Engineer,InterDigital,United Kingdom,London,70000,70000,70000,true,point_estimate,USD,Unspecified,Mid-level,,false,false,2026-01-11,Adzuna
Machine Learning Engineer,Machine Learning Engineer,Elanco,United Kingdom,Hook,92000,92000,92000,true,point_estimate,USD,Unspecified,Mid-level,,false,false,2025-09-28,Adzuna
Machine Learning Engineer,Machine Learning Engineer,PlayStation Global,United Kingdom,London,76000,76000,76000,true,point_estimate,USD,Unspecified,Mid-level,,false,false,2026-01-07,Adzuna
Machine Learning Engineer,Machine Learning Engineer,CoVar,United Kingdom,,120000,120000,120000,true,point_estimate,USD,Unspecified,Mid-level,R,false,false,2026-02-18,Adzuna
Machine Learning Engineer,Machine Learning Engineer,Huron Consulting Services,United Kingdom,,102000,102000,102000,true,point_estimate,USD,Unspecified,Mid-level,,false,false,2025-12-25,Adzuna
Machine Learning Engineer,Machine Learning Engineer,Leonardo,United Kingdom,,85000,85000,85000,true,point_estimate,USD,Unspecified,Mid-level,,false,false,2025-07-12,Adzuna
Machine Learning Engineer,Machine Learning Engineer,Almedia,United Kingdom,London,178000,279000,228500,false,range,USD,Unspecified,Mid-level,,false,false,2026-02-18,Adzuna
Machine Learning Engineer,Machine Learning Engineer,Stint,United Kingdom,London,64000,102000,83000,false,range,USD,Unspecified,Mid-level,,false,false,2026-01-18,Adzuna
Machine Learning Engineer,Machine Learning Engineer,Lynx Recruitment Ltd,United Kingdom,London,76000,108000,92000,false,range,USD,Unspecified,Mid-level,,false,false,2026-02-02,Adzuna
Machine Learning Engineer,Machine Learning Engineer,Lynx Recruitment Limited,United Kingdom,South West London,108000,108000,108000,true,point_estimate,USD,Unspecified,Mid-level,,false,false,2026-02-02,Adzuna
Machine Learning Engineer,Machine Learning Engineer,Huron Consulting Group,United Kingdom,Belfast,101000,101000,101000,true,point_estimate,USD,Unspecified,Mid-level,,false,false,2025-12-25,Adzuna
Machine Learning Engineer,Machine Learning Engineer,DXC Technology,United Kingdom,Erskine,68000,68000,68000,true,point_estimate,USD,Hybrid,Mid-level,,false,false,2025-11-23,Adzuna
Machine Learning Engineer,Machine Learning Engineer,Speechmatics,United Kingdom,Cambridge,48000,48000,48000,true,point_estimate,USD,Unspecified,Mid-level,,false,false,2025-08-25,Adzuna
Machine Learning Engineer,Machine Learning Engineer,Speechmatics,United Kingdom,London,50000,50000,50000,true,point_estimate,USD,Unspecified,Mid-level,,false,true,2025-08-24,Adzuna
Machine Learning Engineer,Machine Learning Engineer,Epic Games,United Kingdom,London,53000,53000,53000,true,point_estimate,USD,Unspecified,Mid-level,,false,false,2025-10-27,Adzuna
Machine Learning Engineer,Machine Learning Engineer,Cisco,United Kingdom,London,79000,79000,79000,true,point_estimate,USD,Unspecified,Mid-level,Computer Vision,false,false,2026-02-07,Adzuna
Machine Learning Engineer,Machine Learning Engineer,Waymo,United Kingdom,London,130000,130000,130000,true,point_estimate,USD,Unspecified,Mid-level,,false,false,2026-01-09,Adzuna
Machine Learning Engineer,Machine Learning Engineer,Adroit People Ltd,United Kingdom,London,132000,149000,140500,false,range,USD,Unspecified,Mid-level,PyTorch,false,false,2026-01-28,Adzuna
Machine Learning Engineer- World-Leading Prop Trading Fund,Machine Learning Engineer,Oxford Knight,United Kingdom,London,80000,80000,80000,true,point_estimate,USD,Unspecified,Mid-level,,false,false,2026-02-16,Adzuna
Machine Learning Performance Engineer,Other / Unclassified,G-Research,United Kingdom,London,94000,94000,94000,true,point_estimate,USD,Unspecified,Mid-level,,false,false,2026-01-14,Adzuna
Machine Learning Workflow Engineer,Other / Unclassified,G-Research,United Kingdom,London,77000,77000,77000,true,point_estimate,USD,Unspecified,Mid-level,,false,false,2026-01-14,Adzuna
Lead Machine Learning Engineer - London Stock Exchange Group,Machine Learning Engineer,London Stock Exchange Group,United Kingdom,London,99000,99000,99000,true,point_estimate,USD,Unspecified,Lead,,false,false,2026-02-17,Adzuna
Principal Machine Learning Engineer - London Stock Exchange Group,Machine Learning Engineer,London Stock Exchange Group,United Kingdom,London,128000,128000,128000,true,point_estimate,USD,Unspecified,Lead,,false,false,2026-02-17,Adzuna
Senior Machine Learning Engineer,Machine Learning Engineer,RedTech Recruitment Ltd.,United Kingdom,West Kensington,89000,114000,101500,false,range,USD,Unspecified,Senior,Computer Vision,false,false,2026-01-22,Adzuna
Senior Machine Learning Engineer,Machine Learning Engineer,G MASS,United Kingdom,London,79000,79000,79000,true,point_estimate,USD,Unspecified,Senior,,false,false,2026-01-06,Adzuna
Senior Machine Learning Engineer,Machine Learning Engineer,Qodea,United Kingdom,London,88000,88000,88000,true,point_estimate,USD,Unspecified,Senior,,false,false,2025-11-25,Adzuna
Senior Machine Learning Engineer,Machine Learning Engineer,Longshot Systems Ltd,United Kingdom,London,86000,86000,86000,true,point_estimate,USD,Unspecified,Senior,,false,false,2025-12-16,Adzuna
"Machine Learning Engineer, Platform",Machine Learning Engineer,AION,United Kingdom,London,93000,93000,93000,true,point_estimate,USD,Unspecified,Mid-level,,false,false,2025-12-17,Adzuna
Principal Machine Learning Engineer,Machine Learning Engineer,Qodea,United Kingdom,London,100000,100000,100000,true,point_estimate,USD,Unspecified,Lead,,false,false,2025-12-11,Adzuna
Lead Machine Learning Engineer,Machine Learning Engineer,Zego,United Kingdom,London,75000,75000,75000,true,point_estimate,USD,Unspecified,Lead,,false,false,2026-01-05,Adzuna
Staff Machine Learning Engineer,Machine Learning Engineer,NLPatent,United Kingdom,Fleet Street,114000,140000,127000,false,range,USD,Unspecified,Lead,NLP,false,false,2026-02-15,Adzuna
Audio Machine Learning Engineer,Machine Learning Engineer,Cisco International Limited,United Kingdom,Glasgow,55000,55000,55000,true,point_estimate,USD,Unspecified,Mid-level,Computer Vision,false,false,2026-01-09,Adzuna
AI & Machine Learning Engineer,Machine Learning Engineer,FSP Consulting Services Limited,United Kingdom,,81000,81000,81000,true,point_estimate,USD,Unspecified,Mid-level,,false,false,2026-01-16,Adzuna
Senior Machine Learning Engineer,Machine Learning Engineer,Faculty AI,United Kingdom,London,77000,77000,77000,true,point_estimate,USD,Unspecified,Senior,,false,false,2025-11-08,Adzuna
Lead Machine Learning Engineer,Machine Learning Engineer,Faculty AI,United Kingdom,London,81000,81000,81000,true,point_estimate,USD,Unspecified,Lead,,false,false,2025-11-28,Adzuna
Senior Machine Learning Engineer,Machine Learning Engineer,Faculty AI,United Kingdom,,79000,79000,79000,true,point_estimate,USD,Unspecified,Senior,,false,true,2025-09-06,Adzuna
Senior Machine Learning Engineer,Machine Learning Engineer,PhysicsX,United Kingdom,London,60000,60000,60000,true,point_estimate,USD,Unspecified,Senior,,false,false,2025-11-18,Adzuna
Lead Machine Learning Engineer,Machine Learning Engineer,Faculty AI,United Kingdom,,82000,82000,82000,true,point_estimate,USD,Unspecified,Lead,,false,true,2026-01-11,Adzuna
Lead Machine Learning Engineer,Machine Learning Engineer,Rowden,United Kingdom,London,140000,140000,140000,true,point_estimate,USD,Remote,Lead,,false,false,2025-12-19,Adzuna
Senior Machine Learning Engineer,Machine Learning Engineer,Rowden,United Kingdom,Bristol,106000,106000,106000,true,point_estimate,USD,Remote,Senior,,false,false,2025-11-09,Adzuna
Audio Machine Learning Engineer,Machine Learning Engineer,Enterprise Recruitment Ltd,United Kingdom,London,64000,114000,89000,false,range,USD,Unspecified,Mid-level,,false,false,2026-02-12,Adzuna
Staff Machine Learning Engineer,Machine Learning Engineer,Harnham - Data & Analytics Recruitment,United Kingdom,Manchester,102000,127000,114500,false,range,USD,Remote,Lead,,false,false,2026-01-29,Adzuna
Machine Learning Engineering Manager,Machine Learning Engineer,Deliveroo,United Kingdom,London,70000,70000,70000,true,point_estimate,USD,Unspecified,Lead,,false,false,2026-01-11,Adzuna
Senior Machine Learning Engineer,Machine Learning Engineer,Spotify,United Kingdom,,74000,74000,74000,true,point_estimate,USD,Unspecified,Senior,,false,false,2025-11-07,Adzuna
Senior Machine Learning Engineer,Machine Learning Engineer,Williams Lea,United Kingdom,,113000,113000,113000,true,point_estimate,USD,Remote,Senior,,false,false,2025-11-19,Adzuna
Senior Machine Learning Engineer,Machine Learning Engineer,Deliveroo,United Kingdom,London,71000,71000,71000,true,point_estimate,USD,Unspecified,Senior,,false,false,2026-01-18,Adzuna
Machine Learning Engineer (Remote),Machine Learning Engineer,StackAdapt,United Kingdom,,64000,64000,64000,true,point_estimate,USD,Remote,Mid-level,,false,false,2026-02-14,Adzuna
"Machine Learning Engineer, Personalization",Machine Learning Engineer,Spotify,United Kingdom,,53000,53000,53000,true,point_estimate,USD,Unspecified,Mid-level,,false,false,2025-12-17,Adzuna
Staff Machine Learning Engineer,Machine Learning Engineer,Spotify,United Kingdom,,81000,81000,81000,true,point_estimate,USD,Unspecified,Junior,,false,false,2025-09-24,Adzuna
Principal Machine Learning Engineer,Machine Learning Engineer,Datatonic,United Kingdom,London,110000,110000,110000,true,point_estimate,USD,Unspecified,Lead,,false,false,2025-07-29,Adzuna
Staff Machine Learning Engineer,Machine Learning Engineer,Deliveroo,United Kingdom,London,80000,80000,80000,true,point_estimate,USD,Unspecified,Lead,,false,false,2026-01-09,Adzuna
Machine Learning Engineer - Satellite,Machine Learning Engineer,Get2Talent,United Kingdom,Oxford,127000,127000,127000,true,point_estimate,USD,Unspecified,Mid-level,,false,false,2026-02-03,Adzuna
Senior Machine Learning Engineer,Machine Learning Engineer,Tate,United Kingdom,Millbank,108000,121000,114500,false,range,USD,Unspecified,Senior,"Python, SQL, AWS",false,false,2026-02-22,Adzuna
Junior Machine Learning Engineer,Machine Learning Engineer,Recraft,United Kingdom,London,56000,56000,56000,true,point_estimate,USD,Unspecified,Junior,,false,false,2026-01-09,Adzuna
Senior Machine Learning Engineer,Machine Learning Engineer,UnderwriteMe,United Kingdom,London,96000,96000,96000,true,point_estimate,USD,Unspecified,Senior,NLP,false,false,2025-08-14,Adzuna
Staff Machine Learning Engineer,Machine Learning Engineer,tem,United Kingdom,,81000,81000,81000,true,point_estimate,USD,Unspecified,Lead,,false,false,2025-09-01,Adzuna
Audio Machine Learning Engineer,Machine Learning Engineer,Cisco,United Kingdom,Glasgow,54000,54000,54000,true,point_estimate,USD,Unspecified,Mid-level,Computer Vision,false,false,2025-12-03,Adzuna
Senior Machine Learning Engineer,Machine Learning Engineer,DraftKings,United Kingdom,London,77000,77000,77000,true,point_estimate,USD,Unspecified,Senior,,false,false,2025-12-06,Adzuna
Senior Machine Learning Engineer,Machine Learning Engineer,Speechmatics,United Kingdom,London,58000,58000,58000,true,point_estimate,USD,Unspecified,Senior,,false,false,2025-05-30,Adzuna
Senior Machine Learning Engineer,Machine Learning Engineer,Speechmatics,United Kingdom,Cambridge,55000,55000,55000,true,point_estimate,USD,Unspecified,Senior,,false,true,2025-05-29,Adzuna
Machine Learning Engineer (Manager),Machine Learning Engineer,Huron Consulting Services,United Kingdom,,113000,113000,113000,true,point_estimate,USD,Unspecified,Management,,false,false,2025-12-25,Adzuna
Lead Machine Learning Engineer,Machine Learning Engineer,Williams Lea,United Kingdom,,91000,91000,91000,true,point_estimate,USD,Remote,Lead,,false,false,2025-10-23,Adzuna
Machine Learning Engineer Intern,Machine Learning Engineer,CGG SA,United Kingdom,Crawley,45000,45000,45000,true,point_estimate,USD,Unspecified,Mid-level,,true,false,2026-01-31,Adzuna
Senior Machine Learning Engineer,Machine Learning Engineer,Canopius,United Kingdom,Manchester,89000,89000,89000,true,point_estimate,USD,Unspecified,Senior,,false,false,2026-01-08,Adzuna
Senior Machine Learning Engineer,Machine Learning Engineer,Roku,United Kingdom,,55000,55000,55000,true,point_estimate,USD,Unspecified,Senior,,false,false,2025-12-06,Adzuna
Machine Learning Engineer Intern,Machine Learning Engineer,Viridien,United Kingdom,,53000,53000,53000,true,point_estimate,USD,Unspecified,Mid-level,,true,false,2025-11-12,Adzuna
Machine Learning Engineer (Manager),Machine Learning Engineer,Huron Consulting Group,United Kingdom,Belfast,115000,115000,115000,true,point_estimate,USD,Unspecified,Management,,false,false,2025-12-25,Adzuna
Senior Machine Learning Engineer,Machine Learning Engineer,Cresta,United Kingdom,London,74000,74000,74000,true,point_estimate,USD,Unspecified,Senior,,false,false,2026-01-30,Adzuna
Staff Machine Learning Engineer,Machine Learning Engineer,Orbital,United Kingdom,Lea Bridge,77000,77000,77000,true,point_estimate,USD,Unspecified,Lead,,false,false,2026-02-18,Adzuna
Staff Machine Learning Engineer,Machine Learning Engineer,Edited,United Kingdom,London,84000,84000,84000,true,point_estimate,USD,Unspecified,Lead,,false,false,2026-02-11,Adzuna
Machine Learning Engineer III,Machine Learning Engineer,Amex,United Kingdom,Manchester,82000,82000,82000,true,point_estimate,USD,Unspecified,Mid-level,,false,false,2026-02-14,Adzuna
Lead Machine Learning Engineer,Machine Learning Engineer,Fyxer,United Kingdom,London,108000,108000,108000,true,point_estimate,USD,Unspecified,Lead,,false,false,2026-01-10,Adzuna
Senior Machine Learning Engineer,Machine Learning Engineer,Definely,United Kingdom,London,105000,140000,122500,false,range,USD,Unspecified,Senior,NLP,false,false,2025-12-14,Adzuna
(Senior) Machine Learning Engineer,Machine Learning Engineer,Adikteev,United Kingdom,,80000,80000,80000,true,point_estimate,USD,Unspecified,Senior,,false,false,2026-01-25,Adzuna
Staff Machine Learning Engineer,Machine Learning Engineer,Speechmatics,United Kingdom,Cambridge,67000,67000,67000,true,point_estimate,USD,Unspecified,Lead,,false,false,2025-12-12,Adzuna
Staff Machine Learning Engineer,Machine Learning Engineer,Speechmatics,United Kingdom,London,69000,69000,69000,true,point_estimate,USD,Unspecified,Lead,,false,true,2025-12-12,Adzuna
Machine Learning Engineering Lead,Machine Learning Engineer,Mars,United Kingdom,Slough,71000,71000,71000,true,point_estimate,USD,Unspecified,Lead,,false,false,2025-12-28,Adzuna
Machine Learning Engineering Lead,Machine Learning Engineer,Mars,United Kingdom,Charing Cross,69000,69000,69000,true,point_estimate,USD,Unspecified,Lead,,false,true,2025-12-17,Adzuna
Lead Machine Learning Engineer,Machine Learning Engineer,London Stock Exchange Group,United Kingdom,,88000,88000,88000,true,point_estimate,USD,Unspecified,Lead,,false,false,2026-02-17,Adzuna
Principal Machine Learning Engineer,Machine Learning Engineer,London Stock Exchange Group,United Kingdom,,116000,116000,116000,true,point_estimate,USD,Unspecified,Lead,,false,false,2026-02-17,Adzuna
Sr. Machine Learning Engineer,Machine Learning Engineer,Waymo,United Kingdom,London,136000,136000,136000,true,point_estimate,USD,Unspecified,Senior,,false,false,2025-12-12,Adzuna
Senior Machine Learning Engineer,Machine Learning Engineer,CoMind,United Kingdom,London,66000,66000,66000,true,point_estimate,USD,Unspecified,Senior,,false,false,2026-01-11,Adzuna
Staff Machine Learning Engineer,Machine Learning Engineer,Waymo,United Kingdom,London,118000,118000,118000,true,point_estimate,USD,Unspecified,Lead,,false,false,2026-01-01,Adzuna
Machine Learning Engineer Intern,Machine Learning Engineer,Moloco,United Kingdom,London,56000,56000,56000,true,point_estimate,USD,Unspecified,Mid-level,,true,false,2025-12-13,Adzuna
Machine Learning Engineer (SF),Machine Learning Engineer,Saris AI,United Kingdom,,85000,85000,85000,true,point_estimate,USD,Unspecified,Mid-level,,false,false,2026-01-09,Adzuna
Senior Machine Learning Engineer,Machine Learning Engineer,Luminance Technologies,United Kingdom,London,65000,65000,65000,true,point_estimate,USD,Remote,Senior,,false,false,2026-02-04,Adzuna
Machine Learning Engineer Intern,Machine Learning Engineer,UnlikelyAI,United Kingdom,London,59000,59000,59000,true,point_estimate,USD,Unspecified,Mid-level,,true,false,2026-02-20,Adzuna
Senior Machine Learning Engineer (UK),Machine Learning Engineer,TWG Global AI,United Kingdom,London,184000,190000,187000,false,range,USD,Unspecified,Senior,,false,false,2025-09-13,Adzuna
Machine Learning Engineer - Customer Solutions,Machine Learning Engineer,Unitary,United Kingdom,,114000,140000,127000,false,range,USD,Unspecified,Mid-level,,false,false,2025-09-19,Adzuna
"Lead Machine Learning Engineer, AI",Machine Learning Engineer,Zaizi,United Kingdom,Cheltenham,95000,95000,95000,true,point_estimate,USD,Unspecified,Lead,,false,false,2026-01-16,Adzuna
AI Engineer / Machine Learning Engineer,Machine Learning Engineer,SmartAssets,United Kingdom,London,82000,82000,82000,true,point_estimate,USD,Unspecified,Junior,,false,false,2025-11-13,Adzuna
AI Engineer / Machine Learning Engineer,Machine Learning Engineer,Change-IT Public Sector,United Kingdom,Hyde Park,132000,248000,190000,false,range,USD,Remote,Mid-level,,false,false,2026-02-17,Adzuna
Machine Learning Engineer PyTorch LLM,NLP / LLM Engineering,Client Server,United Kingdom,London,127000,127000,127000,true,point_estimate,USD,Onsite,Mid-level,PyTorch,false,false,2026-02-19,Adzuna
Machine Learning Engineer (Python / MLE),Machine Learning Engineer,Sanderson Recruitment,United Kingdom,London,215000,248000,231500,false,range,USD,Remote,Mid-level,"Python, R",false,false,2026-02-20,Adzuna
"Machine Learning Engineer, Ad Forecasting",Machine Learning Engineer,Spotify,United Kingdom,,74000,74000,74000,true,point_estimate,USD,Unspecified,Mid-level,,false,false,2026-02-04,Adzuna
Machine Learning Engineer - Financial AI,Machine Learning Engineer,Ec1 Partners,United Kingdom,London,99000,99000,99000,true,point_estimate,USD,Unspecified,Mid-level,Python,false,false,2026-01-20,Adzuna
AI Engineer / Machine Learning Engineer.,Machine Learning Engineer,Change-IT Consulting Ltd,United Kingdom,London,132000,248000,190000,false,range,USD,Remote,Mid-level,,false,false,2026-02-16,Adzuna
Senior Staff Machine Learning Engineer,Machine Learning Engineer,Spotify,United Kingdom,,86000,86000,86000,true,point_estimate,USD,Unspecified,Senior,,false,false,2025-09-22,Adzuna
Machine Learning Engineer Space & Satellite,Machine Learning Engineer,Get2Talent,United Kingdom,London,127000,127000,127000,true,point_estimate,USD,Unspecified,Mid-level,,false,false,2026-02-03,Adzuna
"Machine Learning Engineer, AI Evaluation",Machine Learning Engineer,Wayve,United Kingdom,London,105000,105000,105000,true,point_estimate,USD,Unspecified,Mid-level,,false,false,2026-02-20,Adzuna
Machine Learning Engineer - Spacetime UK,Machine Learning Engineer,Aalyria,United Kingdom,,73000,73000,73000,true,point_estimate,USD,Hybrid,Mid-level,,false,false,2025-11-07,Adzuna
AI Engineer / Machine Learning Engineer,Machine Learning Engineer,Change-IT Public Sector,United Kingdom,Netherton,30000,57000,43500,false,range,USD,Unspecified,Mid-level,"Python, Transformers",false,false,2026-02-22,Adzuna
"Lead Machine Learning Engineer, AI",Machine Learning Engineer,Meraki IT Recruitment,United Kingdom,London,70000,95000,82500,false,range,USD,Unspecified,Lead,,false,false,2026-02-13,Adzuna
"Machine Learning Engineer, Gen AI",Machine Learning Engineer,Snap,United Kingdom,London,56000,56000,56000,true,point_estimate,USD,Unspecified,Mid-level,,false,false,2026-01-11,Adzuna
"Senior Machine Learning Engineer, NLP",NLP / LLM Engineering,BenchSci,United Kingdom,London,92000,92000,92000,true,point_estimate,USD,Unspecified,Senior,NLP,false,false,2025-10-31,Adzuna
"Machine Learning Engineer, Gen AI",Machine Learning Engineer,Snap Inc.,United Kingdom,London,54000,54000,54000,true,point_estimate,USD,Unspecified,Mid-level,,false,false,2025-12-30,Adzuna
Senior Machine Learning Engineer II,Machine Learning Engineer,HubSpot,United Kingdom,London,79000,79000,79000,true,point_estimate,USD,Unspecified,Senior,,false,false,2026-02-18,Adzuna
Senior Machine Learning Engineer (Spain),Machine Learning Engineer,RemoteStar,United Kingdom,Cambourne,63000,63000,63000,true,point_estimate,USD,Hybrid,Senior,,false,false,2025-07-15,Adzuna
"Machine Learning Engineer, AI Foundations",Machine Learning Engineer,Waymo,United Kingdom,Oxford Circus,97000,97000,97000,true,point_estimate,USD,Unspecified,Mid-level,,false,false,2026-01-29,Adzuna
"Staff Machine Learning Engineer, Simulation",Machine Learning Engineer,Waymo,United Kingdom,London,113000,113000,113000,true,point_estimate,USD,Unspecified,Lead,,false,false,2025-12-12,Adzuna
"Senior Machine Learning Engineer, Simulation",Machine Learning Engineer,Waymo,United Kingdom,London,131000,131000,131000,true,point_estimate,USD,Unspecified,Senior,,false,false,2025-11-20,Adzuna
Contract Machine Learning Engineer - SC Cleared,Machine Learning Engineer,Searchability  Ltd,United Kingdom,London,165000,198000,181500,false,range,USD,Unspecified,Mid-level,Python,false,false,2026-02-13,Adzuna
"Staff / VP, Machine Learning Engineer (UK)",Machine Learning Engineer,TWG Global AI,United Kingdom,London,279000,286000,282500,false,range,USD,Unspecified,Lead,,false,false,2025-09-13,Adzuna
Machine Learning Engineer Python LLM AWS,NLP / LLM Engineering,Client Server,United Kingdom,London,114000,114000,114000,true,point_estimate,USD,Unspecified,Senior,"Python, AWS",false,false,2026-02-20,Adzuna
"Senior Staff Machine Learning Engineer, Home",Machine Learning Engineer,Spotify,United Kingdom,,88000,88000,88000,true,point_estimate,USD,Unspecified,Senior,,false,false,2026-01-07,Adzuna
Senior Machine Learning Engineer - Anomaly Detection,Machine Learning Engineer,PlayStation Global,United Kingdom,London,94000,94000,94000,true,point_estimate,USD,Unspecified,Senior,,false,false,2026-01-17,Adzuna
"Machine Learning Engineer II, Marketing Testing",Machine Learning Engineer,Expedia,United Kingdom,London,68000,68000,68000,true,point_estimate,USD,Unspecified,Mid-level,,false,false,2025-10-09,Adzuna
"Machine Learning Engineering Manager, Gen AI",Machine Learning Engineer,Snap,United Kingdom,London,71000,71000,71000,true,point_estimate,USD,Unspecified,Management,,false,false,2026-01-11,Adzuna
"Machine Learning Engineering Manager, Gen AI",Machine Learning Engineer,Snap Inc.,United Kingdom,London,65000,65000,65000,true,point_estimate,USD,Unspecified,Management,,false,false,2025-12-24,Adzuna
Software Engineer - (Machine Learning Engineer) - Hybrid,Machine Learning Engineer,FactSet,United Kingdom,London,91000,91000,91000,true,point_estimate,USD,Hybrid,Mid-level,,false,false,2026-01-14,Adzuna
Senior Machine Learning Engineer (Large Systems),Machine Learning Engineer,Graphcore,United Kingdom,Cambridge,85000,85000,85000,true,point_estimate,USD,Unspecified,Senior,,false,false,2026-01-29,Adzuna
Senior Machine Learning Engineer (Large Systems),Machine Learning Engineer,Graphcore,United Kingdom,London,88000,88000,88000,true,point_estimate,USD,Unspecified,Senior,,false,true,2026-01-29,Adzuna
Senior Machine Learning Engineer (Large Systems),Machine Learning Engineer,Graphcore,United Kingdom,Bristol,85000,85000,85000,true,point_estimate,USD,Unspecified,Senior,,false,true,2026-02-12,Adzuna
"Lead Machine Learning Engineer, Gen AI",Machine Learning Engineer,Snap,United Kingdom,London,57000,57000,57000,true,point_estimate,USD,Unspecified,Lead,,false,false,2026-01-11,Adzuna
Senior Machine Learning Engineer - Product Intelligence,Machine Learning Engineer,cloudshelf,United Kingdom,London,108000,133000,120500,false,range,USD,Remote,Senior,,false,false,2026-01-15,Adzuna
"Senior Machine Learning Engineer, Gen AI",Machine Learning Engineer,Snap,United Kingdom,London,55000,55000,55000,true,point_estimate,USD,Unspecified,Senior,,false,false,2026-01-11,Adzuna
Echo Labs - Senior Machine Learning Engineer,Machine Learning Engineer,Convergent Research,United Kingdom,London,72000,72000,72000,true,point_estimate,USD,Unspecified,Senior,,false,false,2026-02-18,Adzuna
Senior Machine Learning Engineer (Computer Vision),Computer Vision,Scandit,United Kingdom,,65000,65000,65000,true,point_estimate,USD,Unspecified,Senior,Computer Vision,false,false,2026-01-28,Adzuna
"Senior Machine Learning Engineer, Gen AI",Machine Learning Engineer,Snap Inc.,United Kingdom,London,54000,54000,54000,true,point_estimate,USD,Unspecified,Senior,,false,false,2025-12-30,Adzuna
"Lead Machine Learning Engineer, Gen AI",Machine Learning Engineer,Snap Inc.,United Kingdom,London,55000,55000,55000,true,point_estimate,USD,Unspecified,Lead,,false,false,2025-12-30,Adzuna
"Senior Machine Learning Engineer, Search & Recommendations",Machine Learning Engineer,Roku,United Kingdom,,51000,51000,51000,true,point_estimate,USD,Unspecified,Senior,,false,false,2026-01-23,Adzuna
"Senior Machine Learning Engineer, AI Foundations",Machine Learning Engineer,Waymo,United Kingdom,Oxford Circus,115000,115000,115000,true,point_estimate,USD,Unspecified,Senior,,false,false,2026-01-29,Adzuna
Senior Machine Learning Engineer / Data Scientist,Machine Learning Engineer,Secondmind,United Kingdom,Trumpington,76000,76000,76000,true,point_estimate,USD,Unspecified,Senior,,false,false,2026-02-12,Adzuna
"Senior Staff Machine Learning Engineer, Simulation",Machine Learning Engineer,Waymo,United Kingdom,London,114000,114000,114000,true,point_estimate,USD,Unspecified,Senior,,false,false,2025-12-14,Adzuna
"Senior Machine Learning Engineer, AI Foundations",Machine Learning Engineer,Waymo,United Kingdom,Oxford,100000,100000,100000,true,point_estimate,USD,Unspecified,Senior,,false,true,2026-02-04,Adzuna
Senior Machine Learning Engineer - LLM & Voice,NLP / LLM Engineering,Wave,United Kingdom,London,115000,115000,115000,true,point_estimate,USD,Unspecified,Senior,,false,false,2026-02-20,Adzuna
Staff/Lead Machine Learning Engineer (Research),AI / ML Research,Mimica,United Kingdom,London,88000,88000,88000,true,point_estimate,USD,Unspecified,Lead,,false,false,2025-08-10,Adzuna
Machine Learning Research Engineer ID46889,AI / ML Research,Humand Talent,United Kingdom,Oxfordshire,73000,73000,73000,true,point_estimate,USD,Unspecified,Mid-level,,false,false,2026-02-21,Adzuna
Senior Machine Learning Engineer - Agentic AI Platform,MLOps / ML Infrastructure,Robert Half,United Kingdom,Cambridge,92000,92000,92000,true,point_estimate,USD,Hybrid,Senior,,false,false,2026-02-21,Adzuna
MLE- Machine Learning Engineer / Data Engineer - Python,Machine Learning Engineer,Sanderson Recruitment,United Kingdom,London,215000,248000,231500,false,range,USD,Remote,Mid-level,Python,false,false,2026-02-19,Adzuna
Machine Learning Engineer 3D Geometry/ Multi-Modal,Machine Learning Engineer,Autodesk,United Kingdom,London,60000,60000,60000,true,point_estimate,USD,Unspecified,Mid-level,,false,false,2025-12-18,Adzuna
Machine Learning Engineer 3D Geometry/ Multi-Modal,Machine Learning Engineer,Autodesk,United Kingdom,,69000,69000,69000,true,point_estimate,USD,Unspecified,Mid-level,,false,true,2025-12-20,Adzuna
Senior Machine Learning Engineer - Applied ML & Research,AI / ML Research,Happening,United Kingdom,London,101000,101000,101000,true,point_estimate,USD,Unspecified,Senior,,false,false,2026-02-21,Adzuna
2026 Graduate Machine Learning Engineer - Applied AI,Machine Learning Engineer,Graphcore,United Kingdom,Cambridge,66000,66000,66000,true,point_estimate,USD,Unspecified,Mid-level,,false,false,2026-01-16,Adzuna
Lead Data Scientist,Data Scientist,HAYS,United Kingdom,Belfast,83000,83000,83000,true,point_estimate,USD,Unspecified,Lead,,false,false,2026-02-20,Adzuna
Data Scientist,Data Scientist,Hays,United Kingdom,Markfield,64000,64000,64000,true,point_estimate,USD,Hybrid,Mid-level,,false,false,2026-02-18,Adzuna
Data Scientist,Data Scientist,DWP Digital,United Kingdom,Staining,70000,70000,70000,true,point_estimate,USD,Hybrid,Mid-level,,false,false,2026-02-09,Adzuna
Senior Data Scientist,Data Scientist,Leidos,United Kingdom,St. James,96000,96000,96000,true,point_estimate,USD,Unspecified,Senior,,false,false,2026-02-01,Adzuna
Junior Data Scientist,Data Scientist,Newto Training,United Kingdom,,57000,57000,57000,true,point_estimate,USD,Unspecified,Junior,,false,false,2026-02-19,Adzuna
Head of Data Science,Data Scientist,THE IDOLS GROUP LIMITED,United Kingdom,London,127000,127000,127000,true,point_estimate,USD,Unspecified,Lead,,false,false,2026-01-30,Adzuna
Data Science Practitioner,Data Scientist,Randstad Digital,United Kingdom,Glasgow,83000,124000,103500,false,range,USD,Unspecified,Senior,RAG,false,false,2026-01-21,Adzuna
Data Scientist/Senior Data Scientist – Generative AI,Data Scientist,C3 AI,United Kingdom,London,65000,65000,65000,true,point_estimate,USD,Unspecified,Senior,,false,false,2026-01-08,Adzuna
Senior Data Scientist,Data Scientist,ASOS,United Kingdom,London,67000,67000,67000,true,point_estimate,USD,Unspecified,Senior,,false,false,2026-02-21,Adzuna
Lead Data Scientist,Data Scientist,RAIL SAFETY AND STANDARDS BOARD,United Kingdom,London,82000,82000,82000,true,point_estimate,USD,Unspecified,Junior,,false,false,2026-02-21,Adzuna
Data Scientist,Data Scientist,Harnham,United Kingdom,London,64000,64000,64000,true,point_estimate,USD,Unspecified,Mid-level,,false,false,2026-01-22,Adzuna
Data Scientist,Data Scientist,Harnham,United Kingdom,London,65000,65000,65000,true,point_estimate,USD,Unspecified,Mid-level,,false,true,2026-01-24,Adzuna
Data Scientist,Data Scientist,trg.recruitment,United Kingdom,,91000,91000,91000,true,point_estimate,USD,Unspecified,Mid-level,,false,false,2025-12-21,Adzuna
Data Scientist,Data Scientist,SoCode Recruitment,United Kingdom,Cambridge,70000,70000,70000,true,point_estimate,USD,Unspecified,Mid-level,R,false,false,2026-02-16,Adzuna
Data Scientist,Data Scientist,Lorien,United Kingdom,London,94000,94000,94000,true,point_estimate,USD,Hybrid,Mid-level,,false,false,2026-02-19,Adzuna
Data Scientist,Data Scientist,Lorien,United Kingdom,London,95000,95000,95000,true,point_estimate,USD,Hybrid,Mid-level,,false,true,2026-02-19,Adzuna
Data Scientist,Data Scientist,Creditsafe,United Kingdom,Cardiff County,65000,65000,65000,true,point_estimate,USD,Unspecified,Mid-level,,false,false,2026-02-18,Adzuna
Data Scientist,Data Scientist,Odysse Ltd.,United Kingdom,Croydon,84000,84000,84000,true,point_estimate,USD,Hybrid,Mid-level,,false,false,2026-02-21,Adzuna
Data Scientist,Data Scientist,Business Stream,United Kingdom,Edinburgh,45000,45000,45000,true,point_estimate,USD,Unspecified,Mid-level,,false,false,2026-02-17,Adzuna
Lead Data Scientist,Data Scientist,Eames Consulting,United Kingdom,London,112000,112000,112000,true,point_estimate,USD,Hybrid,Senior,,false,false,2026-02-16,Adzuna
Lead Data Scientist,Data Scientist,Ocho,United Kingdom,Belfast,95000,95000,95000,true,point_estimate,USD,Hybrid,Senior,,false,false,2026-02-07,Adzuna
Lead Data Scientist,Data Scientist,HAYS Specialist Recruitment,United Kingdom,Belfast,89000,89000,89000,true,point_estimate,USD,Unspecified,Lead,,false,false,2026-02-10,Adzuna
Data Scientist - Citi,Data Scientist,Citi,United Kingdom,,78000,78000,78000,true,point_estimate,USD,Unspecified,Mid-level,,false,false,2026-02-21,Adzuna
Director Risk Data Science,Data Scientist,Skrill,United Kingdom,London,117000,117000,117000,true,point_estimate,USD,Unspecified,Management,,false,false,2026-02-20,Adzuna
Principal Data Scientist and Machine Learning Researcher,AI / ML Research,Raytheon,United Kingdom,Gloucester,69000,69000,69000,true,point_estimate,USD,Unspecified,Lead,,false,false,2026-02-17,Adzuna
Lead Data Scientist,Data Scientist,SPG Resourcing,United Kingdom,Manchester,92000,92000,92000,true,point_estimate,USD,Hybrid,Lead,,false,false,2026-02-16,Adzuna
Senior Data Scientist,Data Scientist,Franklin Fitch,United Kingdom,London,107000,107000,107000,true,point_estimate,USD,Remote,Senior,,false,false,2026-02-18,Adzuna
Senior Data Scientist,Data Scientist,Franklin Fitch,United Kingdom,London,108000,108000,108000,true,point_estimate,USD,Remote,Senior,,false,true,2026-02-18,Adzuna
Lead Data Scientist,Data Scientist,Xcede,United Kingdom,London,92000,92000,92000,true,point_estimate,USD,Unspecified,Junior,,false,false,2026-01-28,Adzuna
Lead Data Scientist,Data Scientist,Xcede,United Kingdom,London,92000,92000,92000,true,point_estimate,USD,Unspecified,Junior,,false,true,2026-01-28,Adzuna
Senior Data Scientist,Data Scientist,Arrows,United Kingdom,,76000,76000,76000,true,point_estimate,USD,Remote,Senior,,false,false,2026-01-30,Adzuna
Senior Data Scientist,Data Scientist,Harnham,United Kingdom,London,76000,76000,76000,true,point_estimate,USD,Hybrid,Senior,,false,false,2025-12-21,Adzuna
Senior Data Scientist,Data Scientist,Harnham,United Kingdom,London,75000,75000,75000,true,point_estimate,USD,Hybrid,Senior,,false,true,2025-12-21,Adzuna
Biomedical Data Scientist,Data Scientist,Walk With Path Limited,United Kingdom,London,51000,51000,51000,true,point_estimate,USD,Unspecified,Mid-level,Python,false,false,2026-02-21,Adzuna
Head of Data Science,Data Scientist,Propel,United Kingdom,London,101000,101000,101000,true,point_estimate,USD,Hybrid,Lead,,false,false,2026-02-19,Adzuna
Head of Data Science,Data Scientist,Propel,United Kingdom,London,100000,100000,100000,true,point_estimate,USD,Hybrid,Lead,,false,true,2026-02-19,Adzuna
Lead Data Scientist,Data Scientist,Zazu Digital Talent,United Kingdom,,86000,86000,86000,true,point_estimate,USD,Remote,Lead,,false,false,2026-01-30,Adzuna
Senior Data Scientist,Data Scientist,Durlston Partners,United Kingdom,Eastern England,90000,90000,90000,true,point_estimate,USD,Unspecified,Senior,,false,false,2026-01-10,Adzuna
Business Analyst - Data sciences,Data Scientist,SSA Systems limited,United Kingdom,London,51000,53000,52000,false,range,USD,Unspecified,Mid-level,"Python, SQL",false,false,2026-01-29,Adzuna
Senior Data Scientist (Operations Research),AI / ML Research,ASOS,United Kingdom,London,73000,73000,73000,true,point_estimate,USD,Unspecified,Senior,,false,false,2026-02-21,Adzuna
Lead Data Scientist - Fraud Prevention,Data Scientist,Wise,United Kingdom,London,84000,84000,84000,true,point_estimate,USD,Unspecified,Lead,,false,false,2026-01-12,Adzuna
Senior Data Scientist and Machine Learning Researcher,AI / ML Research,Raytheon,United Kingdom,Gloucester,59000,59000,59000,true,point_estimate,USD,Unspecified,Senior,,false,false,2026-02-18,Adzuna
Data Scientist - Lorien Impellam,Data Scientist,Lorien Impellam,United Kingdom,London,78000,78000,78000,true,point_estimate,USD,Hybrid,Mid-level,NLP,false,false,2026-02-16,Adzuna
"Global Head, Data Science",Data Scientist,S&P Global,United Kingdom,London,114000,114000,114000,true,point_estimate,USD,Unspecified,Management,,false,false,2026-02-18,Adzuna
Data Scientist (Sports Analytics),Data Scientist,Singular Recruitment,United Kingdom,London,61000,61000,61000,true,point_estimate,USD,Unspecified,Mid-level,,false,false,2025-12-21,Adzuna
Data Scientist (Sports Analytics),Data Scientist,Singular Recruitment,United Kingdom,London,61000,61000,61000,true,point_estimate,USD,Unspecified,Mid-level,,false,true,2025-12-21,Adzuna
Senior Data Scientist - Experimentation,Data Scientist,DigiTech Resourcing,United Kingdom,,85000,85000,85000,true,point_estimate,USD,Remote,Senior,,false,false,2026-01-25,Adzuna
Data Scientist (Football Club),Data Scientist,Singular Recruitment,United Kingdom,London,92000,92000,92000,true,point_estimate,USD,Unspecified,Mid-level,,false,false,2025-12-22,Adzuna
Data Scientist (Football Club),Data Scientist,Singular Recruitment,United Kingdom,London,93000,93000,93000,true,point_estimate,USD,Unspecified,Mid-level,,false,true,2025-12-22,Adzuna
Data Scientist Intern - London,Data Scientist,Descartes Underwriting,United Kingdom,London,48000,48000,48000,true,point_estimate,USD,Unspecified,Mid-level,,true,false,2026-01-10,Adzuna
Data Scientist Intern - London,Data Scientist,Descartes Underwriting,United Kingdom,London,48000,48000,48000,true,point_estimate,USD,Unspecified,Mid-level,,true,true,2026-01-10,Adzuna
Senior Data Scientist - QBE Insurance,Data Scientist,QBE Insurance,United Kingdom,London,75000,75000,75000,true,point_estimate,USD,Hybrid,Senior,,false,false,2026-02-16,Adzuna
Data Scientist,Data Scientist,Keystone Recruitment Partners Ltd,United Kingdom,London,95000,152000,123500,false,range,USD,Unspecified,Senior,,false,false,2026-01-28,Adzuna
Data Science Lead - QBE Insurance,Data Scientist,QBE Insurance,United Kingdom,London,68000,68000,68000,true,point_estimate,USD,Hybrid,Lead,,false,false,2026-02-16,Adzuna
Data Scientist,Data Scientist,Akkodis,United Kingdom,Glascote,43000,48000,45500,false,range,USD,Unspecified,Management,,false,false,2026-02-13,Adzuna
Data Scientist,Data Scientist,Cactus Search,United Kingdom,Arlingham,64000,70000,67000,false,range,USD,Unspecified,Lead,,false,false,2026-02-04,Adzuna
Data Scientist - Global Investment Firm,Data Scientist,Harnham,United Kingdom,London,80000,80000,80000,true,point_estimate,USD,Unspecified,Mid-level,,false,false,2026-01-30,Adzuna
Data Scientist - Global Investment Firm,Data Scientist,Harnham,United Kingdom,London,79000,79000,79000,true,point_estimate,USD,Unspecified,Mid-level,,false,true,2026-01-30,Adzuna
Head of Data Science (GenAi) - Insurance,Data Scientist,Albion Blake,United Kingdom,London,126000,126000,126000,true,point_estimate,USD,Hybrid,Lead,,false,false,2026-02-16,Adzuna
Head of Data Science (GenAi) - Insurance,Data Scientist,Albion Blake,United Kingdom,London,125000,125000,125000,true,point_estimate,USD,Hybrid,Lead,,false,true,2026-02-16,Adzuna
Data Scientist,Data Scientist,Faculty AI,United Kingdom,,70000,70000,70000,true,point_estimate,USD,Unspecified,Mid-level,,false,false,2025-12-20,Adzuna
Data Scientist,Data Scientist,Faculty AI,United Kingdom,London,72000,72000,72000,true,point_estimate,USD,Unspecified,Mid-level,,false,true,2025-08-30,Adzuna
Data Scientist,Data Scientist,Ecotricity Jobs,United Kingdom,Stroud,70000,83000,76500,false,range,USD,Unspecified,Mid-level,,false,false,2026-02-19,Adzuna
Data Scientist,Data Scientist,Lendable,United Kingdom,London,47000,47000,47000,true,point_estimate,USD,Unspecified,Mid-level,,false,false,2025-07-12,Adzuna
Data Scientist,Data Scientist,QS Quacquarelli Symonds,United Kingdom,Parliament Hill,95000,95000,95000,true,point_estimate,USD,Hybrid,Mid-level,,false,false,2026-02-19,Adzuna
Data Scientist,Data Scientist,Iberdrola,United Kingdom,Glasgow,78000,78000,78000,true,point_estimate,USD,Hybrid,Mid-level,,false,false,2026-02-21,Adzuna
Data Scientist,Data Scientist,Digital Waffle,United Kingdom,London,83000,108000,95500,false,range,USD,Unspecified,Senior,Python,false,false,2026-02-19,Adzuna
Data Scientist,Data Scientist,Searchability  Ltd,United Kingdom,Cheltenham,57000,95000,76000,false,range,USD,Onsite,Mid-level,"Python, AWS, Azure, NLP",false,false,2026-02-04,Adzuna
Data Scientist,Data Scientist,Concept Resourcing,United Kingdom,London,,198000,198000,true,point_estimate,USD,Hybrid,Mid-level,,false,false,2026-02-06,Adzuna
Data Scientist,Data Scientist,Spectrum IT,United Kingdom,London,76000,89000,82500,false,range,USD,Hybrid,Mid-level,AWS,false,false,2026-02-21,Adzuna
Data Scientist,Data Scientist,Costello Medical,United Kingdom,London,57000,57000,57000,true,point_estimate,USD,Unspecified,Senior,,false,false,2026-02-13,Adzuna
Data Scientist,Data Scientist,Costello Medical,United Kingdom,Manchester,57000,57000,57000,true,point_estimate,USD,Unspecified,Senior,,false,true,2026-02-13,Adzuna
Data Scientist,Data Scientist,Costello Medical,United Kingdom,Bristol,57000,57000,57000,true,point_estimate,USD,Unspecified,Senior,,false,true,2026-02-13,Adzuna
Data Scientist,Data Scientist,Costello Medical,United Kingdom,Cambridge,57000,57000,57000,true,point_estimate,USD,Unspecified,Senior,,false,true,2026-02-13,Adzuna
Data Scientist,Data Scientist,Liberty Global,United Kingdom,London,90000,90000,90000,true,point_estimate,USD,Unspecified,Mid-level,,false,false,2026-01-28,Adzuna
Data Scientist,Data Scientist,Coefficient,United Kingdom,London,48000,48000,48000,true,point_estimate,USD,Unspecified,Mid-level,,false,false,2025-12-12,Adzuna
Data Scientist,Data Scientist,Olive Jar Digital,United Kingdom,,69000,69000,69000,true,point_estimate,USD,Remote,Mid-level,R,false,false,2025-12-08,Adzuna
Data Scientist,Data Scientist,Uncapped,United Kingdom,London,96000,96000,96000,true,point_estimate,USD,Hybrid,Mid-level,,false,false,2026-01-28,Adzuna
Data Scientist,Data Scientist,Harmonic Security,United Kingdom,London,102000,165000,133500,false,range,USD,Unspecified,Mid-level,,false,false,2026-02-09,Adzuna
Data Scientist,Data Scientist,Ascend Consulting,United Kingdom,London,83000,102000,92500,false,range,USD,Remote,Lead,Python,false,false,2025-12-10,Adzuna
Data Scientist,Data Scientist,Devonshire Hayes Recruitment Specialists Ltd,United Kingdom,Newton Solney,71000,71000,71000,true,point_estimate,USD,Unspecified,Mid-level,"Python, R, SQL",false,false,2026-01-27,Adzuna
Data Scientist,Data Scientist,TXP,United Kingdom,London,,198000,198000,true,point_estimate,USD,Hybrid,Mid-level,,false,false,2026-02-06,Adzuna
Data Scientist,Data Scientist,Spectrum IT Recruitment,United Kingdom,London,76000,89000,82500,false,range,USD,Hybrid,Mid-level,AWS,false,false,2026-02-05,Adzuna
Data Scientist,Data Scientist,SoCode Limited,United Kingdom,Pampisford,165000,198000,181500,false,range,USD,Unspecified,Mid-level,R,false,false,2026-02-11,Adzuna
Data Scientist,Data Scientist,Randstad Technologies Recruitment,United Kingdom,London,158000,187000,172500,false,range,USD,Unspecified,Mid-level,NLP,false,false,2026-02-06,Adzuna
Data Scientist,Data Scientist,Anson Mccade,United Kingdom,London,76000,76000,76000,true,point_estimate,USD,Hybrid,Mid-level,,false,false,2026-01-17,Adzuna
Data Scientist,Data Scientist,Harnham - Data & Analytics Recruitment,United Kingdom,London,95000,108000,101500,false,range,USD,Unspecified,Mid-level,,false,false,2026-01-25,Adzuna
Data Scientist,Data Scientist,Ocho,United Kingdom,Belfast,76000,76000,76000,true,point_estimate,USD,Hybrid,Senior,,false,false,2026-01-27,Adzuna
Data Scientist,Data Scientist,Policy Expert,United Kingdom,London,80000,80000,80000,true,point_estimate,USD,Unspecified,Mid-level,,false,false,2026-02-17,Adzuna
Data Scientist,Data Scientist,Keystone Recruitment Partners Ltd,United Kingdom,Lambeth,95000,152000,123500,false,range,USD,Unspecified,Mid-level,"Python, R, SQL, Azure",false,false,2026-02-22,Adzuna
Data Scientist,Data Scientist,TEKEVER Ltd,United Kingdom,Bristol,65000,65000,65000,true,point_estimate,USD,Unspecified,Mid-level,,false,false,2026-01-29,Adzuna
Data Scientist,Data Scientist,DWP Digital,United Kingdom,Heeley,70000,70000,70000,true,point_estimate,USD,Unspecified,Mid-level,"Python, R, SQL",false,false,2026-02-22,Adzuna
data Scientist,Data Scientist,Lorien,United Kingdom,London,100000,100000,100000,true,point_estimate,USD,Hybrid,Mid-level,,false,false,2026-02-03,Adzuna
Data Scientist,Data Scientist,Matalan,United Kingdom,Knowsley Industrial Park,60000,110000,85000,false,range,USD,Unspecified,Mid-level,"Python, R, SQL, AWS, GCP, Azure",false,false,2026-02-22,Adzuna
Data Scientist,Data Scientist,Akkodis,United Kingdom,Tamworth,43000,48000,45500,false,range,USD,Unspecified,Management,,false,true,2026-02-13,Adzuna
Data Scientist,Data Scientist,Spectrum IT Recruitment,United Kingdom,Chilworth Science Park,81000,81000,81000,true,point_estimate,USD,Unspecified,Mid-level,"Python, R, SQL, AWS",false,false,2026-02-22,Adzuna
Data Scientist,Data Scientist,Bupa,United Kingdom,London,96000,96000,96000,true,point_estimate,USD,Hybrid,Mid-level,,false,false,2026-01-26,Adzuna
Data Scientist,Data Scientist,Provide,United Kingdom,Heathrow,90000,90000,90000,true,point_estimate,USD,Unspecified,Mid-level,,false,false,2026-02-19,Adzuna
Data Scientist,Data Scientist,THE AA,United Kingdom,,69000,69000,69000,true,point_estimate,USD,Hybrid,Mid-level,,false,false,2026-02-20,Adzuna
Data Scientist,Data Scientist,The AA,United Kingdom,Basingstoke,69000,69000,69000,true,point_estimate,USD,Hybrid,Mid-level,,false,false,2026-02-21,Adzuna
Data Scientist,Data Scientist,Lowe Rental Corporation,United Kingdom,Aghalee,87000,87000,87000,true,point_estimate,USD,Unspecified,Mid-level,,false,false,2026-01-12,Adzuna
Data Scientist,Data Scientist,Infoplus Technologies UK Ltd,United Kingdom,Hounslow,165000,182000,173500,false,range,USD,Unspecified,Mid-level,,false,false,2026-02-04,Adzuna
Data Scientist,Data Scientist,Ascend Consulting,United Kingdom,Clerkenwell,83000,102000,92500,false,range,USD,Unspecified,Mid-level,,false,false,2026-02-22,Adzuna
Data Scientist,Data Scientist,Devonshire Hayes Recruitment Specialists Ltd,United Kingdom,Warley,76000,89000,82500,false,range,USD,Unspecified,Mid-level,"Python, R, SQL",false,false,2026-02-22,Adzuna
Data Scientist,Data Scientist,Huron Consulting Services,United Kingdom,,89000,89000,89000,true,point_estimate,USD,Unspecified,Mid-level,,false,false,2025-12-25,Adzuna
Data Scientist,Data Scientist,Innovid,United Kingdom,Edinburgh,80000,80000,80000,true,point_estimate,USD,Unspecified,Mid-level,,false,false,2026-01-18,Adzuna
Data Scientist,Data Scientist,True North Group,United Kingdom,Newcastle Upon Tyne,53000,53000,53000,true,point_estimate,USD,Hybrid,Mid-level,,false,false,2026-02-19,Adzuna
Data Scientist,Data Scientist,Legend,United Kingdom,London,74000,74000,74000,true,point_estimate,USD,Unspecified,Mid-level,,false,false,2025-11-10,Adzuna
Data Scientist,Data Scientist,DWP Digital,United Kingdom,Blackpool,70000,70000,70000,true,point_estimate,USD,Hybrid,Mid-level,,false,true,2026-02-09,Adzuna
Data Scientist,Data Scientist,DWP Digital,United Kingdom,Birmingham,70000,70000,70000,true,point_estimate,USD,Hybrid,Mid-level,,false,true,2026-02-09,Adzuna
Data Scientist,Data Scientist,DWP Digital,United Kingdom,Manchester,70000,70000,70000,true,point_estimate,USD,Hybrid,Mid-level,,false,true,2026-02-09,Adzuna
Data Scientist,Data Scientist,DWP Digital,United Kingdom,Newcastle Upon Tyne,70000,70000,70000,true,point_estimate,USD,Hybrid,Mid-level,,false,true,2026-02-09,Adzuna
Data Scientist,Data Scientist,DWP Digital,United Kingdom,Leeds,70000,70000,70000,true,point_estimate,USD,Hybrid,Mid-level,,false,true,2026-02-09,Adzuna
Data Scientist,Data Scientist,DWP Digital,United Kingdom,Sheffield,70000,70000,70000,true,point_estimate,USD,Hybrid,Mid-level,,false,true,2026-02-09,Adzuna
Data Scientist,Data Scientist,Field Sales Solutions,United Kingdom,Moreton,96000,96000,96000,true,point_estimate,USD,Hybrid,Junior,,false,false,2026-02-06,Adzuna
Data Scientist,Data Scientist,M+C Saatchi Group,United Kingdom,Piccadilly,45000,45000,45000,true,point_estimate,USD,Unspecified,Mid-level,,false,false,2026-02-10,Adzuna
Data Scientist,Data Scientist,WPP Media,United Kingdom,London,44000,44000,44000,true,point_estimate,USD,Unspecified,Lead,,false,false,2026-02-12,Adzuna
Data Scientist,Data Scientist,BSI Group,United Kingdom,Cambridge,61000,61000,61000,true,point_estimate,USD,Hybrid,Mid-level,,false,false,2025-11-29,Adzuna
Data Scientist,Data Scientist,Halliburton,United Kingdom,Abingdon,71000,71000,71000,true,point_estimate,USD,Unspecified,Lead,,false,false,2026-01-06,Adzuna
Data Scientist,Data Scientist,Matalan,United Kingdom,Liverpool,58000,58000,58000,true,point_estimate,USD,Unspecified,Mid-level,,false,false,2026-02-20,Adzuna
Data Scientist,Data Scientist,Halliburton,United Kingdom,,70000,70000,70000,true,point_estimate,USD,Unspecified,Lead,,false,false,2025-12-03,Adzuna
Data Scientist,Data Scientist,Next,United Kingdom,Grove Park,64000,64000,64000,true,point_estimate,USD,Unspecified,Mid-level,,false,false,2026-02-18,Adzuna
Data Scientist,Data Scientist,Next Careers,United Kingdom,Leicester,61000,61000,61000,true,point_estimate,USD,Unspecified,Mid-level,,false,false,2026-02-20,Adzuna
Data Scientist,Data Scientist,Jacobs,United Kingdom,,65000,65000,65000,true,point_estimate,USD,Unspecified,Mid-level,,false,false,2026-01-18,Adzuna
Data Scientist,Data Scientist,Jacobs,United Kingdom,Glasgow,62000,62000,62000,true,point_estimate,USD,Unspecified,Mid-level,,false,true,2026-01-18,Adzuna
Data Scientist,Data Scientist,Huron Consulting Group,United Kingdom,Belfast,88000,88000,88000,true,point_estimate,USD,Unspecified,Mid-level,,false,false,2025-12-25,Adzuna
Data Scientist,Data Scientist,Akkodis,United Kingdom,Spitalfields,43000,48000,45500,false,range,USD,Unspecified,Mid-level,"Python, R, SQL",false,false,2026-02-22,Adzuna
Data Scientist,Data Scientist,TXP,United Kingdom,London,38000,76000,57000,false,range,USD,Unspecified,Mid-level,"Python, SQL, NLP",false,false,2026-02-22,Adzuna
Data Scientist,Data Scientist,SoCode Limited,United Kingdom,Chesterton,76000,91000,83500,false,range,USD,Unspecified,Mid-level,,false,false,2026-02-22,Adzuna
Data Scientist,Data Scientist,Hays,United Kingdom,Covent Garden,51000,51000,51000,true,point_estimate,USD,Unspecified,Mid-level,,false,false,2026-02-22,Adzuna
Data Scientist,Data Scientist,Almedia,United Kingdom,London,178000,279000,228500,false,range,USD,Unspecified,Mid-level,,false,false,2025-11-15,Adzuna
Data Scientist,Data Scientist,London Stock Exchange Group,United Kingdom,London,77000,77000,77000,true,point_estimate,USD,Unspecified,Mid-level,,false,false,2025-11-12,Adzuna
Data Scientist,Data Scientist,Leonardo,United Kingdom,,70000,70000,70000,true,point_estimate,USD,Unspecified,Lead,,false,false,2026-02-12,Adzuna
Data Scientist,Data Scientist,Horwich Farrelly,United Kingdom,Salford,71000,71000,71000,true,point_estimate,USD,Hybrid,Mid-level,,false,false,2026-01-20,Adzuna
Data Scientist,Data Scientist,UiPath,United Kingdom,Manchester,38000,38000,38000,true,point_estimate,USD,Unspecified,Mid-level,,false,false,2026-01-29,Adzuna
Data Science,Data Scientist,Axle Energy,United Kingdom,London,119000,119000,119000,true,point_estimate,USD,Unspecified,Mid-level,,false,false,2026-02-18,Adzuna
Data Scientist,Data Scientist,"InfinityQuest Ltd,",United Kingdom,Uxbridge,165000,165000,165000,true,point_estimate,USD,Unspecified,Mid-level,"NLP, Computer Vision",false,false,2026-01-20,Adzuna
Data Scientist,Data Scientist,Zone & Co,United Kingdom,,102000,102000,102000,true,point_estimate,USD,Unspecified,Mid-level,,false,false,2025-12-18,Adzuna
Data Scientist,Data Scientist,toob Ltd,United Kingdom,Cosham,38000,44000,41000,false,range,USD,Unspecified,Mid-level,"Python, SQL",false,false,2026-02-22,Adzuna
Data Scientist,Data Scientist,WeMove Europe,United Kingdom,,69000,69000,69000,true,point_estimate,USD,Remote,Mid-level,,false,false,2026-02-06,Adzuna
Data Scientist,Data Scientist,eMFusion Global,United Kingdom,Brighton,74000,74000,74000,true,point_estimate,USD,Unspecified,Mid-level,,false,false,2025-03-31,Adzuna
Data Scientist,Data Scientist,,United Kingdom,Bristol,74000,74000,74000,true,point_estimate,USD,Unspecified,Mid-level,,false,false,2026-02-11,Adzuna
Data Scientist,Data Scientist,Cactus Search,United Kingdom,Worcester,64000,70000,67000,false,range,USD,Unspecified,Lead,,false,false,2026-02-04,Adzuna
Data Scientist,Data Scientist,Wheely,United Kingdom,London,73000,73000,73000,true,point_estimate,USD,Unspecified,Senior,,false,false,2026-01-16,Adzuna
Data Scientist,Data Scientist,STATSports,United Kingdom,Lislea,61000,61000,61000,true,point_estimate,USD,Unspecified,Mid-level,,false,false,2026-01-19,Adzuna
Data Scientist,Data Scientist,cognizant,United Kingdom,,33000,33000,33000,true,point_estimate,USD,Unspecified,Mid-level,Python,false,false,2025-05-22,Adzuna
Data Scientist,Data Scientist,Wave,United Kingdom,London,76000,76000,76000,true,point_estimate,USD,Unspecified,Mid-level,,false,false,2026-02-20,Adzuna
Data Scientist,Data Scientist,IBM,United Kingdom,Manchester,82000,82000,82000,true,point_estimate,USD,Hybrid,Mid-level,,false,false,2026-01-09,Adzuna
Data Scientist,Data Scientist,IBM,United Kingdom,Leicester,85000,85000,85000,true,point_estimate,USD,Hybrid,Mid-level,,false,true,2026-01-09,Adzuna
Data Scientist,Data Scientist,Datasource,United Kingdom,London,182000,196000,189000,false,range,USD,Unspecified,Mid-level,"Python, Computer Vision",false,false,2026-02-12,Adzuna
Data Scientist,Data Scientist,Randstad Technologies,United Kingdom,London,158000,187000,172500,false,range,USD,Unspecified,Mid-level,NLP,false,false,2026-02-20,Adzuna
Data Scientist,Data Scientist,Citigroup,United Kingdom,Belfast,81000,81000,81000,true,point_estimate,USD,Unspecified,Senior,,false,false,2026-02-21,Adzuna
Data Scientist,Data Scientist,RedCloud,United Kingdom,Barbican,73000,73000,73000,true,point_estimate,USD,Unspecified,Mid-level,,false,false,2025-09-23,Adzuna
Data Scientist,Data Scientist,Just Eat,United Kingdom,,84000,84000,84000,true,point_estimate,USD,Unspecified,Mid-level,,false,false,2026-02-11,Adzuna
Data Scientist,Data Scientist,Viridien,United Kingdom,Conwy,60000,60000,60000,true,point_estimate,USD,Unspecified,Mid-level,,false,false,2025-12-13,Adzuna
Data Scientist,Data Scientist,Cactus Search,United Kingdom,St. Johns,64000,70000,67000,false,range,USD,Unspecified,Mid-level,"Python, SQL",false,false,2026-02-22,Adzuna
Data Scientist,Data Scientist,Goodstuff,United Kingdom,South Bank,58000,58000,58000,true,point_estimate,USD,Unspecified,Mid-level,,false,false,2026-02-17,Adzuna
Data Scientist,Data Scientist,Stats Perform,United Kingdom,London,98000,98000,98000,true,point_estimate,USD,Unspecified,Mid-level,,false,false,2025-12-20,Adzuna
Data Scientist,Data Scientist,Infosys,United Kingdom,,58000,58000,58000,true,point_estimate,USD,Unspecified,Mid-level,,false,false,2025-05-22,Adzuna
Data Scientist,Data Scientist,Department for Work and Pensions,United Kingdom,Birmingham,62000,62000,62000,true,point_estimate,USD,Unspecified,Mid-level,,false,false,2026-02-09,Adzuna
Data Scientist,Data Scientist,London Borough of Sutton,United Kingdom,Kingston Upon Thames,65000,65000,65000,true,point_estimate,USD,Hybrid,Mid-level,,false,false,2026-01-31,Adzuna
Data Science,Data Scientist,wipro,United Kingdom,,55000,55000,55000,true,point_estimate,USD,Unspecified,Mid-level,,false,false,2025-05-22,Adzuna
Data Scientist,Data Scientist,Paysafe Group,United Kingdom,,71000,71000,71000,true,point_estimate,USD,Unspecified,Mid-level,,false,false,2025-12-19,Adzuna
Data Scientist,Data Scientist,Sagacity,United Kingdom,London,83000,83000,83000,true,point_estimate,USD,Unspecified,Mid-level,,false,false,2026-02-07,Adzuna
Data Scientist,Data Scientist,Lantern Ltd,United Kingdom,Bishopsgate,123000,123000,123000,true,point_estimate,USD,Unspecified,Mid-level,,false,false,2026-02-19,Adzuna
Data Science,Data Scientist,cognizant,United Kingdom,,49000,49000,49000,true,point_estimate,USD,Unspecified,Lead,,false,false,2025-05-22,Adzuna
Data Scientist,Data Scientist,Ameriprise,United Kingdom,London,115000,115000,115000,true,point_estimate,USD,Unspecified,Mid-level,,false,false,2026-02-13,Adzuna
Data Scientist,Data Scientist,Oleeo,United Kingdom,,45000,45000,45000,true,point_estimate,USD,Unspecified,Mid-level,,false,false,2025-10-09,Adzuna
Data Scientist - London Stock Exchange Group,Data Scientist,London Stock Exchange Group,United Kingdom,London,73000,73000,73000,true,point_estimate,USD,Unspecified,Mid-level,,false,false,2026-02-16,Adzuna
Head of Data Science,Data Scientist,Data Idols,United Kingdom,London,178000,203000,190500,false,range,USD,Hybrid,Lead,,false,false,2026-02-18,Adzuna
Lead Data Scientist,Data Scientist,Hays Technology,United Kingdom,County Antrim,72000,72000,72000,true,point_estimate,USD,Unspecified,Lead,,false,false,2026-02-09,Adzuna
Junior Data scientist,Data Scientist,Hyre AI Limited,United Kingdom,London,44000,64000,54000,false,range,USD,Hybrid,Junior,,false,false,2026-02-18,Adzuna
Data Scientist - Hedge Fund (New-Launch),Data Scientist,Radley James,United Kingdom,London,103000,103000,103000,true,point_estimate,USD,Unspecified,Mid-level,,false,false,2025-12-22,Adzuna
Data Scientist - Hedge Fund (New-Launch),Data Scientist,Radley James,United Kingdom,London,104000,104000,104000,true,point_estimate,USD,Unspecified,Mid-level,,false,true,2025-12-22,Adzuna
Senior / Lead Data Scientist - Dubai based,Data Scientist,oryxsearch.io,United Kingdom,London,98000,98000,98000,true,point_estimate,USD,Unspecified,Senior,,false,false,2026-02-19,Adzuna
Senior / Lead Data Scientist - Dubai based,Data Scientist,oryxsearch.io,United Kingdom,London,99000,99000,99000,true,point_estimate,USD,Unspecified,Senior,,false,true,2026-02-19,Adzuna
Data Scientist – Credit Risk & AI Innovation,Data Scientist,Infact,United Kingdom,London,82000,82000,82000,true,point_estimate,USD,Unspecified,Lead,AWS,false,false,2026-01-03,Adzuna
Data Scientist - Commodities - Quant Hedge Fund,Data Scientist,Paragon Alpha - Hedge Fund Talent Business,United Kingdom,London,72000,72000,72000,true,point_estimate,USD,Unspecified,Management,"Python, AWS",false,false,2026-02-02,Adzuna
Data Scientist - Commodities - Quant Hedge Fund,Data Scientist,Paragon Alpha - Hedge Fund Talent Business,United Kingdom,London,72000,72000,72000,true,point_estimate,USD,Unspecified,Management,"Python, AWS",false,true,2026-02-02,Adzuna
Senior Data Scientist- Innovative AI Start-Up,Data Scientist,Oxford Knight,United Kingdom,London,64000,64000,64000,true,point_estimate,USD,Unspecified,Senior,,false,false,2026-02-16,Adzuna
Senior Data Scientist - London Stock Exchange Group,Data Scientist,London Stock Exchange Group,United Kingdom,London,56000,56000,56000,true,point_estimate,USD,Unspecified,Senior,,false,false,2026-02-16,Adzuna
Data Scientist/Senior Data Scientist – Generative AI,Data Scientist,C3 Ai,United Kingdom,London,62000,62000,62000,true,point_estimate,USD,Unspecified,Senior,,false,false,2025-08-25,Adzuna
Head of Data Science,Data Scientist,iwoca,United Kingdom,London,152000,216000,184000,false,range,USD,Hybrid,Lead,,false,false,2025-12-20,Adzuna
Senior Data Scientist,Data Scientist,JPMorganChase,United Kingdom,London,83000,83000,83000,true,point_estimate,USD,Unspecified,Senior,,false,false,2026-02-10,Adzuna
Senior Data Scientist,Data Scientist,Capco,United Kingdom,London,100000,100000,100000,true,point_estimate,USD,Hybrid,Senior,,false,false,2026-01-22,Adzuna
Data Scientist Lead,Data Scientist,JPMorganChase,United Kingdom,London,92000,92000,92000,true,point_estimate,USD,Unspecified,Lead,,false,false,2026-02-10,Adzuna
Senior Data Scientist,Data Scientist,Faculty AI,United Kingdom,,73000,73000,73000,true,point_estimate,USD,Unspecified,Senior,,false,false,2025-04-02,Adzuna
Senior Data Scientist,Data Scientist,Faculty AI,United Kingdom,London,76000,76000,76000,true,point_estimate,USD,Unspecified,Senior,,false,true,2025-07-31,Adzuna
Data Science Manager,Data Scientist,Lloyds Bank,United Kingdom,London,114000,127000,120500,false,range,USD,Hybrid,Management,,false,false,2026-02-15,Adzuna
Data Science Manager,Data Scientist,Micro IT Global,United Kingdom,Brighton,87000,87000,87000,true,point_estimate,USD,Unspecified,Senior,,false,false,2025-11-14,Adzuna
Data Science Manager,Data Scientist,Capco,United Kingdom,London,89000,89000,89000,true,point_estimate,USD,Hybrid,Lead,,false,false,2026-01-29,Adzuna
Senior LLM Engineer,NLP / LLM Engineering,Adria Solutions,United Kingdom,Winnington,89000,89000,89000,true,point_estimate,USD,Unspecified,Senior,"Python, RAG",false,false,2026-02-22,Adzuna
LLM Software Engineer,NLP / LLM Engineering,microTECH Global LTD,United Kingdom,Cambridge,114000,114000,114000,true,point_estimate,USD,Onsite,Mid-level,,false,false,2026-02-16,Adzuna
LLM Engineer / AI Engineer – Cheshire,NLP / LLM Engineering,Adria Solutions Ltd,United Kingdom,Northwich,51000,76000,63500,false,range,USD,Unspecified,Mid-level,,false,false,2026-01-30,Adzuna
Senior LLM Engineer / AI Engineer – Cheshire,NLP / LLM Engineering,Adria Solutions Ltd,United Kingdom,Cheshire,64000,89000,76500,false,range,USD,Unspecified,Senior,,false,false,2026-01-30,Adzuna
LLM Ops Engineer,MLOps / ML Infrastructure,London Stock Exchange Group,United Kingdom,,93000,93000,93000,true,point_estimate,USD,Unspecified,Mid-level,,false,false,2026-01-14,Adzuna
LLM Ops Engineer - London Stock Exchange Group,MLOps / ML Infrastructure,London Stock Exchange Group,United Kingdom,Nottingham,92000,92000,92000,true,point_estimate,USD,Unspecified,Mid-level,,false,false,2026-02-16,Adzuna
LLM Engineer | Pharma R&D | Central London | £70-80k,NLP / LLM Engineering,Avanti Recruitment,United Kingdom,St Paul's,64000,102000,83000,false,range,USD,Unspecified,Mid-level,"R, OpenAI",false,false,2026-02-02,Adzuna
LLM Engineer | Pharma R&D | Central London | £70-80k,NLP / LLM Engineering,Avanti,United Kingdom,London,64000,102000,83000,false,range,USD,Unspecified,Mid-level,"R, OpenAI",false,false,2026-02-02,Adzuna
Applied AIML Engineer-LLM and Agentic,NLP / LLM Engineering,JPMorganChase,United Kingdom,Glasgow City Centre,75000,75000,75000,true,point_estimate,USD,Unspecified,Mid-level,,false,false,2026-02-04,Adzuna
Research Engineer (LLM Training and Performance),AI / ML Research,JetBrains,United Kingdom,London,130000,130000,130000,true,point_estimate,USD,Unspecified,Mid-level,,false,false,2025-11-19,Adzuna
"Senior ML Engineer (LLM, Agentic AI)",NLP / LLM Engineering,Nisos,United Kingdom,,118000,118000,118000,true,point_estimate,USD,Unspecified,Senior,,false,false,2025-11-23,Adzuna
Machine Learning Research Engineer - NLP / LLM,AI / ML Research,RedTech Recruitment Ltd.,United Kingdom,Cambridge,122000,122000,122000,true,point_estimate,USD,Unspecified,Mid-level,NLP,false,false,2025-12-13,Adzuna
Senior AI Security Engineer (GenAI & LLM),NLP / LLM Engineering,CBSbutler Holdings Limited trading as CBSbutler,United Kingdom,Earlswood,84000,91000,87500,false,range,USD,Unspecified,Senior,"Python, PyTorch, Scikit-learn, LangChain, AWS, Azure",false,false,2026-02-22,Adzuna
Senior Full-Stack AI Engineer — Frontend & LLM-Enabled UX (Level 3),NLP / LLM Engineering,Allegis Global Solutions,United Kingdom,London,111000,111000,111000,true,point_estimate,USD,Unspecified,Senior,R,false,false,2026-01-28,Adzuna
Senior AI Security Engineer (GenAI & LLM Protection),NLP / LLM Engineering,CBSbutler Holdings Limited trading as CBSbutler,United Kingdom,Knutsford,182000,198000,190000,false,range,USD,Remote,Senior,,false,false,2026-02-16,Adzuna
"LLM, RAG & Agentic Consulting Engineer - Insurance Sector",NLP / LLM Engineering,Staffworx Limited,United Kingdom,London,102000,102000,102000,true,point_estimate,USD,Remote,Senior,RAG,false,false,2026-01-22,Adzuna
"Machine Learning Engineering Manager, LLM Serving & Infrastructure",NLP / LLM Engineering,Spotify,United Kingdom,,85000,85000,85000,true,point_estimate,USD,Unspecified,Management,,false,true,2026-02-21,Adzuna
"Lead Software Engineer - Java, AWS, LLM, ML",NLP / LLM Engineering,JPMorganChase,United Kingdom,Glasgow City Centre,117000,117000,117000,true,point_estimate,USD,Unspecified,Lead,AWS,false,false,2026-02-13,Adzuna
AI Engineer Machine Learning LLM - Polish Speaking,NLP / LLM Engineering,Client Server,United Kingdom,Newcastle Upon Tyne,108000,108000,108000,true,point_estimate,USD,Onsite,Mid-level,Python,false,true,2026-02-18,Adzuna
Research Engineer Intern (Video/Multimodal LLM),AI / ML Research,Tether Operations Limited,United Kingdom,,62000,62000,62000,true,point_estimate,USD,Unspecified,Mid-level,,true,false,2026-01-27,Adzuna
Artificial intelligence (AI) contract roles,Other / Unclassified,Deloitte - Recruitment,United Kingdom,London,104000,104000,104000,true,point_estimate,USD,Hybrid,Mid-level,,false,false,2026-02-13,Adzuna
AI/ML Tech Lead,AI Engineer,DGC Search,United Kingdom,Eastern England,92000,92000,92000,true,point_estimate,USD,Remote,Lead,,false,false,2026-02-17,Adzuna
Prompt Engineer,NLP / LLM Engineering,CODEVERSE LIMITED,United Kingdom,London,64000,64000,64000,true,point_estimate,USD,Onsite,Mid-level,,false,false,2026-02-19,Adzuna
AI Prompt Engineer,NLP / LLM Engineering,Staffworx,United Kingdom,London,102000,102000,102000,true,point_estimate,USD,Unspecified,Mid-level,,false,false,2026-02-16,Adzuna
Principle AI / ML Engineer,Machine Learning Engineer,Prolo,United Kingdom,London,111000,111000,111000,true,point_estimate,USD,Hybrid,Lead,,false,false,2026-02-16,Adzuna
Principle AI / ML Engineer,Machine Learning Engineer,Prolo,United Kingdom,London,110000,110000,110000,true,point_estimate,USD,Hybrid,Lead,,false,true,2026-02-16,Adzuna
AI Engineer - London - FinTech SaaS Product,AI Engineer,Transparency Technology,United Kingdom,London,114000,165000,139500,false,range,USD,Hybrid,Senior,,false,false,2026-02-10,Adzuna
"MLOps Engineer (Madrid, Spain)",MLOps / ML Infrastructure,RemoteStar,United Kingdom,Cambourne,96000,96000,96000,true,point_estimate,USD,Hybrid,Mid-level,,false,false,2025-09-26,Adzuna
Senior MLOps Engineer,MLOps / ML Infrastructure,RELX INC,United Kingdom,London,113000,113000,113000,true,point_estimate,USD,Unspecified,Senior,RAG,false,false,2026-01-16,Adzuna
Lead Engineer- Financial Services,Other / Unclassified,Anson Mccade,United Kingdom,London,114000,114000,114000,true,point_estimate,USD,Unspecified,Lead,,false,false,2026-02-13,Adzuna
Lead Engineer- Financial Services,Other / Unclassified,Anson McCade,United Kingdom,Knutsford,114000,114000,114000,true,point_estimate,USD,Unspecified,Lead,,false,true,2026-02-12,Adzuna
Product Manager - Opik,AI Product & Program,Comet,United Kingdom,London,85000,85000,85000,true,point_estimate,USD,Unspecified,Management,,false,false,2025-10-22,Adzuna
Head of Engineering,Other / Unclassified,Kraken Technologies,United Kingdom,London,97000,97000,97000,true,point_estimate,USD,Unspecified,Management,,false,false,2026-02-04,Adzuna
Artificial Intelligence Engineer - Fitness & Health,AI Engineer,Harnham,United Kingdom,London,70000,70000,70000,true,point_estimate,USD,Unspecified,Mid-level,RAG,false,false,2026-01-24,Adzuna
Artificial Intelligence Engineer - Fitness & Health,AI Engineer,Harnham,United Kingdom,London,70000,70000,70000,true,point_estimate,USD,Unspecified,Mid-level,RAG,false,true,2026-01-24,Adzuna
"Senior Software Engineer - Build AI Tools (Python, GoLang) - Citi",AI Engineer,Citi,United Kingdom,,76000,76000,76000,true,point_estimate,USD,Unspecified,Senior,Python,false,false,2026-02-16,Adzuna
Senior Product Engineer,Other / Unclassified,Dragonfly,United Kingdom,London,73000,73000,73000,true,point_estimate,USD,Unspecified,Senior,,false,false,2026-01-26,Adzuna
Artificial Intelligence Senior Analyst- Insights and Intelligence,Data Analyst / BI,accenture,United Kingdom,,69000,69000,69000,true,point_estimate,USD,Unspecified,Senior,,false,false,2025-05-22,Adzuna
Senior AIML Engineer,Other / Unclassified,LEUTE PASSEN INDIA PRIVATE LIMITED,United Kingdom,London,89000,127000,108000,false,range,USD,Hybrid,Senior,"RAG, Fine-tuning",false,false,2026-01-28,Adzuna
AIML Engineer,Other / Unclassified,LEUTE PASSEN INDIA PRIVATE LIMITED,United Kingdom,London,89000,165000,127000,false,range,USD,Hybrid,Mid-level,"RAG, Fine-tuning",false,false,2026-02-12,Adzuna
Full-Stack Engineer (Data),AI Software Engineer,Spectrum.Life,United Kingdom,,99000,99000,99000,true,point_estimate,USD,Unspecified,Mid-level,,false,false,2025-09-25,Adzuna
Software Developer,AI Software Engineer,Experis,United Kingdom,London,125000,126000,125500,false,range,USD,Remote,Mid-level,,false,false,2026-02-11,Adzuna
Principal Engineer,Other / Unclassified,Rivulo,United Kingdom,London,127000,127000,127000,true,point_estimate,USD,Unspecified,Lead,,false,false,2026-01-26,Adzuna
Contract Machine Learning Engineer GCP 6-Months £600,Machine Learning Engineer,Method Resourcing,United Kingdom,London,165000,198000,181500,false,range,USD,Unspecified,Mid-level,GCP,false,false,2026-02-17,Adzuna
"Associate, AI Engineer",AI Engineer,Pantheon,United Kingdom,London,112000,112000,112000,true,point_estimate,USD,Unspecified,Junior,,false,false,2026-02-08,Adzuna
Data & AI Automation Lead,Other / Unclassified,Tria Recruitment,United Kingdom,London,87000,87000,87000,true,point_estimate,USD,Hybrid,Lead,,false,false,2026-02-16,Adzuna
Senior MLE - Blockchain AI,Other / Unclassified,Harnham,United Kingdom,,71000,71000,71000,true,point_estimate,USD,Unspecified,Senior,,false,false,2026-01-09,Adzuna
Java Developer - AI/Modernisation Project,AI Software Engineer,Harvey Nash,United Kingdom,London,165000,190000,177500,false,range,USD,Remote,Senior,,false,false,2026-02-12,Adzuna
Lead AI Engineer (GenAI) - £90-110k flexible - (ID45598),AI Engineer,Humand Talent,United Kingdom,,146000,146000,146000,true,point_estimate,USD,Hybrid,Senior,,false,false,2026-02-20,Adzuna
"AI Engineer - 70% IC, 30% Leadership - £90-110k flexible - (ID45598)",AI Engineer,Humand Talent,United Kingdom,Oxfordshire,155000,155000,155000,true,point_estimate,USD,Hybrid,Senior,,false,false,2026-02-19,Adzuna
Lead Software Engineer (GenAI) - £90-110k flexible - (ID45598),AI Engineer,Humand Talent,United Kingdom,Oxford,143000,143000,143000,true,point_estimate,USD,Hybrid,Senior,,false,false,2026-02-19,Adzuna
Lead Engineer- Financial Services,Other / Unclassified,Anson Mccade,United Kingdom,London,114000,114000,114000,true,point_estimate,USD,Unspecified,Lead,,false,true,2026-02-12,Adzuna
Contract AI Software Engineer - SC Cleared,AI Engineer,Searchability  Ltd,United Kingdom,London,165000,231000,198000,false,range,USD,Hybrid,Mid-level,,false,false,2026-02-21,Adzuna
Graduate AI Engineer (2026 start) (Will Accept GIR),AI Engineer,Cambridge Consultants,United Kingdom,Cambridge,82000,82000,82000,true,point_estimate,USD,Unspecified,Mid-level,,false,false,2026-01-16,Adzuna
"Senior AI Engineer (Full Stack Python, AI, LLMs, LangChain)",AI Engineer,Transparency Technology,United Kingdom,London,102000,178000,140000,false,range,USD,Hybrid,Senior,"Python, LangChain, OpenAI",false,false,2026-02-12,Adzuna
Back End Developer,AI Software Engineer,Experis,United Kingdom,Fleet Street,102000,114000,108000,false,range,USD,Unspecified,Mid-level,RAG,false,false,2026-02-22,Adzuna
Senior Data Scientist,Data Scientist,London Stock Exchange Group,United Kingdom,London,72000,72000,72000,true,point_estimate,USD,Unspecified,Senior,,false,false,2026-02-03,Adzuna
Senior Full Stack Engineer - Node.js / React - Fully Remote,AI Software Engineer,Searchability  Ltd,United Kingdom,Leeds,89000,114000,101500,false,range,USD,Remote,Senior,,false,false,2026-02-05,Adzuna
AI Internship \u2013 12 months,Other / Unclassified,Cambridge Consultants,United Kingdom,Cambridge,78000,78000,78000,true,point_estimate,USD,Unspecified,Mid-level,,true,false,2026-01-12,Adzuna
Graduate AI Engineer (2026 start),AI Engineer,Cambridge Consultants,United Kingdom,,81000,81000,81000,true,point_estimate,USD,Unspecified,Mid-level,,false,false,2025-12-02,Adzuna
AI Internship - 12 months,Other / Unclassified,Cambridge Consultants,United Kingdom,,72000,72000,72000,true,point_estimate,USD,Unspecified,Mid-level,,true,false,2025-12-02,Adzuna
Lead Software Engineer - Cloud AI/ML,AI Engineer,JPMorganChase,United Kingdom,Bournemouth,82000,82000,82000,true,point_estimate,USD,Unspecified,Lead,,false,false,2025-10-29,Adzuna
Information Scientist - Biomedical Data & AI,Other / Unclassified,VRS-UK,United Kingdom,Chalvey,57000,83000,70000,false,range,USD,Unspecified,Mid-level,"R, NLP",false,false,2026-01-28,Adzuna
AI Security Engineer- security engineering/ cloud security,AI Engineer,Huxley Associates,United Kingdom,London,114000,114000,114000,true,point_estimate,USD,Unspecified,Mid-level,,false,false,2026-01-13,Adzuna
AI Enablement Specialist,Other / Unclassified,Rentokil Initial Group,United Kingdom,Crawley,51000,70000,60500,false,range,USD,Unspecified,Mid-level,,false,false,2026-02-06,Adzuna
AI Tech Lead,Other / Unclassified,Global Media Group,United Kingdom,London,94000,94000,94000,true,point_estimate,USD,Unspecified,Lead,,false,false,2025-12-19,Adzuna
Data Scientist – Insurance,Data Scientist,The AA,United Kingdom,London,83000,83000,83000,true,point_estimate,USD,Unspecified,Mid-level,,false,false,2026-02-21,Adzuna
Senior/Lead Data Scientist,Data Scientist,Mention Me,United Kingdom,London,128000,128000,128000,true,point_estimate,USD,Unspecified,Senior,,false,false,2026-01-06,Adzuna
Senior Software Engineer,AI Software Engineer,Hyre AI Limited,United Kingdom,London,83000,95000,89000,false,range,USD,Hybrid,Senior,AWS,false,false,2026-02-12,Adzuna
Senior Python AI Developer,AI Engineer,ClearRoute,United Kingdom,Fleet Street,96000,96000,96000,true,point_estimate,USD,Unspecified,Senior,Python,false,false,2025-11-04,Adzuna
Senior Data Engineer,Data Engineer,Resident Advisor,United Kingdom,London,77000,77000,77000,true,point_estimate,USD,Unspecified,Senior,,false,false,2026-02-21,Adzuna
Applied Analytics Engineer - UK,Data Engineer,Quid,United Kingdom,London,82000,82000,82000,true,point_estimate,USD,Remote,Lead,,false,false,2026-01-13,Adzuna
Software Engineer,AI Software Engineer,Fanvue,United Kingdom,London,89000,89000,89000,true,point_estimate,USD,Unspecified,Mid-level,,false,false,2026-02-21,Adzuna
Lead Software Engineer (MongoDB / Node.js / JavaScript),AI Software Engineer,Adria Solutions Ltd,United Kingdom,Rusholme,64000,95000,79500,false,range,USD,Unspecified,Lead,,false,false,2026-02-16,Adzuna
Senior Full Stack Engineer - Node.js / React - Fully Remote,AI Software Engineer,Searchability,United Kingdom,Leeds,89000,114000,101500,false,range,USD,Remote,Senior,,false,false,2026-02-05,Adzuna
Lead Software Engineer (MongoDB / Node.js / JavaScript),AI Software Engineer,Adria Solutions,United Kingdom,Manchester,95000,95000,95000,true,point_estimate,USD,Unspecified,Lead,,false,false,2026-02-16,Adzuna
Software Engineer - Wexler,AI Software Engineer,Pear VC,United Kingdom,London,89000,127000,108000,false,range,USD,Unspecified,Mid-level,,false,false,2026-01-09,Adzuna
Principal Data Scientist I - Agentic Systems,Data Scientist,RELX,United Kingdom,London,64000,64000,64000,true,point_estimate,USD,Unspecified,Lead,,false,false,2025-12-04,Adzuna
Senior AI/ML Engineer (Remote),Machine Learning Engineer,vidIQ,United Kingdom,,127000,229000,178000,false,range,USD,Remote,Senior,,false,false,2026-02-06,Adzuna
Artificial Intelligence Engineer,AI Engineer,Zeus® | AI-Powered Logistics,United Kingdom,London,71000,71000,71000,true,point_estimate,USD,Unspecified,Mid-level,,false,false,2026-02-05,Adzuna
Artificial Intelligence Engineer,AI Engineer,Zeus® | AI-Powered Logistics,United Kingdom,London,72000,72000,72000,true,point_estimate,USD,Unspecified,Mid-level,,false,true,2026-02-05,Adzuna
Data Science & AI Graduate Scheme (Leeds),Data Scientist,Lloyds Bank,United Kingdom,,61000,61000,61000,true,point_estimate,USD,Unspecified,Mid-level,,false,false,2025-09-30,Adzuna
Data Science & AI Graduate Scheme (Halifax),Data Scientist,Lloyds Bank,United Kingdom,,62000,62000,62000,true,point_estimate,USD,Unspecified,Mid-level,,false,false,2025-09-30,Adzuna
Technical Lead - TypeScript / Node.js,AI Software Engineer,Adria Solutions Ltd,United Kingdom,London,76000,102000,89000,false,range,USD,Unspecified,Lead,,false,false,2026-02-17,Adzuna
Technical Lead - TypeScript / Node.js,AI Software Engineer,Adria Solutions,United Kingdom,Manchester,102000,102000,102000,true,point_estimate,USD,Unspecified,Lead,,false,false,2026-02-17,Adzuna
GenAI Technical Lead,AI Engineer,Anaplan,United Kingdom,London,107000,107000,107000,true,point_estimate,USD,Unspecified,Lead,,false,false,2025-12-19,Adzuna
Principal AI Solutions Architect,AI Consulting / Solutions,Anaplan,United Kingdom,London,118000,118000,118000,true,point_estimate,USD,Unspecified,Lead,,false,false,2025-11-27,Adzuna
Principal Data Scientist I - Agentic Systems,Data Scientist,RELX INC,United Kingdom,London,50000,50000,50000,true,point_estimate,USD,Unspecified,Lead,,false,false,2025-09-21,Adzuna
Advanced Data Scientist,Data Scientist,Honeywell,United Kingdom,,99000,99000,99000,true,point_estimate,USD,Unspecified,Mid-level,,false,false,2025-05-22,Adzuna
Prompt Engineer,NLP / LLM Engineering,Stackstudio Digital Ltd.,United Kingdom,London,165000,182000,173500,false,range,USD,Hybrid,Mid-level,Azure,false,false,2026-01-23,Adzuna
Full Stack Engineer,AI Software Engineer,Comet,United Kingdom,London,88000,88000,88000,true,point_estimate,USD,Unspecified,Mid-level,,false,false,2026-02-07,Adzuna
Product Engineer,Other / Unclassified,Comet,United Kingdom,London,85000,85000,85000,true,point_estimate,USD,Unspecified,Mid-level,,false,false,2026-02-07,Adzuna
Drug Commercialization Data & AI Consultant,AI Consulting / Solutions,Clarivate,United Kingdom,,54000,54000,54000,true,point_estimate,USD,Hybrid,Mid-level,,false,false,2026-02-07,Adzuna
Life Sciences R&D Data & AI Consultant,AI Consulting / Solutions,Clarivate,United Kingdom,,62000,62000,62000,true,point_estimate,USD,Hybrid,Mid-level,R,false,false,2026-02-07,Adzuna
Life Sciences R&D Data & AI Consultant,AI Consulting / Solutions,Clarivate,United Kingdom,Liverpool Street,72000,72000,72000,true,point_estimate,USD,Hybrid,Mid-level,R,false,true,2026-02-12,Adzuna
Technical Lead - TypeScript / Node.js,AI Software Engineer,Adria Solutions Ltd,United Kingdom,Rusholme,76000,102000,89000,false,range,USD,Unspecified,Lead,,false,true,2026-02-17,Adzuna
Senior Ai Engineer,AI Engineer,Harnham - Data & Analytics Recruitment,United Kingdom,London,165000,264000,214500,false,range,USD,Onsite,Senior,,false,false,2026-02-11,Adzuna
Product Engineer - (Hybrid),Other / Unclassified,Allstate,United Kingdom,,74000,74000,74000,true,point_estimate,USD,Hybrid,Mid-level,,false,false,2026-02-07,Adzuna
AI Graph Engineer,AI Engineer,NES Fircroft,United Kingdom,Milton,72000,72000,72000,true,point_estimate,USD,Remote,Senior,,false,false,2025-12-15,Adzuna
AI Engineer (LLMs for Healthcare),AI Engineer,Keebler Health,United Kingdom,,128000,128000,128000,true,point_estimate,USD,Unspecified,Senior,Fine-tuning,false,false,2026-01-10,Adzuna
Client Solutions Lead (SaaS),Other / Unclassified,Jiminny,United Kingdom,,79000,79000,79000,true,point_estimate,USD,Remote,Lead,,false,false,2026-02-03,Adzuna
AI Residency Program,Other / Unclassified,Orbital,United Kingdom,Lea Bridge,82000,82000,82000,true,point_estimate,USD,Unspecified,Mid-level,,false,false,2026-02-11,Adzuna
"Software Engineer, Analytics",Data Analyst / BI,Roku,United Kingdom,,68000,68000,68000,true,point_estimate,USD,Unspecified,Mid-level,,false,false,2025-11-22,Adzuna
Agent Specialist Lead - Vice President - GenAI Enablement,AI Engineer,JPMorganChase,United Kingdom,London,126000,126000,126000,true,point_estimate,USD,Unspecified,Lead,,false,false,2025-10-21,Adzuna
"Full-Stack Senior Software Engineer, GenAI Data Products and Platform (VP) - Citi",AI Engineer,Citi,United Kingdom,London,87000,87000,87000,true,point_estimate,USD,Unspecified,Senior,,false,false,2026-02-19,Adzuna
Data Scientist - Insurance,Data Scientist,THE AA,United Kingdom,,80000,80000,80000,true,point_estimate,USD,Unspecified,Mid-level,,false,false,2026-02-20,Adzuna
Senior Software Engineer - AI Team,AI Engineer,Bright,United Kingdom,Longbridge,93000,93000,93000,true,point_estimate,USD,Unspecified,Senior,,false,false,2025-11-02,Adzuna
BDR Team Lead,Other / Unclassified,Gravitee,United Kingdom,Angel,54000,54000,54000,true,point_estimate,USD,Unspecified,Lead,,false,false,2026-01-28,Adzuna
Director of Data Engineering and ML Platform,MLOps / ML Infrastructure,Preply,United Kingdom,London,131000,131000,131000,true,point_estimate,USD,Unspecified,Management,,false,false,2026-02-18,Adzuna
Delivery Manager - London Stock Exchange Group,AI Product & Program,London Stock Exchange Group,United Kingdom,Nottingham,62000,62000,62000,true,point_estimate,USD,Unspecified,Management,,false,false,2026-02-16,Adzuna
Technology Consultant - Microsoft Automation & Agentic AI,AI Engineer,Cognizant,United Kingdom,London,87000,87000,87000,true,point_estimate,USD,Unspecified,Lead,Azure,false,false,2025-12-30,Adzuna
Senior Data Scientist (Agentic AI),Data Scientist,Swap,United Kingdom,London,66000,66000,66000,true,point_estimate,USD,Hybrid,Senior,,false,false,2026-01-23,Adzuna
Senior Fullstack Engineer – AI-Native Ways of Working,AI Engineer,OakNorth,United Kingdom,London,95000,95000,95000,true,point_estimate,USD,Unspecified,Senior,,false,false,2026-01-28,Adzuna
Senior Java Engineer - AI Enablement,AI Engineer,IG Group,United Kingdom,London,74000,74000,74000,true,point_estimate,USD,Unspecified,Senior,,false,false,2026-01-31,Adzuna
Senior Solution Engineer,AI Consulting / Solutions,Gateley,United Kingdom,Deritend,70000,70000,70000,true,point_estimate,USD,Unspecified,Senior,"Python, Azure",false,false,2026-02-21,Adzuna
"Product Manager, Specialist",AI Product & Program,The Vanguard Group,United Kingdom,London,79000,79000,79000,true,point_estimate,USD,Unspecified,Management,,false,false,2026-02-10,Adzuna
"Manager of Solutions Architecture, Applied AI (Industries)",AI Consulting / Solutions,Anthropic,United Kingdom,London,216000,273000,244500,false,range,USD,Unspecified,Management,,false,false,2026-02-13,Adzuna
Senior AI Engineer,AI Engineer,aPriori Technologies,United Kingdom,,70000,70000,70000,true,point_estimate,USD,Unspecified,Senior,,false,false,2025-11-08,Adzuna
Staff Machine Learning Platform/Ops Engineer,Other / Unclassified,Preply,United Kingdom,London,86000,86000,86000,true,point_estimate,USD,Unspecified,Lead,,false,false,2026-02-18,Adzuna
Applied Analytics Engineer - UK,Data Engineer,Quid,United Kingdom,,89000,114000,101500,false,range,USD,Remote,Lead,,false,true,2026-01-14,Adzuna
Senior Product Engineer,Other / Unclassified,Kernel,United Kingdom,London,140000,216000,178000,false,range,USD,Unspecified,Senior,OpenAI,false,false,2026-02-07,Adzuna
Product Engineer (Frontend),AI Software Engineer,Kernel,United Kingdom,London,140000,216000,178000,false,range,USD,Unspecified,Mid-level,OpenAI,false,false,2026-02-15,Adzuna
Senior Forward Deployed AI engineer,AI Engineer,Barclays UK,United Kingdom,London,68000,68000,68000,true,point_estimate,USD,Unspecified,Senior,,false,false,2026-02-20,Adzuna
Data Engineer II,Data Engineer,LexisNexis,United Kingdom,London,64000,64000,64000,true,point_estimate,USD,Unspecified,Mid-level,,false,false,2026-01-28,Adzuna
Head of Engineering,Other / Unclassified,SalesAPE.ai,United Kingdom,,111000,111000,111000,true,point_estimate,USD,Unspecified,Management,,false,false,2025-11-06,Adzuna
Senior Principal Enterprise Strategist,Other / Unclassified,Twilio,United Kingdom,,126000,126000,126000,true,point_estimate,USD,Remote,Senior,,false,false,2026-01-18,Adzuna
"Tech Lead, LLM & Generative AI (Full Remote - UK)",NLP / LLM Engineering,EverAI,United Kingdom,,128000,128000,128000,true,point_estimate,USD,Remote,Lead,,false,false,2025-12-15,Adzuna
Data Engineer II,Data Engineer,RELX INC,United Kingdom,London,54000,54000,54000,true,point_estimate,USD,Unspecified,Mid-level,,false,false,2026-01-28,Adzuna
Senior AI/ML engineer,Machine Learning Engineer,Flo Health,United Kingdom,London,66000,66000,66000,true,point_estimate,USD,Unspecified,Senior,,false,false,2025-12-30,Adzuna
Senior Full Stack Engineer,AI Software Engineer,Kernel,United Kingdom,London,140000,216000,178000,false,range,USD,Unspecified,Senior,OpenAI,false,false,2026-02-07,Adzuna
Mid-Full-Stack Engineer - AI Agent Platform,AI Engineer,Ebury,United Kingdom,London,111000,111000,111000,true,point_estimate,USD,Unspecified,Mid-level,,false,false,2026-02-14,Adzuna
Principal AI Engineer,AI Engineer,London Stock Exchange Group,United Kingdom,,61000,61000,61000,true,point_estimate,USD,Unspecified,Lead,,false,false,2026-01-14,Adzuna
"Full-Stack Senior Software Engineer, GenAI Data Products and Platform (VP)",AI Engineer,Citigroup,United Kingdom,London,90000,90000,90000,true,point_estimate,USD,Unspecified,Senior,,false,false,2026-02-19,Adzuna
Delivery Manager,AI Product & Program,London Stock Exchange Group,United Kingdom,,59000,59000,59000,true,point_estimate,USD,Unspecified,Management,,false,false,2026-01-11,Adzuna
"Senior Product Manager, AI Evals",AI Product & Program,London Stock Exchange Group,United Kingdom,London,86000,86000,86000,true,point_estimate,USD,Unspecified,Senior,,false,false,2026-01-17,Adzuna
Principal AI Engineer,AI Engineer,Education Brands,United Kingdom,London,83000,83000,83000,true,point_estimate,USD,Hybrid,Lead,,false,false,2026-01-22,Adzuna
Applied AI Engineer (Startups),AI Engineer,Anthropic,United Kingdom,London,286000,305000,295500,false,range,USD,Unspecified,Mid-level,,false,false,2026-02-14,Adzuna
"Manager, Software Engineering",AI Software Engineer,HackerOne,United Kingdom,London,146000,165000,155500,false,range,USD,Unspecified,Management,,false,false,2025-12-17,Adzuna
Senior Full-Stack Engineer - AI Agent Platform,AI Engineer,Ebury,United Kingdom,London,147000,147000,147000,true,point_estimate,USD,Unspecified,Senior,,false,false,2026-02-14,Adzuna
Senior Engineer: Java,Other / Unclassified,IG Group,United Kingdom,London,84000,84000,84000,true,point_estimate,USD,Unspecified,Senior,,false,false,2025-11-26,Adzuna
Data Architect II,Data Engineer,,United Kingdom,Stevenage,72000,72000,72000,true,point_estimate,USD,Unspecified,Mid-level,,false,false,2026-02-12,Adzuna
Data Architect II,Data Engineer,,United Kingdom,London,71000,71000,71000,true,point_estimate,USD,Unspecified,Mid-level,,false,true,2026-02-12,Adzuna
Product Engineer,Other / Unclassified,Conduct,United Kingdom,London,82000,82000,82000,true,point_estimate,USD,Unspecified,Mid-level,,false,false,2025-11-18,Adzuna
Prompt Engineer,NLP / LLM Engineering,Morson Edge,United Kingdom,,144000,158000,151000,false,range,USD,Remote,Mid-level,,false,false,2026-01-25,Adzuna
Prompt Engineer,NLP / LLM Engineering,McGregor Boyall,United Kingdom,London,215000,231000,223000,false,range,USD,Unspecified,Mid-level,,false,false,2026-02-11,Adzuna
Prompt Engineer,NLP / LLM Engineering,Morson Edge,United Kingdom,Eccles,144000,158000,151000,false,range,USD,Unspecified,Mid-level,,false,false,2026-02-22,Adzuna
Senior Computational Linguist/Prompt Engineer,NLP / LLM Engineering,Preply,United Kingdom,London,67000,67000,67000,true,point_estimate,USD,Unspecified,Senior,,false,false,2026-02-18,Adzuna
Prompt Engineer – AI Systems & Automation Specialist,NLP / LLM Engineering,,United Kingdom,,67000,67000,67000,true,point_estimate,USD,Unspecified,Mid-level,,false,false,2026-02-06,Adzuna
Remote Junior Engineer - Loverable Prompting,Other / Unclassified,Elitekoach.com,United Kingdom,London,,,,false,none,USD,Remote,Junior,,false,false,2026-01-28,Adzuna
Salesforce Data Cloud Architect,AI Consulting / Solutions,Infoplus Technologies UK Ltd,United Kingdom,London,182000,198000,190000,false,range,USD,Unspecified,Mid-level,,false,false,2026-02-11,Adzuna
Web Developer,AI Software Engineer,Trident Marketing,United Kingdom,Hadleigh,54000,54000,54000,true,point_estimate,USD,Onsite,Mid-level,,false,false,2026-01-29,Adzuna
Solutions Consultant,AI Consulting / Solutions,RDT Limited,United Kingdom,East Malling,56000,56000,56000,true,point_estimate,USD,Unspecified,Mid-level,R,false,false,2026-01-28,Adzuna
Data Mentor,Other / Unclassified,Forward Role,United Kingdom,Pride Park,57000,57000,57000,true,point_estimate,USD,Remote,Mid-level,,false,false,2026-02-20,Adzuna
Full Stack Engineer,AI Software Engineer,Futuria,United Kingdom,London,91000,91000,91000,true,point_estimate,USD,Unspecified,Mid-level,Python,false,false,2026-01-29,Adzuna
Associate Software Engineer,AI Software Engineer,X-On Health,United Kingdom,,44000,44000,44000,true,point_estimate,USD,Hybrid,Junior,,false,false,2026-01-14,Adzuna
Generative AI Architect,AI Engineer,167 Solutions Ltd,United Kingdom,Bristol,127000,127000,127000,true,point_estimate,USD,Hybrid,Senior,,false,false,2026-02-13,Adzuna
Client Success Director (AI),Other / Unclassified,Circana,United Kingdom,Bracknell,72000,72000,72000,true,point_estimate,USD,Unspecified,Management,,false,false,2026-01-31,Adzuna
AI Solutions Engineer,AI Engineer,Michael Page Technology,United Kingdom,London,84000,84000,84000,true,point_estimate,USD,Unspecified,Mid-level,,false,false,2026-02-19,Adzuna
Business Analyst,Data Analyst / BI,Lumanity,United Kingdom,North Lambeth,57000,57000,57000,true,point_estimate,USD,Unspecified,Mid-level,,false,false,2026-01-17,Adzuna
Senior Software QA Test Development Engineer,Other / Unclassified,Nvidia,United Kingdom,Belfast,83000,83000,83000,true,point_estimate,USD,Unspecified,Senior,,false,false,2026-02-05,Adzuna
Salesforce Data Cloud Architect,AI Consulting / Solutions,Infoplus Technologies UK Ltd,United Kingdom,London,182000,198000,190000,false,range,USD,Unspecified,Mid-level,,false,true,2026-02-11,Adzuna
Salesforce Data Cloud Architect,AI Consulting / Solutions,Infoplus Technologies UK Ltd,United Kingdom,Woodford Green,154000,160000,157000,false,range,USD,Unspecified,Junior,,false,false,2026-02-22,Adzuna
Manager of Artificial Intelligence,Other / Unclassified,Fimador,United Kingdom,London,81000,81000,81000,true,point_estimate,USD,Unspecified,Management,,false,false,2026-02-11,Adzuna
Senior/Staff ML Research Engineer | London,AI / ML Research,Benchstack Ai,United Kingdom,London,88000,88000,88000,true,point_estimate,USD,Unspecified,Senior,,false,false,2026-02-21,Adzuna
Senior/Staff ML Research Engineer | London,AI / ML Research,Benchstack Ai,United Kingdom,London,87000,87000,87000,true,point_estimate,USD,Unspecified,Senior,,false,true,2026-02-21,Adzuna
Manager of Artificial Intelligence,Other / Unclassified,Fimador,United Kingdom,London,82000,82000,82000,true,point_estimate,USD,Unspecified,Management,,false,true,2026-02-11,Adzuna
Senior Retail Research Analyst / Economist,AI / ML Research,Retail Economics,United Kingdom,London,45000,45000,45000,true,point_estimate,USD,Unspecified,Senior,,false,false,2026-02-07,Adzuna
Senior Retail Research Analyst / Economist,AI / ML Research,Retail Economics,United Kingdom,London,44000,44000,44000,true,point_estimate,USD,Unspecified,Senior,,false,true,2026-02-07,Adzuna
Principal Forward Deployed Engineer,Other / Unclassified,Immersum,United Kingdom,,93000,93000,93000,true,point_estimate,USD,Remote,Senior,"Python, AWS, Azure, RAG",false,false,2026-02-07,Adzuna
Lead Software Engineer - Python and AIML,AI Software Engineer,JPMorganChase,United Kingdom,Glasgow City Centre,59000,59000,59000,true,point_estimate,USD,Unspecified,Lead,Python,false,false,2025-12-16,Adzuna
AI Manager,Other / Unclassified,Pioneer Search,United Kingdom,London,127000,146000,136500,false,range,USD,Unspecified,Management,,false,false,2026-02-11,Adzuna
AI Operations Specialist,Other / Unclassified,G-NIUS,United Kingdom,Soho,51000,64000,57500,false,range,USD,Unspecified,Lead,,false,false,2026-02-18,Adzuna
Artificial Intelligence Engineer,AI Engineer,HireWise,United Kingdom,London,115000,115000,115000,true,point_estimate,USD,Unspecified,Senior,,false,false,2026-02-21,Adzuna
Artificial Intelligence Engineer,AI Engineer,HireWise,United Kingdom,London,114000,114000,114000,true,point_estimate,USD,Unspecified,Senior,,false,true,2026-02-21,Adzuna
AI Linguist (English to Dutch): Financial Content,Other / Unclassified,Dow Jones & Company,United Kingdom,London,42000,42000,42000,true,point_estimate,USD,Unspecified,Mid-level,,false,false,2026-02-21,Adzuna
Senior Engineer,Other / Unclassified,Canopius,United Kingdom,Manchester,75000,75000,75000,true,point_estimate,USD,Unspecified,Senior,,false,false,2026-01-23,Adzuna
Senior NLP Engineer (London),NLP / LLM Engineering,Glite Tech,United Kingdom,London,81000,81000,81000,true,point_estimate,USD,Unspecified,Senior,NLP,false,false,2025-12-21,Adzuna
Senior NLP Engineer (London),NLP / LLM Engineering,Glite Tech,United Kingdom,London,82000,82000,82000,true,point_estimate,USD,Unspecified,Senior,NLP,false,true,2025-12-21,Adzuna
AI Developer,AI Engineer,Experis,United Kingdom,London,193000,193000,193000,true,point_estimate,USD,Onsite,Mid-level,Azure,false,false,2026-02-20,Adzuna
AI Developer,AI Engineer,Experis,United Kingdom,London,193000,193000,193000,true,point_estimate,USD,Onsite,Mid-level,Azure,false,false,2026-02-20,Adzuna
"Senior Software Engineer - Python, ML & AI Systems",AI Engineer,Cornspring,United Kingdom,London,132000,132000,132000,true,point_estimate,USD,Unspecified,Senior,Python,false,false,2025-12-16,Adzuna
Fabricator Welder,Other / Unclassified,Wrightbus,United Kingdom,Ballymena,37000,37000,37000,true,point_estimate,USD,Unspecified,Mid-level,,false,false,2026-02-17,Adzuna
Agentic Engineer,Other / Unclassified,Digital Waffle,United Kingdom,London,102000,114000,108000,false,range,USD,Hybrid,Mid-level,,false,false,2026-02-16,Adzuna
Lead Solution Manager (m/f/d) for GenAI in Banking,AI Engineer,SAP Fioneer,United Kingdom,London,79000,79000,79000,true,point_estimate,USD,Unspecified,Lead,,false,false,2025-11-17,Adzuna
(UK)Senior Engineer - AI Core services,AI Engineer,Codvo.ai,United Kingdom,Cambridge,80000,80000,80000,true,point_estimate,USD,Unspecified,Senior,,false,false,2025-08-26,Adzuna
GenAI Data Analyst,Data Analyst / BI,Stackstudio Digital Ltd.,United Kingdom,London,165000,182000,173500,false,range,USD,Hybrid,Mid-level,"Python, SQL",false,false,2026-02-09,Adzuna
Graduate AI Software Engineer,AI Engineer,X-on Health,United Kingdom,Woodbridge,53000,53000,53000,true,point_estimate,USD,Hybrid,Mid-level,,false,false,2026-02-16,Adzuna
Full-Stack Developer,AI Software Engineer,TechBiz Global GmbH,United Kingdom,,56000,56000,56000,true,point_estimate,USD,Unspecified,Mid-level,"Python, OpenAI",false,false,2026-02-12,Adzuna
AI Delivery Manager,AI Product & Program,ConvaTec,United Kingdom,Deeside,81000,81000,81000,true,point_estimate,USD,Unspecified,Senior,Azure,false,false,2026-01-18,Adzuna
"AI Solutions Deployment Lead, Applied AI, Google Cloud",Other / Unclassified,Google,United Kingdom,London,108000,108000,108000,true,point_estimate,USD,Unspecified,Lead,,false,false,2026-01-29,Adzuna
AI Delivery Manager,AI Product & Program,ConvaTec,United Kingdom,London,84000,84000,84000,true,point_estimate,USD,Unspecified,Senior,Azure,false,true,2026-01-18,Adzuna
Graduate Implementation Specialist,Other / Unclassified,RedTech Recruitment Ltd.,United Kingdom,London,52000,52000,52000,true,point_estimate,USD,Unspecified,Mid-level,,false,true,2025-12-10,Adzuna
DE&A - AIML - Machine Learning - Azure ML Studio,Other / Unclassified,Zensar Technologies,United Kingdom,,56000,56000,56000,true,point_estimate,USD,Unspecified,Lead,"Python, Azure, RAG",false,false,2026-01-17,Adzuna
API Consultant - Americas (focus USA),AI Consulting / Solutions,Statista,United Kingdom,London,67000,67000,67000,true,point_estimate,USD,Unspecified,Mid-level,,false,false,2026-01-23,Adzuna
Information Scientist (Content Analytics),Data Analyst / BI,Talentmark,United Kingdom,Chalvey,75000,103000,89000,false,range,USD,Unspecified,Mid-level,NLP,false,false,2026-01-30,Adzuna
Graduate Legal Implementation Specialist,Other / Unclassified,Graduate Recruitment Bureau,United Kingdom,London,41000,41000,41000,true,point_estimate,USD,Unspecified,Junior,,false,false,2026-01-30,Adzuna
AI Operations Specialist,Other / Unclassified,Goodman Masson,United Kingdom,London,51000,64000,57500,false,range,USD,Unspecified,Lead,,false,false,2026-02-19,Adzuna
Senior Deep Learning Engineer,Machine Learning Engineer,Randstad Digital,United Kingdom,London,127000,127000,127000,true,point_estimate,USD,Unspecified,Senior,,false,false,2026-01-21,Adzuna
GenAI Engineer,AI Engineer,Anaplan,United Kingdom,Manchester,116000,116000,116000,true,point_estimate,USD,Unspecified,Mid-level,,false,false,2025-11-29,Adzuna
1007 | Technical Support Engineer,Other / Unclassified,Intetics,United Kingdom,,65000,65000,65000,true,point_estimate,USD,Unspecified,Mid-level,,false,false,2025-11-20,Adzuna
Information Scientist – Content Analytics,Data Analyst / BI,Next-Link,United Kingdom,Chalvey,79000,79000,79000,true,point_estimate,USD,Unspecified,Mid-level,,false,false,2026-02-02,Adzuna
AI Developer,AI Engineer,Experis,United Kingdom,Fleet Street,137000,149000,143000,false,range,USD,Unspecified,Mid-level,Python,false,false,2026-02-22,Adzuna
Technology Associate EMEA (Graduate) 2025,Other / Unclassified,Wellington Management,United Kingdom,London,46000,46000,46000,true,point_estimate,USD,Unspecified,Junior,,false,false,2025-10-23,Adzuna
Senior Data Scientist – Content Engineering,Data Scientist,Flexera Software,United Kingdom,Cheshire,117000,117000,117000,true,point_estimate,USD,Hybrid,Senior,,false,false,2026-02-14,Adzuna
Graduate Implementation Specialist,Other / Unclassified,RedTech Recruitment Ltd,United Kingdom,London,54000,54000,54000,true,point_estimate,USD,Unspecified,Mid-level,,false,false,2026-02-03,Adzuna
"Data Engineer II - SQL,ETL and Analytics",Data Engineer,JPMorganChase,United Kingdom,Glasgow City Centre,52000,52000,52000,true,point_estimate,USD,Unspecified,Mid-level,SQL,false,false,2026-02-13,Adzuna
Full-Stack AI Engineer (React  Python  NLP),NLP / LLM Engineering,,United Kingdom,,96000,96000,96000,true,point_estimate,USD,Unspecified,Mid-level,"Python, NLP",false,false,2026-02-17,Adzuna
Applied AIML Lead- Python & Data Science Engineering,Data Scientist,JPMorganChase,United Kingdom,Glasgow City Centre,101000,101000,101000,true,point_estimate,USD,Unspecified,Lead,Python,false,false,2026-01-17,Adzuna
Senior LLM & AI Specialist,NLP / LLM Engineering,LEUTE PASSEN INDIA PRIVATE LIMITED,United Kingdom,London,76000,114000,95000,false,range,USD,Hybrid,Senior,"RAG, Fine-tuning",false,false,2025-12-27,Adzuna
Senior AI Solutions Architect,AI Consulting / Solutions,LEUTE PASSEN INDIA PRIVATE LIMITED,United Kingdom,London,89000,140000,114500,false,range,USD,Hybrid,Senior,"RAG, Fine-tuning",false,false,2026-02-17,Adzuna
Senior Campaign Manager,Other / Unclassified,SalesCaptain,United Kingdom,London,51000,51000,51000,true,point_estimate,USD,Remote,Senior,,false,false,2025-09-26,Adzuna
IT Data Infrastructure Architect - VP,AI Consulting / Solutions,Morgan Stanley,United Kingdom,Glasgow,109000,109000,109000,true,point_estimate,USD,Unspecified,Management,,false,false,2026-01-02,Adzuna
AI & ML Engineer,Machine Learning Engineer,Charlotte Tilbury,United Kingdom,Temple,114000,114000,114000,true,point_estimate,USD,Unspecified,Mid-level,,false,false,2025-09-08,Adzuna
Lead AI & ML Engineer,Machine Learning Engineer,Charlotte Tilbury,United Kingdom,Temple,125000,125000,125000,true,point_estimate,USD,Unspecified,Lead,,false,false,2025-10-28,Adzuna
Solution Architect Project Intern (BytePlus) - 2026 Start (BS\/MS),AI Consulting / Solutions,ByteDance,United Kingdom,London,46000,46000,46000,true,point_estimate,USD,Unspecified,Mid-level,,true,false,2026-01-05,Adzuna
Medical Doctor (UK) - Freelance AI Trainer Project,AI Training & Annotation,Invisible Agency,United Kingdom,London,106000,317000,211500,false,range,USD,Unspecified,Mid-level,,false,false,2025-10-09,Adzuna
Data Scientist - NLP,NLP / LLM Engineering,M+C Saatchi Group,United Kingdom,Piccadilly,66000,66000,66000,true,point_estimate,USD,Hybrid,Mid-level,NLP,false,false,2026-02-07,Adzuna
"AI Editorial Lead (Japanese), AI Shopping, International",Other / Unclassified,Amazon,United Kingdom,London,67000,67000,67000,true,point_estimate,USD,Unspecified,Lead,,false,false,2025-10-11,Adzuna
AI Research Scientist - SLM and Voice,AI / ML Research,Zebra Technologies,United Kingdom,London,57000,57000,57000,true,point_estimate,USD,Remote,Mid-level,,false,false,2026-02-01,Adzuna
AI Trainer,AI Training & Annotation,Zenith Training,United Kingdom,,54000,54000,54000,true,point_estimate,USD,Unspecified,Mid-level,,false,false,2025-11-07,Adzuna
Staff Software Engineer,AI Software Engineer,G2,United Kingdom,London,70000,70000,70000,true,point_estimate,USD,Unspecified,Lead,,false,false,2026-01-07,Adzuna
Public Cloud - Forward Deployed Engineer (VP) - Citi,Other / Unclassified,Citi,United Kingdom,,91000,91000,91000,true,point_estimate,USD,Unspecified,Management,,false,false,2026-02-16,Adzuna
Equities Quant Platform Engineering Lead - Python (Technology) - VP - Citi,AI Software Engineer,Citi,United Kingdom,London,136000,136000,136000,true,point_estimate,USD,Unspecified,Lead,Python,false,false,2026-02-16,Adzuna
GenAI Engineering Manager - (Codified Controls) - SVP - Citi,AI Engineer,Citi,United Kingdom,London,66000,66000,66000,true,point_estimate,USD,Unspecified,Management,,false,false,2026-02-21,Adzuna
Science Specialist (Fluent in German) - Freelance AI Trainer Project,AI Training & Annotation,Invisible Agency,United Kingdom,London,21000,172000,96500,false,range,USD,Unspecified,Mid-level,,false,false,2026-01-18,Adzuna
German Language Specialist - Freelance AI Trainer Project,AI Training & Annotation,Invisible Agency,United Kingdom,London,76000,76000,76000,true,point_estimate,USD,Unspecified,Mid-level,,false,false,2026-01-18,Adzuna
AI Tutor,AI Training & Annotation,Reka,United Kingdom,,60000,60000,60000,true,point_estimate,USD,Unspecified,Mid-level,,false,false,2025-11-17,Adzuna
Mathematics Specialist (Fluent in German) - Freelance Trainer Project,Other / Unclassified,Invisible Agency,United Kingdom,London,62000,62000,62000,true,point_estimate,USD,Unspecified,Mid-level,,false,false,2026-01-18,Adzuna
LaTex Specialist (Fluent in German) - Freelance AI Trainer Project,AI Training & Annotation,Invisible Agency,United Kingdom,London,61000,61000,61000,true,point_estimate,USD,Unspecified,Mid-level,,false,false,2026-01-19,Adzuna
Data Scientist within Asset & Wealth Management (Senior Associate),Data Scientist,JPMorganChase,United Kingdom,London,102000,102000,102000,true,point_estimate,USD,Unspecified,Junior,,false,false,2026-01-24,Adzuna
Coding Specialist (Fluent in German) - Freelance AI Trainer Project,AI Training & Annotation,Invisible Agency,United Kingdom,London,64000,64000,64000,true,point_estimate,USD,Unspecified,Mid-level,,false,false,2026-01-18,Adzuna
Medicine Specialist (Fluent in German) - Freelance AI Trainer Project,AI Training & Annotation,Invisible Agency,United Kingdom,London,80000,80000,80000,true,point_estimate,USD,Unspecified,Mid-level,,false,false,2026-01-18,Adzuna
Audio Editing Specialist - Freelance AI Trainer Project,AI Training & Annotation,Invisible Agency,United Kingdom,London,53000,53000,53000,true,point_estimate,USD,Unspecified,Mid-level,,false,false,2025-11-02,Adzuna
British Sign Language (BSL) - Freelance AI Trainer Project,AI Training & Annotation,Invisible Agency,United Kingdom,London,53000,53000,53000,true,point_estimate,USD,Unspecified,Mid-level,,false,false,2025-12-07,Adzuna
Python Coding Specialist - Freelance AI Trainer Project,AI Training & Annotation,Invisible Agency,United Kingdom,London,71000,71000,71000,true,point_estimate,USD,Unspecified,Mid-level,Python,false,false,2025-11-01,Adzuna
Video Production Specialist - Freelance AI Trainer Project,AI Training & Annotation,Invisible Agency,United Kingdom,London,52000,52000,52000,true,point_estimate,USD,Unspecified,Mid-level,,false,false,2025-07-04,Adzuna
Lead AI Engineer - HYBRID WORKING,AI Engineer,Proactive Appointments,United Kingdom,Hampshire,121000,133000,127000,false,range,USD,Hybrid,Lead,,false,false,2026-02-13,Adzuna
AI Developer/Engineer,AI Engineer,Damia Group Ltd,United Kingdom,London,165000,215000,190000,false,range,USD,Hybrid,Mid-level,"AWS, Azure",false,false,2026-01-14,Adzuna
Lead Software Engineer - Manchester,AI Software Engineer,Adria Solutions Ltd,United Kingdom,Ardwick,64000,95000,79500,false,range,USD,Unspecified,Lead,AWS,false,false,2026-02-22,Adzuna
Tech Lead - ML / AI (LLM Systems & Infrastructure),NLP / LLM Engineering,WorkMotion,United Kingdom,,121000,121000,121000,true,point_estimate,USD,Remote,Lead,,false,false,2025-12-03,Adzuna
London | AI Engineer | SCON,AI Engineer,Infosys,United Kingdom,London,72000,72000,72000,true,point_estimate,USD,Unspecified,Senior,"AWS, GCP, Azure",false,false,2025-11-23,Adzuna
Investment AI Solutions Analyst,Data Analyst / BI,T. Rowe Price,United Kingdom,London,111000,111000,111000,true,point_estimate,USD,Unspecified,Mid-level,,false,false,2026-02-06,Adzuna
Azure Ai Architect,AI Consulting / Solutions,Stackstudio Digital Ltd.,United Kingdom,London,215000,231000,223000,false,range,USD,Hybrid,Lead,"OpenAI, Azure",false,false,2026-01-23,Adzuna
GEO Strategist - Enterprise AI Search Consultant,AI Consulting / Solutions,Writesonic,United Kingdom,,76000,76000,76000,true,point_estimate,USD,Unspecified,Mid-level,,false,false,2025-11-18,Adzuna
Data Mentor,Other / Unclassified,Forward Role,United Kingdom,Derby,57000,57000,57000,true,point_estimate,USD,Remote,Mid-level,,false,true,2026-02-19,Adzuna
Agentic AI Engineer - LangChain,AI Engineer,Sanderson Government and Defence,United Kingdom,Oxfordshire,149000,231000,190000,false,range,USD,Hybrid,Mid-level,LangChain,false,false,2026-01-16,Adzuna
Agentic AI Engineer - LangGraph,AI Engineer,Sanderson Government and Defence,United Kingdom,Oxfordshire,149000,231000,190000,false,range,USD,Hybrid,Mid-level,,false,false,2026-01-23,Adzuna
Generative AI Architect,AI Engineer,167 Solutions Ltd,United Kingdom,Rushall,127000,127000,127000,true,point_estimate,USD,Unspecified,Senior,"RAG, Fine-tuning",false,false,2026-02-22,Adzuna
Shift Engineer,Other / Unclassified,First Military Recruitment Ltd,United Kingdom,New Buildings,69000,69000,69000,true,point_estimate,USD,Unspecified,Mid-level,,false,false,2026-02-02,Adzuna
Shift Engineer,Other / Unclassified,First Military Recruitment,United Kingdom,Bristol,63000,63000,63000,true,point_estimate,USD,Unspecified,Mid-level,,false,false,2025-01-18,Adzuna
Engineering Stores Person,Other / Unclassified,ACS Performance,United Kingdom,Rochester,38000,44000,41000,false,range,USD,Unspecified,Mid-level,,false,false,2026-02-17,Adzuna
Applied AI ML Associate,Other / Unclassified,JPMorganChase,United Kingdom,Bournemouth,87000,87000,87000,true,point_estimate,USD,Unspecified,Junior,"NLP, Fine-tuning",false,false,2026-02-19,Adzuna
"Back-end Engineer - London, hybrid. Climate-tech start-up",AI Software Engineer,CUR8,United Kingdom,London,82000,82000,82000,true,point_estimate,USD,Hybrid,Mid-level,,false,false,2026-01-21,Adzuna
MLOps Engineer,MLOps / ML Infrastructure,Harnham - Data & Analytics Recruitment,United Kingdom,London,102000,114000,108000,false,range,USD,Hybrid,Mid-level,,false,false,2026-02-19,Adzuna
Lead MLOps Engineer,MLOps / ML Infrastructure,Randstad Digital,United Kingdom,London,127000,127000,127000,true,point_estimate,USD,Unspecified,Lead,,false,false,2026-02-01,Adzuna
Senior MLOps & Platform Engineer,MLOps / ML Infrastructure,permutable.ai,United Kingdom,London,90000,90000,90000,true,point_estimate,USD,Unspecified,Senior,,false,false,2026-02-04,Adzuna
Senior MLOps & Platform Engineer,MLOps / ML Infrastructure,permutable.ai,United Kingdom,London,89000,89000,89000,true,point_estimate,USD,Unspecified,Senior,,false,true,2026-02-03,Adzuna
MLOps Engineer,MLOps / ML Infrastructure,SoCode Limited,United Kingdom,Pampisford,64000,114000,89000,false,range,USD,Unspecified,Mid-level,,false,false,2026-02-19,Adzuna
MLOps Engineer - Energy AI Platform,MLOps / ML Infrastructure,Harnham,United Kingdom,London,103000,103000,103000,true,point_estimate,USD,Unspecified,Mid-level,AWS,false,false,2026-02-16,Adzuna
MLOps Engineer - Energy AI Platform,MLOps / ML Infrastructure,Harnham,United Kingdom,London,102000,102000,102000,true,point_estimate,USD,Unspecified,Mid-level,AWS,false,true,2026-02-16,Adzuna
MLOps Engineer,MLOps / ML Infrastructure,HelloKindred,United Kingdom,Glasgow,85000,85000,85000,true,point_estimate,USD,Hybrid,Mid-level,AWS,false,false,2026-02-07,Adzuna
MLOps Engineer,MLOps / ML Infrastructure,Hays Technology,United Kingdom,London,165000,182000,173500,false,range,USD,Hybrid,Mid-level,Azure,false,false,2026-02-17,Adzuna
MLOps Engineer,MLOps / ML Infrastructure,Hays Specialist Recruitment Limited,United Kingdom,London,165000,182000,173500,false,range,USD,Hybrid,Mid-level,Azure,false,false,2026-02-17,Adzuna
MLOps Engineer,MLOps / ML Infrastructure,Tekever,United Kingdom,Bristol,103000,103000,103000,true,point_estimate,USD,Unspecified,Mid-level,,false,false,2026-01-21,Adzuna
MLOps Engineer,MLOps / ML Infrastructure,Hays Technology,United Kingdom,London,76000,84000,80000,false,range,USD,Unspecified,Mid-level,"Python, OpenAI, Azure, Docker, Kubernetes",false,false,2026-02-22,Adzuna
MLOps Engineer,MLOps / ML Infrastructure,SoCode Limited,United Kingdom,Chesterton,64000,114000,89000,false,range,USD,Unspecified,Mid-level,"Python, SQL, AWS, GCP, Azure, Docker, Kubernetes, MLflow, Airflow",false,false,2026-02-22,Adzuna
MLOps Engineer,MLOps / ML Infrastructure,Third-Party Job Posts,United Kingdom,,139000,139000,139000,true,point_estimate,USD,Remote,Mid-level,,false,false,2025-12-11,Adzuna
MLOps Engineer,MLOps / ML Infrastructure,Cloudbeds,United Kingdom,,143000,143000,143000,true,point_estimate,USD,Remote,Mid-level,,false,false,2026-01-31,Adzuna
MLOps / ML Engineer,MLOps / ML Infrastructure,Opus Recruitment Solutions,United Kingdom,London,149000,149000,149000,true,point_estimate,USD,Unspecified,Mid-level,"Python, LangChain",false,false,2026-02-09,Adzuna
Lead MLOps Engineer,MLOps / ML Infrastructure,Randstad Technologies Recruitment,United Kingdom,London,102000,190000,146000,false,range,USD,Unspecified,Lead,,false,false,2026-01-30,Adzuna
Senior MLOps Engineer,MLOps / ML Infrastructure,Prolific,United Kingdom,London,127000,127000,127000,true,point_estimate,USD,Unspecified,Senior,,false,false,2026-01-30,Adzuna
Senior MLOPs Engineer,MLOps / ML Infrastructure,Faculty AI,United Kingdom,London,97000,97000,97000,true,point_estimate,USD,Unspecified,Senior,,false,false,2026-01-29,Adzuna
MLOps / ML Engineer,MLOps / ML Infrastructure,Opus Recruitment Solutions Ltd,United Kingdom,London,149000,149000,149000,true,point_estimate,USD,Unspecified,Mid-level,"Python, LangChain",false,false,2026-02-10,Adzuna
Senior MLOps Engineer,MLOps / ML Infrastructure,Optima Partners,United Kingdom,Edinburgh City Centre,123000,123000,123000,true,point_estimate,USD,Unspecified,Senior,,false,false,2026-01-21,Adzuna
Lead MLOps Engineer,MLOps / ML Infrastructure,Randstad Technologies,United Kingdom,London,102000,190000,146000,false,range,USD,Unspecified,Lead,,false,false,2026-01-30,Adzuna
Senior MLOps Engineer,MLOps / ML Infrastructure,CreatorIQ,United Kingdom,London,89000,116000,102500,false,range,USD,Unspecified,Senior,,false,true,2026-02-14,Adzuna
Lead MLOps Engineer,MLOps / ML Infrastructure,Randstad Digital,United Kingdom,Blackfriars,127000,127000,127000,true,point_estimate,USD,Unspecified,Lead,"Python, PyTorch, TensorFlow, AWS, GCP, Azure, Docker, Kubernetes",false,false,2026-02-22,Adzuna
Senior MLOps Engineer,MLOps / ML Infrastructure,ibm,United Kingdom,,74000,74000,74000,true,point_estimate,USD,Unspecified,Senior,,false,false,2025-05-22,Adzuna
Senior MLOps Engineer,MLOps / ML Infrastructure,Marks & Spencer,United Kingdom,,73000,73000,73000,true,point_estimate,USD,Unspecified,Senior,"Python, Azure, Spark",false,false,2026-01-20,Adzuna
Infrastructure and MLOps Engineer,MLOps / ML Infrastructure,Graphcore,United Kingdom,Bristol,99000,99000,99000,true,point_estimate,USD,Unspecified,Mid-level,,false,false,2026-02-13,Adzuna
Software Engineer III - MLOps,MLOps / ML Infrastructure,JPMorganChase,United Kingdom,London,84000,84000,84000,true,point_estimate,USD,Unspecified,Mid-level,,false,false,2025-11-25,Adzuna
Lead Software Engineer - MLOps,MLOps / ML Infrastructure,JPMorganChase,United Kingdom,London,86000,86000,86000,true,point_estimate,USD,Unspecified,Lead,,false,false,2025-11-25,Adzuna
MLOps Data Engineer (GCP),MLOps / ML Infrastructure,Xcede,United Kingdom,London,124000,124000,124000,true,point_estimate,USD,Hybrid,Mid-level,GCP,false,false,2026-02-09,Adzuna
AI Engineer - Platform/MLOps,MLOps / ML Infrastructure,hyperexponential,United Kingdom,London,101000,101000,101000,true,point_estimate,USD,Unspecified,Mid-level,,false,false,2026-01-12,Adzuna
Lead Software Engineer - MLOps Platform,MLOps / ML Infrastructure,JPMorganChase,United Kingdom,London,110000,110000,110000,true,point_estimate,USD,Unspecified,Lead,,false,false,2026-01-28,Adzuna
Engineering Manager - MLOps & Edge Infrastructure,MLOps / ML Infrastructure,Hudl,United Kingdom,London,94000,94000,94000,true,point_estimate,USD,Unspecified,Management,,false,false,2026-01-17,Adzuna
Director of Decision Science,Other / Unclassified,Harnham - Data & Analytics Recruitment,United Kingdom,London,152000,190000,171000,false,range,USD,Hybrid,Lead,,false,false,2026-02-20,Adzuna
Machine Learning Developer,Machine Learning Engineer,Morson Edge,United Kingdom,West Midlands,165000,198000,181500,false,range,USD,Unspecified,Mid-level,,false,false,2026-02-20,Adzuna
Artificial Intelligence Engineer,AI Engineer,Digital Waffle,United Kingdom,,87000,87000,87000,true,point_estimate,USD,Remote,Senior,NLP,false,false,2026-02-21,Adzuna
Artificial Intelligence Engineer,AI Engineer,Digital Waffle,United Kingdom,London,90000,90000,90000,true,point_estimate,USD,Remote,Senior,NLP,false,true,2026-02-21,Adzuna
Artificial Intelligence Engineer,AI Engineer,Digital Waffle,United Kingdom,Edinburgh,84000,84000,84000,true,point_estimate,USD,Remote,Senior,NLP,false,true,2026-02-21,Adzuna
Artificial Intelligence Engineer,AI Engineer,Digital Waffle,United Kingdom,London,91000,91000,91000,true,point_estimate,USD,Remote,Senior,NLP,false,true,2026-02-21,Adzuna
Principal Solutions Architect,AI Consulting / Solutions,TechByte Talent Ltd,United Kingdom,London,95000,95000,95000,true,point_estimate,USD,Unspecified,Lead,,false,false,2026-02-16,Adzuna
Principal Solutions Architect,AI Consulting / Solutions,TechByte Talent Ltd,United Kingdom,London,94000,94000,94000,true,point_estimate,USD,Unspecified,Lead,,false,true,2026-02-16,Adzuna
GCP Data Engineer,Data Engineer,Lime Street Recruitment Limited,United Kingdom,London,70000,70000,70000,true,point_estimate,USD,Unspecified,Mid-level,GCP,false,false,2026-02-13,Adzuna
Geospatial Software Engineer,AI Software Engineer,Bright Purple Resourcing,United Kingdom,Bath,57000,57000,57000,true,point_estimate,USD,Remote,Mid-level,,false,false,2026-02-18,Adzuna
RVP Sales,Other / Unclassified,Jfrog,United Kingdom,London,77000,77000,77000,true,point_estimate,USD,Remote,Mid-level,,false,false,2026-01-07,Adzuna
AI Consultant – AI for Marketing,AI Consulting / Solutions,EPAM Systems,United Kingdom,London,105000,105000,105000,true,point_estimate,USD,Unspecified,Mid-level,,false,false,2026-02-09,Adzuna
Data Engineer (Football Club),Data Engineer,Singular Recruitment,United Kingdom,London,76000,76000,76000,true,point_estimate,USD,Unspecified,Mid-level,,false,false,2025-12-22,Adzuna
Data Engineer (Football Club),Data Engineer,Singular Recruitment,United Kingdom,London,76000,76000,76000,true,point_estimate,USD,Unspecified,Mid-level,,false,true,2025-12-22,Adzuna
Senior AI/ ML Engineer,Machine Learning Engineer,Siena Partnership,United Kingdom,London,106000,106000,106000,true,point_estimate,USD,Unspecified,Senior,,false,false,2026-02-03,Adzuna
Senior AI/ ML Engineer,Machine Learning Engineer,Siena Partnership,United Kingdom,London,107000,107000,107000,true,point_estimate,USD,Unspecified,Senior,,false,true,2026-02-04,Adzuna
DevOps Engineer,AI Software Engineer,Aveni,United Kingdom,,96000,96000,96000,true,point_estimate,USD,Unspecified,Mid-level,,false,false,2026-02-05,Adzuna
Solutions Architect,AI Consulting / Solutions,Jfrog,United Kingdom,London,55000,55000,55000,true,point_estimate,USD,Unspecified,Mid-level,,false,false,2026-01-07,Adzuna
Founding Engineer,Other / Unclassified,Fleetcraft,United Kingdom,London,102000,102000,102000,true,point_estimate,USD,Unspecified,Mid-level,,false,false,2026-02-18,Adzuna
Founding Engineer,Other / Unclassified,Fleetcraft,United Kingdom,London,101000,101000,101000,true,point_estimate,USD,Unspecified,Mid-level,,false,true,2026-02-18,Adzuna
Senior Lead Analyst - Data Science - Machine Learning & Gen AI - UK,Data Scientist,Infosys,United Kingdom,Chester,73000,73000,73000,true,point_estimate,USD,Unspecified,Senior,Python,false,false,2026-01-22,Adzuna
Software Engineer,AI Software Engineer,Evolved Aerospace,United Kingdom,Bristol,65000,65000,65000,true,point_estimate,USD,Onsite,Mid-level,Computer Vision,false,false,2026-02-11,Adzuna
AI Solutions Architect,AI Consulting / Solutions,Digital Waffle,United Kingdom,London,127000,152000,139500,false,range,USD,Onsite,Mid-level,"Docker, NLP",false,false,2026-02-16,Adzuna
AVP - AI Platform Engineer,MLOps / ML Infrastructure,Barclays,United Kingdom,London,85000,85000,85000,true,point_estimate,USD,Unspecified,Mid-level,,false,false,2025-12-08,Adzuna
Sales Director,Other / Unclassified,Espire Infolabs Limited,United Kingdom,London,129000,129000,129000,true,point_estimate,USD,Unspecified,Management,,false,false,2026-01-17,Adzuna
Cyber Security Architect,AI Consulting / Solutions,Anson Mccade,United Kingdom,London,93000,93000,93000,true,point_estimate,USD,Remote,Mid-level,,false,false,2026-02-16,Adzuna
Artificial Intelligence Engineer,AI Engineer,GAME-INTUIT,United Kingdom,London,109000,109000,109000,true,point_estimate,USD,Unspecified,Mid-level,,false,false,2026-02-21,Adzuna
Artificial Intelligence Engineer,AI Engineer,GAME-INTUIT,United Kingdom,London,110000,110000,110000,true,point_estimate,USD,Unspecified,Mid-level,,false,true,2026-02-21,Adzuna
Lead Data & AI Scientist,Other / Unclassified,Experis,United Kingdom,London,127000,190000,158500,false,range,USD,Hybrid,Lead,,false,false,2026-02-12,Adzuna
Senior Technology Leader,Other / Unclassified,Exalto Consulting Limited,United Kingdom,,152000,178000,165000,false,range,USD,Remote,Senior,,false,false,2026-02-20,Adzuna
Lead Data & AI Scientist,Other / Unclassified,Experis,United Kingdom,London,127000,127000,127000,true,point_estimate,USD,Hybrid,Lead,,false,true,2026-02-12,Adzuna
"Outside Sales Product Specialist - Data Management, London",Other / Unclassified,Dell,United Kingdom,Wheathampstead,78000,78000,78000,true,point_estimate,USD,Unspecified,Mid-level,,false,false,2026-02-19,Adzuna
Lead Software Engineer - Applied AI/ML Python Engineer,AI Engineer,JPMorganChase,United Kingdom,London,72000,72000,72000,true,point_estimate,USD,Unspecified,Lead,Python,false,false,2025-08-13,Adzuna
Artificial Intelligence Engineer,AI Engineer,Space Executive,United Kingdom,London,80000,80000,80000,true,point_estimate,USD,Unspecified,Senior,,false,false,2026-01-08,Adzuna
Artificial Intelligence Engineer,AI Engineer,Space Executive,United Kingdom,London,79000,79000,79000,true,point_estimate,USD,Unspecified,Senior,,false,true,2026-01-08,Adzuna
AI/ML Engineer,Machine Learning Engineer,Idyllic Services,United Kingdom,,61000,61000,61000,true,point_estimate,USD,Remote,Mid-level,NLP,false,false,2026-02-18,Adzuna
Senior Software Engineer - AI Eval & Safety,AI Engineer,Red Hat,United Kingdom,Newcastle Upon Tyne,95000,95000,95000,true,point_estimate,USD,Unspecified,Senior,Kubernetes,false,false,2025-12-09,Adzuna
"Outside Sales Product Specialist - Data Management, London",Other / Unclassified,Dell,United Kingdom,Fenchurch St,78000,78000,78000,true,point_estimate,USD,Unspecified,Mid-level,,false,true,2026-02-19,Adzuna
Data Strategy Lead,Other / Unclassified,Ascendion,United Kingdom,Bromley,85000,85000,85000,true,point_estimate,USD,Hybrid,Lead,,false,false,2026-01-27,Adzuna
ML Ops Engineer - Contract,MLOps / ML Infrastructure,CreateFuture,United Kingdom,,76000,76000,76000,true,point_estimate,USD,Remote,Mid-level,,false,false,2026-02-18,Adzuna
Senior Solutions Engineer (DevOps PRESALES) - LONDON (hybrid),AI Software Engineer,Park Lane Recruitment,United Kingdom,,190000,190000,190000,true,point_estimate,USD,Hybrid,Senior,,false,false,2026-02-03,Adzuna
Senior Software Engingeer | ML/AI | Outside IR35 | Remote,Other / Unclassified,SR2 REC LTD,United Kingdom,London,165000,182000,173500,false,range,USD,Remote,Senior,Python,false,false,2026-02-16,Adzuna
GCP Data Engineer,Data Engineer,Lime Street Recruitment Limited,United Kingdom,Dunsdale,66000,108000,87000,false,range,USD,Unspecified,Mid-level,GCP,false,false,2026-02-22,Adzuna
Senior AI Scientist,Other / Unclassified,Harnham,United Kingdom,London,77000,77000,77000,true,point_estimate,USD,Hybrid,Senior,RAG,false,false,2025-12-21,Adzuna
Senior AI Scientist,Other / Unclassified,Harnham,United Kingdom,London,78000,78000,78000,true,point_estimate,USD,Hybrid,Senior,RAG,false,true,2025-12-21,Adzuna
AI Architect,AI Consulting / Solutions,EPAM Systems,United Kingdom,London,73000,73000,73000,true,point_estimate,USD,Unspecified,Mid-level,Azure,false,false,2026-02-09,Adzuna
Lead AI Solutions Architect,AI Consulting / Solutions,Syngenta Group,United Kingdom,Bracknell,135000,135000,135000,true,point_estimate,USD,Unspecified,Lead,,false,false,2026-02-14,Adzuna
Machine Learning Developer,Machine Learning Engineer,Morson Edge,United Kingdom,Warwickshire,165000,198000,181500,false,range,USD,Unspecified,Mid-level,,false,true,2026-02-19,Adzuna
Senior UX/UI Designer,Other / Unclassified,Meraki IT Recruitment,United Kingdom,London,64000,95000,79500,false,range,USD,Unspecified,Senior,,false,false,2026-02-13,Adzuna
"Analytics Platform Engineer (Python, Kubernetes) - Secure Gov - Cheltenham",Data Analyst / BI,Curo Services,United Kingdom,Cheltenham,67000,67000,67000,true,point_estimate,USD,Hybrid,Senior,"Python, Kubernetes",false,false,2026-02-20,Adzuna
EY - GDS Consulting - D&A - Gen AI- Senior,AI Engineer,ey,United Kingdom,,86000,86000,86000,true,point_estimate,USD,Unspecified,Senior,NLP,false,false,2025-07-10,Adzuna
EY - GDS Consulting - D&A - Data Scientist - Senior,Data Scientist,ey,United Kingdom,,80000,80000,80000,true,point_estimate,USD,Unspecified,Senior,NLP,false,false,2025-07-10,Adzuna
Lead Data Scientist,Data Scientist,Global Media Group,United Kingdom,London,102000,102000,102000,true,point_estimate,USD,Unspecified,Lead,,false,false,2025-12-31,Adzuna
Senior AI/ML Architect,AI Engineer,Automat-it,United Kingdom,London,80000,80000,80000,true,point_estimate,USD,Unspecified,Senior,AWS,false,false,2025-12-08,Adzuna
Head of Engineering (AI),Other / Unclassified,Fuse Energy,United Kingdom,London,126000,126000,126000,true,point_estimate,USD,Unspecified,Management,,false,false,2025-07-29,Adzuna
Senior ML Infrastructure Engineer,MLOps / ML Infrastructure,Ellison Institute of Technology,United Kingdom,Oxford,130000,130000,130000,true,point_estimate,USD,Unspecified,Senior,,false,false,2025-12-12,Adzuna
ML Engineer,Machine Learning Engineer,Infinity Quest UK,United Kingdom,,95000,95000,95000,true,point_estimate,USD,Unspecified,Junior,,false,false,2026-02-14,Adzuna
Platform Engineer,AI Software Engineer,Hlx Life Sciences,United Kingdom,London,115000,115000,115000,true,point_estimate,USD,Hybrid,Mid-level,,false,false,2026-02-07,Adzuna
"Forward Deployed ML Engineer, Agents",Machine Learning Engineer,AION,United Kingdom,London,115000,115000,115000,true,point_estimate,USD,Unspecified,Mid-level,,false,false,2025-12-17,Adzuna
Senior Technology Leader,Other / Unclassified,Exalto Consulting ltd,United Kingdom,East Midlands,127000,127000,127000,true,point_estimate,USD,Remote,Senior,,false,false,2026-02-19,Adzuna
Head of Cloud Engineering,AI Software Engineer,CloserStill Media,United Kingdom,Hammersmith,109000,109000,109000,true,point_estimate,USD,Hybrid,Management,,false,false,2026-02-05,Adzuna
Head of Data Science,Data Scientist,Hey Savi,United Kingdom,London,140000,140000,140000,true,point_estimate,USD,Unspecified,Management,Spark,false,false,2026-01-29,Adzuna
Data Engineer,Data Engineer,Maxwell Bond,United Kingdom,Rusholme,57000,70000,63500,false,range,USD,Remote,Mid-level,"Python, AWS, Spark",false,false,2026-02-10,Adzuna
"Outside Sales Product Specialist - Data Management, London",Other / Unclassified,Dell,United Kingdom,Putney Heath,73000,73000,73000,true,point_estimate,USD,Unspecified,Mid-level,,false,true,2026-02-19,Adzuna
"Outside Sales Product Specialist - Data Management, London",Other / Unclassified,Dell,United Kingdom,St. Martins,69000,69000,69000,true,point_estimate,USD,Unspecified,Mid-level,,false,true,2026-02-19,Adzuna
Snowflake Solution Architect,AI Consulting / Solutions,NTT Data,United Kingdom,London,132000,132000,132000,true,point_estimate,USD,Unspecified,Mid-level,,false,false,2026-02-06,Adzuna
Databricks Architect (Modern Big Data),Data Engineer,NTT Data,United Kingdom,London,150000,150000,150000,true,point_estimate,USD,Unspecified,Mid-level,,false,false,2026-02-06,Adzuna
Senior Solutions Engineer,AI Consulting / Solutions,JFrog,United Kingdom,London,64000,64000,64000,true,point_estimate,USD,Remote,Senior,,false,false,2026-01-09,Adzuna
Data Engineer (Football Club),Data Engineer,Singular Recruitment,United Kingdom,London,89000,89000,89000,true,point_estimate,USD,Unspecified,Mid-level,,false,false,2025-06-21,Adzuna
Applied ML & Ops Consultant - Contract,AI Consulting / Solutions,Foundation Health,United Kingdom,,79000,79000,79000,true,point_estimate,USD,Unspecified,Mid-level,,false,false,2026-02-07,Adzuna
AI Delivery Manager,AI Product & Program,Convatec,United Kingdom,Deeside,76000,76000,76000,true,point_estimate,USD,Unspecified,Management,,false,false,2025-12-16,Adzuna
Artificial Intelligence Engineer,AI Engineer,Intellect Group,United Kingdom,London,70000,70000,70000,true,point_estimate,USD,Hybrid,Junior,,false,false,2026-01-25,Adzuna
Senior Perception Engineer for Robotic Manipulation,Computer Vision,All3,United Kingdom,London,70000,70000,70000,true,point_estimate,USD,Onsite,Senior,,false,false,2026-02-16,Adzuna
Artificial Intelligence Engineer,AI Engineer,Intellect Group,United Kingdom,London,71000,71000,71000,true,point_estimate,USD,Hybrid,Junior,,false,true,2026-01-25,Adzuna
Senior Perception Engineer for Robotic Manipulation,Computer Vision,All3,United Kingdom,London,71000,71000,71000,true,point_estimate,USD,Onsite,Senior,,false,true,2026-02-16,Adzuna
Senior Warehouse Operative - Day Shift,Other / Unclassified,A&S Recruitment,United Kingdom,Trimley St. Mary,38000,38000,38000,true,point_estimate,USD,Unspecified,Senior,,false,false,2026-02-20,Adzuna
"AI Ops Engineer - up to £85,000 Benefits - Hybrid - Derby",AI Engineer,Involved Solutions,United Kingdom,Derby,95000,108000,101500,false,range,USD,Hybrid,Mid-level,,false,false,2026-02-05,Adzuna
Specialist Solutions Architect - DS/ML/AI/GenAI with Big Data,Data Engineer,Databricks,United Kingdom,London,101000,101000,101000,true,point_estimate,USD,Unspecified,Mid-level,Spark,false,false,2025-12-06,Adzuna
Senior Lead Analyst - Data Science,Data Scientist,Infosys,United Kingdom,London,92000,92000,92000,true,point_estimate,USD,Unspecified,Senior,,false,false,2025-12-07,Adzuna
Machine Learning DevOps Engineer,AI Software Engineer,Boerboel,United Kingdom,London,75000,75000,75000,true,point_estimate,USD,Remote,Mid-level,,false,false,2025-11-06,Adzuna
Gen AI Engineer,AI Engineer,IBU CONSULTING LTD,United Kingdom,London,73000,73000,73000,true,point_estimate,USD,Unspecified,Senior,"Python, AWS, GCP, Azure",false,false,2026-02-12,Adzuna
Senior Warehouse Operative - Late Shift,Other / Unclassified,A&S Recruitment,United Kingdom,Trimley St. Mary,43000,43000,43000,true,point_estimate,USD,Unspecified,Senior,,false,false,2026-02-20,Adzuna
Applied Data Scientist,Data Scientist,Sword Group,United Kingdom,Glasgow,61000,61000,61000,true,point_estimate,USD,Unspecified,Mid-level,,false,false,2026-02-19,Adzuna
Applied Data Scientist,Data Scientist,Sword Group,United Kingdom,Aberdeen,61000,61000,61000,true,point_estimate,USD,Unspecified,Mid-level,,false,true,2026-02-19,Adzuna
"AI Architect - up to £100,000 Benefits - Hybrid - London",AI Consulting / Solutions,Involved Solutions,United Kingdom,London,108000,127000,117500,false,range,USD,Hybrid,Senior,,false,false,2026-02-05,Adzuna
Senior Solutions Engineer DevOps PRESALES - LONDON hybrid,AI Software Engineer,Park Lane Recruitment Ltd,United Kingdom,London,190000,190000,190000,true,point_estimate,USD,Hybrid,Senior,,false,false,2026-02-06,Adzuna
Machine Learning Developer,Machine Learning Engineer,Rubicon Consulting,United Kingdom,West Midlands,67000,67000,67000,true,point_estimate,USD,Unspecified,Mid-level,Python,false,false,2026-02-18,Adzuna
EY - GDS Consulting - D&A - Data Scientist - Manager,Data Scientist,ey,United Kingdom,,87000,87000,87000,true,point_estimate,USD,Unspecified,Lead,NLP,false,false,2025-07-10,Adzuna
Data Architect,Data Engineer,NTT Data,United Kingdom,London,101000,101000,101000,true,point_estimate,USD,Unspecified,Mid-level,,false,false,2026-02-06,Adzuna
Data Engineer,Data Engineer,Ellison Institute of Technology,United Kingdom,Oxford,88000,88000,88000,true,point_estimate,USD,Unspecified,Mid-level,,false,false,2025-12-12,Adzuna
Senior Computer Vision Engineer,Computer Vision,Adria Solutions,United Kingdom,Winsford,121000,121000,121000,true,point_estimate,USD,Unspecified,Senior,"Python, Computer Vision",false,false,2026-01-15,Adzuna
Founding Computer Vision Engineer,Computer Vision,Munin,United Kingdom,London,73000,73000,73000,true,point_estimate,USD,Unspecified,Mid-level,Computer Vision,false,false,2026-01-26,Adzuna
Computer Vision Engineer,Computer Vision,Mustard Systems,United Kingdom,London,57000,57000,57000,true,point_estimate,USD,Unspecified,Senior,Computer Vision,false,false,2025-12-09,Adzuna
Computer Vision Engineer,Computer Vision,See Change,United Kingdom,Collyhurst,68000,68000,68000,true,point_estimate,USD,Unspecified,Mid-level,Computer Vision,false,false,2026-02-08,Adzuna
Computer Vision Engineer,Computer Vision,CircuitHub,United Kingdom,,60000,60000,60000,true,point_estimate,USD,Unspecified,Mid-level,Computer Vision,false,false,2025-09-20,Adzuna
Computer Vision Engineer,Computer Vision,Spaice,United Kingdom,London,93000,93000,93000,true,point_estimate,USD,Unspecified,Mid-level,Computer Vision,false,false,2025-07-29,Adzuna
Robotics / Computer Vision Engineer,Computer Vision,MoveATech,United Kingdom,London,91000,91000,91000,true,point_estimate,USD,Unspecified,Mid-level,Computer Vision,false,false,2026-02-06,Adzuna
Computer Vision Engineer - Freelance,Computer Vision,HEI,United Kingdom,,82000,82000,82000,true,point_estimate,USD,Remote,Lead,Computer Vision,false,false,2025-11-28,Adzuna
Senior Computer Vision Engineer,Computer Vision,HEI,United Kingdom,,75000,102000,88500,false,range,USD,Hybrid,Senior,Computer Vision,false,false,2026-01-08,Adzuna
Computer Vision Engineer Intern,Computer Vision,Spaice,United Kingdom,London,66000,66000,66000,true,point_estimate,USD,Unspecified,Mid-level,Computer Vision,true,false,2025-11-12,Adzuna
Computer Vision Engineer - Sports Tracking,Computer Vision,HEI,United Kingdom,,61000,81000,71000,false,range,USD,Hybrid,Lead,Computer Vision,false,false,2026-02-01,Adzuna
Computer Vision Engineer - Sports Tracking,Computer Vision,Hawk-Eye Innovations,United Kingdom,Cliddesden,58000,58000,58000,true,point_estimate,USD,Hybrid,Lead,Computer Vision,false,false,2026-02-16,Adzuna
C++ Computer Vision AI Engineer,Computer Vision,Zebra Technologies,United Kingdom,London,88000,88000,88000,true,point_estimate,USD,Remote,Mid-level,Computer Vision,false,false,2026-01-28,Adzuna
Computer Vision Research Engineer (Biometric Platform),AI / ML Research,iProov,United Kingdom,London,47000,47000,47000,true,point_estimate,USD,Remote,Mid-level,Computer Vision,false,false,2026-01-23,Adzuna
Computer Vision and Optimization Engineer,Computer Vision,BotBuilt,United Kingdom,,114000,140000,127000,false,range,USD,Unspecified,Mid-level,"Python, Computer Vision",false,false,2025-07-31,Adzuna
Computer Vision and Artificial Intelligence Engineer,Computer Vision,MBDA,United Kingdom,Bristol,77000,77000,77000,true,point_estimate,USD,Hybrid,Mid-level,Computer Vision,false,false,2026-02-01,Adzuna
Computer Vision and Artificial Intelligence Engineer,Computer Vision,MBDA UK,United Kingdom,Bristol,79000,79000,79000,true,point_estimate,USD,Hybrid,Mid-level,Computer Vision,false,false,2026-02-04,Adzuna
"Research Engineer, Computer Vision & AI",AI / ML Research,Meta,United Kingdom,London,71000,71000,71000,true,point_estimate,USD,Unspecified,Mid-level,"R, Computer Vision",false,false,2025-12-20,Adzuna
Senior Data Research Engineer Computer Vision,AI / ML Research,Premier Group,United Kingdom,Oxfordshire,76000,83000,79500,false,range,USD,Unspecified,Senior,"Python, Computer Vision",false,false,2026-02-03,Adzuna
Computer Vision and Artificial Intelligence Engineer - Graduate Programme 2026,Computer Vision,MBDA,United Kingdom,Bristol,62000,62000,62000,true,point_estimate,USD,Hybrid,Mid-level,Computer Vision,false,false,2025-11-06,Adzuna
Computer Vision and Artificial Intelligence Engineer - Summer Placement 2026,Computer Vision,MBDA,United Kingdom,Bristol,66000,66000,66000,true,point_estimate,USD,Unspecified,Mid-level,Computer Vision,false,false,2026-01-23,Adzuna
Software Engineer,AI Software Engineer,Intellect Group,United Kingdom,London,78000,78000,78000,true,point_estimate,USD,Unspecified,Mid-level,Computer Vision,false,false,2026-02-01,Adzuna
Software Engineer,AI Software Engineer,Intellect Group,United Kingdom,London,79000,79000,79000,true,point_estimate,USD,Unspecified,Mid-level,Computer Vision,false,true,2026-02-01,Adzuna
ML/AI Software Engineer,AI Engineer,RedTech Recruitment Ltd.,United Kingdom,Aldwych,70000,114000,92000,false,range,USD,Unspecified,Mid-level,Computer Vision,false,false,2025-11-07,Adzuna
Software Integration Engineer – Mission Systems,Other / Unclassified,Elvis Eckardt Recruitment,United Kingdom,London,108000,127000,117500,false,range,USD,Unspecified,Mid-level,,false,false,2026-02-11,Adzuna
Founding Mechanical Engineer,Other / Unclassified,Munin,United Kingdom,London,81000,81000,81000,true,point_estimate,USD,Unspecified,Mid-level,,false,false,2026-01-24,Adzuna
Autonomy & Geospatial Systems Integration Engineer,Other / Unclassified,Elvis Eckardt Recruitment,United Kingdom,London,47000,47000,47000,true,point_estimate,USD,Unspecified,Mid-level,,false,false,2025-12-21,Adzuna
Autonomy & Geospatial Systems Integration Engineer,Other / Unclassified,Elvis Eckardt Recruitment,United Kingdom,London,47000,47000,47000,true,point_estimate,USD,Unspecified,Mid-level,,false,true,2025-12-21,Adzuna
Founding Aerospace/Controls Engineer,Other / Unclassified,Munin,United Kingdom,London,77000,77000,77000,true,point_estimate,USD,Unspecified,Mid-level,,false,false,2026-01-26,Adzuna
AVI Camera & Configuration Engineer,Other / Unclassified,Fruition Group,United Kingdom,,95000,95000,95000,true,point_estimate,USD,Remote,Mid-level,Computer Vision,false,false,2026-02-17,Adzuna
Software Engineer,AI Software Engineer,Oxford Metrics,United Kingdom,Yarnton,40000,40000,40000,true,point_estimate,USD,Unspecified,Mid-level,,false,false,2026-01-01,Adzuna
"Software Engineer, Data API (Internship)",AI Software Engineer,Woven,United Kingdom,London,76000,76000,76000,true,point_estimate,USD,Unspecified,Mid-level,,true,false,2026-01-16,Adzuna
VIE - AI Software Engineer F/H,AI Engineer,SAFRAN,United Kingdom,Gloucester,50000,50000,50000,true,point_estimate,USD,Unspecified,Mid-level,,false,false,2025-11-22,Adzuna
AI Software Engineer,AI Engineer,Safran Engineering Services UK Limited,United Kingdom,Gloucester,67000,67000,67000,true,point_estimate,USD,Unspecified,Senior,,false,false,2026-02-06,Adzuna
Computer Vision & SDK Development Lead,Computer Vision,YEO Messaging,United Kingdom,London,87000,87000,87000,true,point_estimate,USD,Unspecified,Lead,Computer Vision,false,false,2026-01-28,Adzuna
Computer Vision & SDK Development Lead,Computer Vision,YEO Messaging,United Kingdom,London,87000,87000,87000,true,point_estimate,USD,Unspecified,Lead,Computer Vision,false,true,2026-01-28,Adzuna
Software Engineering Manager (Spectacles AR),AI Software Engineer,Snap,United Kingdom,London,54000,54000,54000,true,point_estimate,USD,Unspecified,Management,,false,false,2026-01-02,Adzuna
Software Engineer - Data Search,AI Software Engineer,Woven,United Kingdom,London,96000,96000,96000,true,point_estimate,USD,Unspecified,Mid-level,,false,false,2025-12-19,Adzuna
2026 Applied AI/ML Associate Program - Internship,AI Engineer,JPMorganChase,United Kingdom,London,80000,80000,80000,true,point_estimate,USD,Unspecified,Junior,,true,false,2025-10-31,Adzuna
Staff Software Engineer - Data Search,AI Software Engineer,Woven,United Kingdom,London,95000,95000,95000,true,point_estimate,USD,Unspecified,Lead,,false,false,2026-01-16,Adzuna
Global Recruiter,Other / Unclassified,Auterion,United Kingdom,London,60000,60000,60000,true,point_estimate,USD,Unspecified,Mid-level,,false,false,2025-11-16,Adzuna
Software Engineering Manager (Spectacles AR),AI Software Engineer,Snap Inc.,United Kingdom,London,53000,53000,53000,true,point_estimate,USD,Unspecified,Management,,false,false,2025-12-02,Adzuna
2026 Applied AI\/ML Associate Program - Internship,Other / Unclassified,JP Morgan Chase,United Kingdom,London,78000,78000,78000,true,point_estimate,USD,Unspecified,Junior,,true,false,2025-11-10,Adzuna
Natural Language Processing (NLP) Engineer,NLP / LLM Engineering,Your Personal AI,United Kingdom,,56000,56000,56000,true,point_estimate,USD,Unspecified,Mid-level,NLP,false,false,2026-01-23,Adzuna
Natural Language Processing (NLP) AI Platform Engineer,MLOps / ML Infrastructure,accenture,United Kingdom,,73000,73000,73000,true,point_estimate,USD,Unspecified,Mid-level,NLP,false,false,2025-05-22,Adzuna
Senior Data Scientist,Data Scientist,Anson Mccade,United Kingdom,London,127000,127000,127000,true,point_estimate,USD,Hybrid,Senior,,false,false,2026-01-30,Adzuna
AI Engineer (Research-Focused - Defence & National Security),AI / ML Research,Oxford Dynamics,United Kingdom,,87000,87000,87000,true,point_estimate,USD,Unspecified,Mid-level,,false,false,2026-01-29,Adzuna
Natural Language Processing Researcher,AI / ML Research,G-Research,United Kingdom,London,59000,59000,59000,true,point_estimate,USD,Unspecified,Mid-level,,false,false,2026-01-14,Adzuna
Head of Quantitative Sustainable Investment Research,AI / ML Research,Lazard Careers,United Kingdom,,46000,46000,46000,true,point_estimate,USD,Unspecified,Management,,false,false,2026-02-11,Adzuna
Senior Manager - AIML Senior Developer-COR026980,AI Software Engineer,genpact,United Kingdom,,66000,66000,66000,true,point_estimate,USD,Unspecified,Senior,,false,false,2025-05-22,Adzuna
Manager - AIML Developer-COR026979,AI Software Engineer,genpact,United Kingdom,,61000,61000,61000,true,point_estimate,USD,Unspecified,Management,,false,false,2025-05-22,Adzuna
Sr. Marketing Manager - AEO,Other / Unclassified,Kraken,United Kingdom,London,60000,60000,60000,true,point_estimate,USD,Unspecified,Senior,,false,true,2025-12-19,Adzuna
Data Scientist : Graph Database & Ontology Specialist,Data Scientist,Tekever,United Kingdom,Bristol,79000,79000,79000,true,point_estimate,USD,Unspecified,Lead,,false,false,2026-01-28,Adzuna
Machine Learning Research Engineer (Foundational Research),AI / ML Research,Thomson Reuters,United Kingdom,London,59000,59000,59000,true,point_estimate,USD,Unspecified,Mid-level,,false,false,2025-11-29,Adzuna
"Research Scientist, LLM Agents (Foundational Research)",AI / ML Research,Thomson Reuters,United Kingdom,London,53000,53000,53000,true,point_estimate,USD,Unspecified,Mid-level,,false,false,2025-12-14,Adzuna
"Manager, Lead Research Scientist, LLM Agents (Foundational Research)",AI / ML Research,Thomson Reuters,United Kingdom,London,59000,59000,59000,true,point_estimate,USD,Unspecified,Lead,,false,false,2025-12-14,Adzuna
Research Scientist Intern,AI / ML Research,Thomson Reuters,United Kingdom,London,35000,35000,35000,true,point_estimate,USD,Unspecified,Mid-level,,true,false,2026-02-20,Adzuna
"Manager, Lead Research Scientist, Training Data (Foundational Research)",AI / ML Research,Thomson Reuters,United Kingdom,London,46000,46000,46000,true,point_estimate,USD,Unspecified,Lead,,false,false,2025-12-14,Adzuna
AI Research Engineer,AI / ML Research,Homeprotect,United Kingdom,New Malden,56000,56000,56000,true,point_estimate,USD,Unspecified,Mid-level,,false,false,2026-02-10,Adzuna
Head of AI Research,AI / ML Research,Thales,United Kingdom,Patshull Park,90000,90000,90000,true,point_estimate,USD,Unspecified,Management,,false,false,2026-02-20,Adzuna
AI Research Engineer,AI / ML Research,Prolific,United Kingdom,London,78000,78000,78000,true,point_estimate,USD,Unspecified,Mid-level,,false,false,2025-11-01,Adzuna
Head of AI Research,AI / ML Research,Thales,United Kingdom,Reading,93000,93000,93000,true,point_estimate,USD,Unspecified,Management,,false,true,2026-02-19,Adzuna
AI Research Engineer,AI / ML Research,Harnham - Data & Analytics Recruitment,United Kingdom,London,76000,89000,82500,false,range,USD,Hybrid,Mid-level,,false,false,2026-02-19,Adzuna
Edge AI Researcher,AI / ML Research,University of Hull,United Kingdom,,42000,49000,45500,false,range,USD,Unspecified,Mid-level,,false,false,2026-02-10,Adzuna
BRAIN AI Researcher,AI / ML Research,WorldQuant,United Kingdom,London,71000,71000,71000,true,point_estimate,USD,Unspecified,Mid-level,,false,false,2025-05-23,Adzuna
AI Research Engineer,AI / ML Research,Xaira Therapeutics,United Kingdom,London,50000,50000,50000,true,point_estimate,USD,Unspecified,Mid-level,,false,false,2025-07-10,Adzuna
AI research engineer,AI / ML Research,Bending Spoons,United Kingdom,London,49000,49000,49000,true,point_estimate,USD,Unspecified,Mid-level,,false,false,2026-01-05,Adzuna
AI Research Engineer,AI / ML Research,PostHog,United Kingdom,,60000,60000,60000,true,point_estimate,USD,Unspecified,Mid-level,SQL,false,false,2026-02-06,Adzuna
Senior Scientist - Cyber AI/ML Research,AI / ML Research,Carbon60 - Eng&Tech,United Kingdom,Newport,99000,132000,115500,false,range,USD,Unspecified,Senior,,false,false,2026-02-09,Adzuna
AI Research Assistant (PhD),AI / ML Research,Meta,United Kingdom,London,47000,47000,47000,true,point_estimate,USD,Unspecified,Mid-level,Computer Vision,false,false,2026-02-17,Adzuna
Lead AI Research Engineer,AI / ML Research,AVEVA,United Kingdom,Cambridge,86000,86000,86000,true,point_estimate,USD,Unspecified,Lead,,false,false,2026-01-17,Adzuna
Principal AI Research Scientist,AI / ML Research,Autodesk,United Kingdom,London,73000,73000,73000,true,point_estimate,USD,Unspecified,Lead,Computer Vision,false,false,2026-02-11,Adzuna
Lead AI Research Engineer,AI / ML Research,AVEVA,United Kingdom,Londonderry,104000,104000,104000,true,point_estimate,USD,Unspecified,Lead,,false,false,2026-01-28,Adzuna
Lead AI Research Engineer,AI / ML Research,AVEVA,United Kingdom,London,108000,108000,108000,true,point_estimate,USD,Unspecified,Lead,,false,true,2026-01-15,Adzuna
Finance Intern for AI Research,AI / ML Research,Mentis AI,United Kingdom,,52000,52000,52000,true,point_estimate,USD,Unspecified,Mid-level,,true,false,2026-02-11,Adzuna
Senior AI Research Scientist,AI / ML Research,Axon,United Kingdom,,77000,77000,77000,true,point_estimate,USD,Unspecified,Senior,,false,false,2026-02-10,Adzuna
AI Systems Research Engineer,AI / ML Research,microTECH Global LTD,United Kingdom,Edinburgh,61000,61000,61000,true,point_estimate,USD,Unspecified,Senior,,false,false,2026-02-07,Adzuna
AI Research Senior Associate - Agents,AI / ML Research,JPMorganChase,United Kingdom,London,68000,68000,68000,true,point_estimate,USD,Unspecified,Junior,,false,false,2026-02-14,Adzuna
Associate Principal - AI Research Scientist,AI / ML Research,AstraZeneca,United Kingdom,Cambridge,80000,80000,80000,true,point_estimate,USD,Unspecified,Junior,,false,false,2026-02-19,Adzuna
Generative AI Research Research Engineer,AI / ML Research,Citi,United Kingdom,,105000,105000,105000,true,point_estimate,USD,Unspecified,Mid-level,,false,false,2025-05-22,Adzuna
BRILLIANT PART-TIME HYBRID PA/EA OPPORTUNITY SUPPORTING SUCCESSFUL AI RESEARCHER,AI / ML Research,19 London,United Kingdom,London,66000,66000,66000,true,point_estimate,USD,Hybrid,Lead,,false,false,2026-02-17,Adzuna
NLP AI Research Scientist - Senior Associate,AI / ML Research,JPMorganChase,United Kingdom,London,84000,84000,84000,true,point_estimate,USD,Unspecified,Junior,NLP,false,false,2026-01-29,Adzuna
2026 AI Research Associate Program - Internship,AI / ML Research,JP Morgan Chase,United Kingdom,London,65000,65000,65000,true,point_estimate,USD,Unspecified,Junior,,true,false,2025-11-10,Adzuna
AI Research Scientist Multimodal VLM and MLLM,AI / ML Research,Autodesk,United Kingdom,London,74000,74000,74000,true,point_estimate,USD,Unspecified,Mid-level,Computer Vision,false,false,2025-11-14,Adzuna
Science & Frontier AI Research - Writer / Communicator,AI / ML Research,DeepMind,United Kingdom,London,53000,53000,53000,true,point_estimate,USD,Unspecified,Mid-level,,false,false,2026-02-14,Adzuna
"Campus AI Researcher, PhD/Postdoc (Intern)",AI / ML Research,Jump Trading,United Kingdom,London,70000,70000,70000,true,point_estimate,USD,Unspecified,Mid-level,,true,false,2025-08-10,Adzuna
AI Research Scientist | Protein-Protein Interactions,AI / ML Research,Resurrect Bio,United Kingdom,White City,82000,82000,82000,true,point_estimate,USD,Hybrid,Mid-level,,false,false,2025-12-01,Adzuna
"Campus AI Researcher, PhD/Postdoc (Full-Time)",AI / ML Research,Jump Trading,United Kingdom,London,77000,77000,77000,true,point_estimate,USD,Unspecified,Mid-level,,false,false,2025-08-10,Adzuna
AI Research Engineer - Reinforcement Learning (100% Remote),AI / ML Research,Tether Operations Limited,United Kingdom,London,78000,78000,78000,true,point_estimate,USD,Remote,Mid-level,,false,false,2026-02-18,Adzuna
AI Research Engineer - Pre training (100% Remote),AI / ML Research,Tether Operations Limited,United Kingdom,London,64000,64000,64000,true,point_estimate,USD,Remote,Mid-level,,false,false,2026-02-18,Adzuna
AI Cyber Researcher,AI / ML Research,Advanced Resource Managers Limited,United Kingdom,Newport,132000,132000,132000,true,point_estimate,USD,Unspecified,Mid-level,,false,false,2026-01-27,Adzuna
AI Security Researcher,AI / ML Research,Wiz,United Kingdom,London,75000,75000,75000,true,point_estimate,USD,Unspecified,Mid-level,,false,false,2025-12-23,Adzuna
AI Cyber Researcher,AI / ML Research,ARM,United Kingdom,Cherry Hinton,64000,64000,64000,true,point_estimate,USD,Unspecified,Mid-level,"Python, R",false,false,2026-02-22,Adzuna
AI Engineer - Research,AI / ML Research,causaLens,United Kingdom,West Kensington,51000,51000,51000,true,point_estimate,USD,Unspecified,Mid-level,,false,false,2026-01-30,Adzuna
HR AI & Research - AI Delivery - Applied AI/ML Lead - Vice President,AI / ML Research,JPMorganChase,United Kingdom,London,89000,89000,89000,true,point_estimate,USD,Unspecified,Lead,,false,false,2025-12-21,Adzuna
AI Security Research Engineering,AI / ML Research,HP,United Kingdom,,58000,58000,58000,true,point_estimate,USD,Unspecified,Mid-level,,false,false,2026-02-01,Adzuna
AI Security Research Engineer,AI / ML Research,HP,United Kingdom,,56000,56000,56000,true,point_estimate,USD,Unspecified,Mid-level,,false,false,2026-02-01,Adzuna
2026 AI/ML Research Fellow,AI / ML Research,"Intuition Machines, Inc.",United Kingdom,London,59000,59000,59000,true,point_estimate,USD,Unspecified,Mid-level,,false,false,2025-09-22,Adzuna
AI Training - Research Scientist (UK),AI / ML Research,Prolific,United Kingdom,London,88000,88000,88000,true,point_estimate,USD,Unspecified,Mid-level,,false,false,2026-01-21,Adzuna
AI Agent Research & Application Intern,AI / ML Research,Tencent,United Kingdom,London,54000,54000,54000,true,point_estimate,USD,Unspecified,Mid-level,,true,false,2026-01-30,Adzuna
AI Video Research Engineer Intern,AI / ML Research,Tether Operations Limited,United Kingdom,London,51000,51000,51000,true,point_estimate,USD,Unspecified,Mid-level,,true,false,2026-02-18,Adzuna
Senior Scientist - Cyber AI / ML Research,AI / ML Research,Line Up Aviation,United Kingdom,Newport,,132000,132000,true,point_estimate,USD,Onsite,Senior,,false,false,2026-01-28,Adzuna
Senior Scientist - Cyber AI/ML Research,AI / ML Research,Carbon 60,United Kingdom,Bassaleg,99000,132000,115500,false,range,USD,Unspecified,Senior,,false,false,2026-02-06,Adzuna
"Research Scientist, AI for Agriculture, Google Research",AI / ML Research,Google,United Kingdom,,47000,47000,47000,true,point_estimate,USD,Unspecified,Mid-level,"Python, Computer Vision",false,false,2025-05-22,Adzuna
Senior Scientist - Cyber AI/ML Research,AI / ML Research,Carbon 60,United Kingdom,Llanrumney,47000,64000,55500,false,range,USD,Unspecified,Senior,Python,false,false,2026-02-22,Adzuna
Research Intern-AI,AI / ML Research,ibm,United Kingdom,,51000,51000,51000,true,point_estimate,USD,Unspecified,Lead,,true,false,2025-05-22,Adzuna
Applied AI/ML Director Researcher,AI / ML Research,JPMorganChase,United Kingdom,London,74000,74000,74000,true,point_estimate,USD,Unspecified,Management,,false,false,2025-12-20,Adzuna
Applied AI ML Researcher Senior Associate - Commercial and Investment Bank,AI / ML Research,JPMorganChase,United Kingdom,London,86000,86000,86000,true,point_estimate,USD,Unspecified,Junior,,false,false,2025-12-19,Adzuna
Commercial & Investment Bank - Automated Trading Strategies AI\ML Researcher - Associate,AI / ML Research,JPMorganChase,United Kingdom,London,82000,82000,82000,true,point_estimate,USD,Unspecified,Junior,,false,false,2025-10-14,Adzuna
Oncologists (ST4-7) Required for AI Healthcare Research (MDT Task based Work),AI / ML Research,Mentis AI,United Kingdom,,71000,71000,71000,true,point_estimate,USD,Unspecified,Mid-level,,false,false,2025-11-18,Adzuna
Research Engineer (Molecular AI),AI / ML Research,deepmirror,United Kingdom,Bloomsbury,65000,65000,65000,true,point_estimate,USD,Unspecified,Mid-level,,false,false,2026-01-23,Adzuna
Principal Research Scientist - AI Safety,AI / ML Research,Faculty AI,United Kingdom,London,80000,80000,80000,true,point_estimate,USD,Unspecified,Lead,,false,false,2025-12-12,Adzuna
Senior Research Scientist - AI Safety,AI / ML Research,Faculty AI,United Kingdom,London,81000,81000,81000,true,point_estimate,USD,Unspecified,Senior,,false,false,2025-11-14,Adzuna
"Research Scientist, AI/ML (PhD)",AI / ML Research,Meta,United Kingdom,London,44000,44000,44000,true,point_estimate,USD,Unspecified,Mid-level,,false,false,2025-12-20,Adzuna
Applied AI ML Lead Researcher - Commercial and Investment Bank,AI / ML Research,JPMorganChase,United Kingdom,London,87000,87000,87000,true,point_estimate,USD,Unspecified,Lead,,false,false,2025-12-19,Adzuna
"Research Scientist, AI for Extreme Weather Forecasting",AI / ML Research,DeepMind,United Kingdom,London,81000,81000,81000,true,point_estimate,USD,Unspecified,Mid-level,,false,false,2026-02-10,Adzuna
Artificial Intelligence Engineer,AI Engineer,Salvada Talent,United Kingdom,Cheltenham,76000,76000,76000,true,point_estimate,USD,Unspecified,Senior,"Python, Docker",false,false,2026-01-29,Adzuna
"Team Lead, Research Engineering, AI for Chip Design",AI / ML Research,DeepMind,United Kingdom,London,100000,100000,100000,true,point_estimate,USD,Unspecified,Lead,,false,false,2025-10-30,Adzuna
Physics Researcher (Python) - Freelance AI Trainer,AI Training & Annotation,Mindrift,United Kingdom,,77000,77000,77000,true,point_estimate,USD,Unspecified,Mid-level,Python,false,false,2026-02-21,Adzuna
Platform Engineer,AI Software Engineer,Few&Far,United Kingdom,London,84000,84000,84000,true,point_estimate,USD,Onsite,Mid-level,,false,false,2026-01-29,Adzuna
Platform Engineer,AI Software Engineer,Few&Far,United Kingdom,London,85000,85000,85000,true,point_estimate,USD,Onsite,Mid-level,,false,true,2026-01-29,Adzuna
Staff Software Engineer (Fullstack / Remote UK),AI Software Engineer,TalentCo,United Kingdom,Bury,70000,70000,70000,true,point_estimate,USD,Remote,Lead,,false,false,2026-02-16,Adzuna
Staff Software Engineer (Fullstack / Remote UK),AI Software Engineer,TalentCo,United Kingdom,Covent Garden,78000,78000,78000,true,point_estimate,USD,Remote,Lead,,false,true,2026-02-16,Adzuna
Staff Software Engineer (Fullstack / Remote UK),AI Software Engineer,TalentCo,United Kingdom,Altrincham,71000,71000,71000,true,point_estimate,USD,Remote,Lead,,false,true,2026-02-16,Adzuna
Staff Software Engineer (Fullstack / Remote UK),AI Software Engineer,TalentCo,United Kingdom,,74000,74000,74000,true,point_estimate,USD,Remote,Lead,,false,true,2026-02-16,Adzuna
Staff Software Engineer (Fullstack / Remote UK),AI Software Engineer,TalentCo,United Kingdom,Bolton,70000,70000,70000,true,point_estimate,USD,Remote,Lead,,false,true,2026-02-16,Adzuna
Staff Software Engineer (Fullstack / Remote UK),AI Software Engineer,TalentCo,United Kingdom,Leigh,71000,71000,71000,true,point_estimate,USD,Remote,Lead,,false,true,2026-02-16,Adzuna
Staff Software Engineer (Fullstack / Remote UK),AI Software Engineer,TalentCo,United Kingdom,Leeds,69000,69000,69000,true,point_estimate,USD,Remote,Lead,,false,true,2026-02-16,Adzuna
Staff Software Engineer (Fullstack / Remote UK),AI Software Engineer,TalentCo,United Kingdom,London,77000,77000,77000,true,point_estimate,USD,Remote,Lead,,false,true,2026-02-16,Adzuna
Staff Software Engineer (Fullstack / Remote UK),AI Software Engineer,TalentCo,United Kingdom,Ashton-Under-Lyne,71000,71000,71000,true,point_estimate,USD,Remote,Lead,,false,true,2026-02-16,Adzuna
Staff Software Engineer (Fullstack / Remote UK),AI Software Engineer,TalentCo,United Kingdom,London,77000,77000,77000,true,point_estimate,USD,Remote,Lead,,false,true,2026-02-16,Adzuna
Artificial Intelligence Researcher,AI / ML Research,microTECH Global LTD,United Kingdom,London,69000,69000,69000,true,point_estimate,USD,Hybrid,Mid-level,,false,false,2026-02-08,Adzuna
Artificial Intelligence Researcher,AI / ML Research,microTECH Global LTD,United Kingdom,London,68000,68000,68000,true,point_estimate,USD,Hybrid,Mid-level,,false,true,2026-02-08,Adzuna
Senior ML Infrastructure Engineer,MLOps / ML Infrastructure,Harnham,United Kingdom,Eastern England,119000,119000,119000,true,point_estimate,USD,Unspecified,Senior,,false,false,2026-02-05,Adzuna
Research Scientist (Embodied AI & World Models),AI / ML Research,Graphcore,United Kingdom,Bristol,64000,64000,64000,true,point_estimate,USD,Unspecified,Mid-level,,false,false,2025-12-15,Adzuna
Research Scientist (Embodied AI & World Models),AI / ML Research,Graphcore,United Kingdom,London,65000,65000,65000,true,point_estimate,USD,Unspecified,Mid-level,,false,true,2025-11-17,Adzuna
Research Scientist (Embodied AI & World Models),AI / ML Research,Graphcore,United Kingdom,Cambridge,64000,64000,64000,true,point_estimate,USD,Unspecified,Mid-level,,false,true,2025-12-15,Adzuna
Research Associate in AI for Electronic Systems Modelling,AI / ML Research,University of Edinburgh,United Kingdom,,52000,62000,57000,false,range,USD,Unspecified,Junior,,false,false,2026-02-17,Adzuna
"PhD Research Intern, AI for Climate and Weather Simulation 2026",AI / ML Research,NVIDIA,United Kingdom,,84000,84000,84000,true,point_estimate,USD,Hybrid,Mid-level,,true,false,2026-02-21,Adzuna
Senior Research Perception Engineer,AI / ML Research,Randstad Digital,United Kingdom,London,127000,127000,127000,true,point_estimate,USD,Unspecified,Senior,,false,false,2026-01-23,Adzuna
Back End Developer,AI Software Engineer,SEEKR,United Kingdom,London,131000,131000,131000,true,point_estimate,USD,Unspecified,Senior,,false,false,2026-02-16,Adzuna
Back End Developer,AI Software Engineer,SEEKR,United Kingdom,London,132000,132000,132000,true,point_estimate,USD,Unspecified,Senior,,false,true,2026-02-16,Adzuna
AI Simulation and Control Engineer (up to £125k  equity),AI Engineer,Optimal Agriculture,United Kingdom,London,157000,157000,157000,true,point_estimate,USD,Unspecified,Management,,false,false,2026-02-07,Adzuna
Senior Full Stack Engineer,AI Software Engineer,Altech Group Ltd,United Kingdom,,84000,84000,84000,true,point_estimate,USD,Remote,Senior,Python,false,false,2026-02-21,Adzuna
Senior Research Engineer,AI / ML Research,Durlston Partners,United Kingdom,London,98000,98000,98000,true,point_estimate,USD,Onsite,Senior,,false,false,2026-02-18,Adzuna
Senior Research Engineer,AI / ML Research,Durlston Partners,United Kingdom,London,99000,99000,99000,true,point_estimate,USD,Onsite,Senior,,false,true,2026-02-18,Adzuna
Medical Expert,Other / Unclassified,Weekday AI,United Kingdom,,54000,54000,54000,true,point_estimate,USD,Unspecified,Mid-level,,false,false,2025-10-13,Adzuna
Brokerage Clerks,Other / Unclassified,Weekday AI,United Kingdom,,38000,38000,38000,true,point_estimate,USD,Remote,Mid-level,,false,false,2026-01-21,Adzuna
Judicial Law Clerks,Other / Unclassified,Weekday AI,United Kingdom,,39000,39000,39000,true,point_estimate,USD,Remote,Mid-level,,false,false,2026-01-21,Adzuna
"Research Scientist Intern, AI/ML, Core Ads Growth (PhD)",AI / ML Research,Meta,United Kingdom,London,60000,60000,60000,true,point_estimate,USD,Unspecified,Mid-level,,true,false,2025-12-25,Adzuna
"Research Scientist Intern, AI\/ML, Core Ads Growth (PhD)",AI / ML Research,Meta,United Kingdom,London,53000,53000,53000,true,point_estimate,USD,Unspecified,Mid-level,,true,false,2026-01-02,Adzuna
Research Engineer,AI / ML Research,Harnham,United Kingdom,London,75000,75000,75000,true,point_estimate,USD,Unspecified,Mid-level,,false,false,2026-01-09,Adzuna
Research Engineer,AI / ML Research,Harnham,United Kingdom,London,75000,75000,75000,true,point_estimate,USD,Unspecified,Mid-level,,false,true,2026-01-09,Adzuna
Compute Services Manager,Other / Unclassified,UKRI,United Kingdom,Swindon,44000,44000,44000,true,point_estimate,USD,Hybrid,Management,,false,false,2026-02-11,Adzuna
Senior Full Stack Engineer,AI Software Engineer,Curated,United Kingdom,London,104000,104000,104000,true,point_estimate,USD,Hybrid,Senior,Python,false,false,2026-02-18,Adzuna
Staff Software Engineer,AI Software Engineer,SR2 | Socially Responsible Recruitment | Certified B Corporation™,United Kingdom,London,90000,90000,90000,true,point_estimate,USD,Unspecified,Lead,Python,false,false,2026-02-11,Adzuna
Senior Full Stack Engineer,AI Software Engineer,Curated,United Kingdom,London,103000,103000,103000,true,point_estimate,USD,Hybrid,Senior,Python,false,true,2026-02-18,Adzuna
Staff Software Engineer,AI Software Engineer,SR2 | Socially Responsible Recruitment | Certified B Corporation™,United Kingdom,London,91000,91000,91000,true,point_estimate,USD,Unspecified,Lead,Python,false,true,2026-02-11,Adzuna
STEM PhDs (Medicine) AI Trainer,AI Training & Annotation,Weekday AI,United Kingdom,,38000,38000,38000,true,point_estimate,USD,Unspecified,Mid-level,,false,false,2025-10-01,Adzuna
Senior Full-Stack AI Engineer (contract),AI Engineer,Oxford Dynamics,United Kingdom,,117000,117000,117000,true,point_estimate,USD,Unspecified,Senior,,false,false,2025-12-16,Adzuna
"AI Engineer, London",AI Engineer,Eloquent AI,United Kingdom,London,67000,67000,67000,true,point_estimate,USD,Unspecified,Mid-level,,false,false,2025-10-29,Adzuna
Marketing Lead - B2B,Other / Unclassified,Harnham - Data & Analytics Recruitment,United Kingdom,London,76000,102000,89000,false,range,USD,Hybrid,Lead,,false,false,2026-02-19,Adzuna
Principal AI Software Engineer,AI Engineer,Formula Recruitment,United Kingdom,London,135000,135000,135000,true,point_estimate,USD,Hybrid,Lead,,false,false,2026-02-16,Adzuna
STEM PhDs (Physics) AI Trainer,AI Training & Annotation,Weekday AI,United Kingdom,,45000,45000,45000,true,point_estimate,USD,Unspecified,Mid-level,,false,false,2025-10-01,Adzuna
STEM PhDs (Engineering) AI Trainer,AI Training & Annotation,Weekday AI,United Kingdom,,45000,45000,45000,true,point_estimate,USD,Unspecified,Mid-level,,false,false,2025-10-01,Adzuna
Graduation Internship - research - London,AI / ML Research,H Company,United Kingdom,London,43000,43000,43000,true,point_estimate,USD,Unspecified,Mid-level,,true,false,2026-02-05,Adzuna
Applied Research - Artificial Intelligence - London - VP,AI / ML Research,Goldman Sachs,United Kingdom,London,87000,87000,87000,true,point_estimate,USD,Unspecified,Management,,false,false,2025-12-19,Adzuna
STEM PhDs (Computer Science) AI Trainer,AI Training & Annotation,Weekday AI,United Kingdom,,43000,43000,43000,true,point_estimate,USD,Unspecified,Mid-level,,false,false,2025-10-01,Adzuna
Senior Machine Learning Scientist,AI / ML Research,RedTech Recruitment,United Kingdom,London,89000,89000,89000,true,point_estimate,USD,Unspecified,Senior,,false,false,2026-02-05,Adzuna
Senior Machine Learning Scientist,AI / ML Research,RedTech Recruitment,United Kingdom,London,90000,90000,90000,true,point_estimate,USD,Unspecified,Senior,,false,true,2026-02-05,Adzuna
Applied Research - Artificial Intelligence - London - Associate,AI / ML Research,Goldman Sachs,United Kingdom,London,75000,75000,75000,true,point_estimate,USD,Unspecified,Junior,,false,false,2025-12-19,Adzuna
"Security Engineer, Detection and Response",Other / Unclassified,OpenAI,United Kingdom,London,58000,58000,58000,true,point_estimate,USD,Unspecified,Mid-level,OpenAI,false,false,2025-05-13,Adzuna
STEM PhDs - Math,AI Training & Annotation,Weekday AI,United Kingdom,,38000,38000,38000,true,point_estimate,USD,Unspecified,Mid-level,,false,false,2025-10-24,Adzuna
ML Researcher,AI / ML Research,Tec Partners,United Kingdom,Cambridge,76000,108000,92000,false,range,USD,Hybrid,Mid-level,,false,false,2026-02-10,Adzuna
Account Executive,Other / Unclassified,Solve Intelligence,United Kingdom,London,115000,115000,115000,true,point_estimate,USD,Unspecified,Mid-level,,false,false,2026-01-25,Adzuna
Account Executive,Other / Unclassified,Solve Intelligence,United Kingdom,London,114000,114000,114000,true,point_estimate,USD,Unspecified,Mid-level,,false,true,2026-01-25,Adzuna
"Data Scientist, Music Mission",Data Scientist,Spotify,United Kingdom,,51000,51000,51000,true,point_estimate,USD,Unspecified,Mid-level,,false,false,2026-02-07,Adzuna
Mechanical Systems Engineer,Other / Unclassified,Lawrence Harvey,United Kingdom,Oxford,69000,69000,69000,true,point_estimate,USD,Unspecified,Mid-level,,false,false,2026-02-07,Adzuna
Biology PhDs (Wet Lab Experience) AI Trainer,AI Training & Annotation,Weekday AI,United Kingdom,,41000,41000,41000,true,point_estimate,USD,Unspecified,Mid-level,,false,false,2025-10-01,Adzuna
Legal Expert,Other / Unclassified,Weekday AI,United Kingdom,,38000,38000,38000,true,point_estimate,USD,Unspecified,Mid-level,,false,false,2025-10-01,Adzuna
ML Researcher,AI / ML Research,Tec Partners,United Kingdom,Chesterton,76000,108000,92000,false,range,USD,Unspecified,Mid-level,"Python, PyTorch, TensorFlow",false,false,2026-02-22,Adzuna
Corporate Finance / Investment Banking Professionals Required for AI Project (EMEA),Other / Unclassified,Mentis AI,United Kingdom,London,132000,660000,396000,false,range,USD,Remote,Mid-level,,false,false,2025-11-27,Adzuna
GPU Systems Engineer- Tech-Driven Algorithmic Fund,Other / Unclassified,Oxford Knight,United Kingdom,London,157000,157000,157000,true,point_estimate,USD,Unspecified,Mid-level,,false,false,2026-02-16,Adzuna
Bioinformatics PhDs,AI Training & Annotation,Weekday AI,United Kingdom,,36000,36000,36000,true,point_estimate,USD,Unspecified,Mid-level,,false,false,2025-11-10,Adzuna
"GTM Lead, UK/EU & US",Other / Unclassified,Basis Research Institute,United Kingdom,London,73000,73000,73000,true,point_estimate,USD,Unspecified,Lead,,false,false,2025-11-26,Adzuna
Research Engineer - Pretraining,AI / ML Research,Anthropic,United Kingdom,London,330000,800000,565000,false,range,USD,Unspecified,Mid-level,,false,false,2026-02-18,Adzuna
Postdoctoral Research Associate in Image-based Vascular Modelling for AI and CFD in Digital Twin Assisted Surgery,AI / ML Research,University of Strathclyde,United Kingdom,,48000,58000,53000,false,range,USD,Unspecified,Junior,,false,false,2026-01-26,Adzuna
Finance AI Specialist,AI Engineer,Weekday AI,United Kingdom,,53000,53000,53000,true,point_estimate,USD,Unspecified,Mid-level,,false,false,2025-11-03,Adzuna
Financial Advising Expert,Other / Unclassified,Weekday AI,United Kingdom,,60000,60000,60000,true,point_estimate,USD,Unspecified,Mid-level,,false,false,2025-10-01,Adzuna
"Research Engineer / Scientist, Alignment Science, London",AI / ML Research,Anthropic,United Kingdom,London,330000,470000,400000,false,range,USD,Unspecified,Mid-level,,false,false,2025-04-02,Adzuna
Community Manager,Other / Unclassified,Citizen Kind,United Kingdom,Surrey,28000,30000,29000,false,range,USD,Unspecified,Management,,false,false,2025-03-31,Adzuna
Principal Software Engineer,AI Software Engineer,SR2 REC LTD,United Kingdom,London,127000,190000,158500,false,range,USD,Unspecified,Lead,Python,false,false,2026-01-27,Adzuna
Staff Forward Deployed AI Quant,Other / Unclassified,Selby Jennings London,United Kingdom,London,171000,210000,190500,false,range,USD,Unspecified,Lead,,false,false,2026-01-28,Adzuna
HPC Engineer,Other / Unclassified,CommonAI C.I.C.,United Kingdom,Cambridge,69000,69000,69000,true,point_estimate,USD,Unspecified,Mid-level,,false,false,2026-02-17,Adzuna
ML Research Engineer,AI / ML Research,Recraft,United Kingdom,London,85000,85000,85000,true,point_estimate,USD,Unspecified,Mid-level,,false,false,2025-09-07,Adzuna
ML Researcher,AI / ML Research,Tec Partners Limited,United Kingdom,Trumpington,79000,79000,79000,true,point_estimate,USD,Hybrid,Mid-level,,false,false,2026-02-14,Adzuna
Senior Data Scientist,Data Scientist,Viber,United Kingdom,Bankside,96000,96000,96000,true,point_estimate,USD,Unspecified,Senior,,false,false,2026-01-14,Adzuna
ML Researcher,AI / ML Research,TEC Partners,United Kingdom,Pampisford,76000,108000,92000,false,range,USD,Hybrid,Mid-level,,false,true,2026-02-10,Adzuna
"Senior Research Scientist, Cohere Labs",AI / ML Research,Cohere,United Kingdom,London,68000,68000,68000,true,point_estimate,USD,Unspecified,Senior,RAG,false,false,2025-09-25,Adzuna
Senior Applied AI Engineer,AI Engineer,Lawhive,United Kingdom,London,114000,178000,146000,false,range,USD,Unspecified,Senior,,false,false,2025-12-13,Adzuna
Senior Software Engineer,AI Software Engineer,SR2 REC LTD,United Kingdom,London,,127000,127000,true,point_estimate,USD,Hybrid,Senior,Python,false,false,2026-02-10,Adzuna
Senior Applied AI Scientist (AI Marketplace),Other / Unclassified,Preply,United Kingdom,London,85000,85000,85000,true,point_estimate,USD,Unspecified,Senior,,false,false,2026-02-18,Adzuna
Senior Machine Learning Scientist,AI / ML Research,RedTech Recruitment Ltd.,United Kingdom,West Kensington,89000,114000,101500,false,range,USD,Unspecified,Senior,,false,false,2026-02-04,Adzuna
"Associate, Artificial Intelligence",Other / Unclassified,Tradeweb,United Kingdom,London,93000,93000,93000,true,point_estimate,USD,Unspecified,Junior,,false,false,2026-02-05,Adzuna
"Software Engineer, Internal Infrastructure (Europe & UK)",AI Software Engineer,Cohere,United Kingdom,,87000,87000,87000,true,point_estimate,USD,Unspecified,Mid-level,RAG,false,false,2025-10-11,Adzuna
"Associate, Artificial Intelligence",Other / Unclassified,Tradeweb Markets,United Kingdom,London,92000,92000,92000,true,point_estimate,USD,Unspecified,Junior,,false,false,2026-02-05,Adzuna
"Staff Software Engineer, Inference",AI Software Engineer,Anthropic,United Kingdom,London,413000,495000,454000,false,range,USD,Unspecified,Lead,,false,false,2026-02-04,Adzuna
"Senior Software Engineer, Systems",AI Software Engineer,Anthropic,United Kingdom,London,305000,413000,359000,false,range,USD,Unspecified,Senior,,false,false,2026-01-09,Adzuna
Quantum Sensing Summer Intern,Other / Unclassified,Nokia Global,United Kingdom,,87000,87000,87000,true,point_estimate,USD,Unspecified,Mid-level,,true,false,2025-12-06,Adzuna
Senior Staff AI Engineer (Field & Community) - EMEA,AI Engineer,Anyscale,United Kingdom,London,155000,155000,155000,true,point_estimate,USD,Unspecified,Senior,OpenAI,false,false,2026-01-26,Adzuna
2026 Graduate Machine Learning Engineer - Applied AI,Machine Learning Engineer,Graphcore,United Kingdom,Bristol,66000,66000,66000,true,point_estimate,USD,Unspecified,Mid-level,,false,true,2026-01-16,Adzuna
Product Manager,AI Product & Program,Keebler Health,United Kingdom,,140000,165000,152500,false,range,USD,Unspecified,Lead,,false,false,2026-01-08,Adzuna
"Research Engineer, Machine Learning (Reinforcement Learning)",AI / ML Research,Anthropic,United Kingdom,London,74000,74000,74000,true,point_estimate,USD,Unspecified,Lead,,false,false,2026-02-12,Adzuna
"Software Engineer, Platform Systems",AI Software Engineer,OpenAI,United Kingdom,London,77000,77000,77000,true,point_estimate,USD,Unspecified,Mid-level,OpenAI,false,false,2026-01-25,Adzuna
Immunoinformatics Engineer,Other / Unclassified,Dalton,United Kingdom,London,71000,71000,71000,true,point_estimate,USD,Unspecified,Mid-level,,false,false,2026-02-19,Adzuna
Cheminformatics Engineer,Other / Unclassified,Dalton,United Kingdom,London,67000,67000,67000,true,point_estimate,USD,Unspecified,Mid-level,,false,false,2026-02-19,Adzuna
"Enterprise Account Executive, Healthcare & Life Sciences",Other / Unclassified,Anthropic,United Kingdom,London,81000,81000,81000,true,point_estimate,USD,Unspecified,Mid-level,,false,false,2026-01-05,Adzuna
"Senior Python Engineer, ML",Other / Unclassified,Lawhive,United Kingdom,London,114000,178000,146000,false,range,USD,Unspecified,Senior,Python,false,false,2025-10-05,Adzuna
Staff Machine Learning Researcher,AI / ML Research,Orbital,United Kingdom,Lea Bridge,73000,73000,73000,true,point_estimate,USD,Unspecified,Lead,,false,false,2026-02-18,Adzuna
"Software Developer, Applied AI - NEW YORK CITY - UNITED STATES",AI Software Engineer,Park Lane Recruitment,United Kingdom,,318000,318000,318000,true,point_estimate,USD,Hybrid,Mid-level,,false,false,2026-02-20,Adzuna
Business Development Lead,Other / Unclassified,Plexus Resource Solutions Ltd,United Kingdom,London,127000,127000,127000,true,point_estimate,USD,Remote,Lead,,false,false,2026-02-05,Adzuna
Staff Forward Deployed AI Quant - Selby Jennings,Other / Unclassified,Selby Jennings,United Kingdom,London,127000,127000,127000,true,point_estimate,USD,Unspecified,Lead,,false,false,2026-01-31,Adzuna
AI Technical Recruiter/Business Development Manager (AI POD Solutions),Other / Unclassified,MaxAccelerate,United Kingdom,Edinburgh,76000,76000,76000,true,point_estimate,USD,Remote,Management,,false,false,2025-09-26,Adzuna
AI Technical Recruiter/Business Development Manager (AI POD Solutions),Other / Unclassified,MaxAccelerate,United Kingdom,London,79000,79000,79000,true,point_estimate,USD,Remote,Management,,false,true,2025-09-26,Adzuna
Senior Research Perception Engineer,AI / ML Research,Randstad Digital,United Kingdom,London,127000,127000,127000,true,point_estimate,USD,Unspecified,Senior,,false,true,2026-01-21,Adzuna
AI Engineer - FDE (Forward Deployed Engineer),AI Engineer,Databricks,United Kingdom,London,73000,73000,73000,true,point_estimate,USD,Unspecified,Mid-level,,false,false,2025-12-12,Adzuna
Senior/Staff Software Engineer - Infrastructure,AI Software Engineer,Perplexity,United Kingdom,London,87000,87000,87000,true,point_estimate,USD,Unspecified,Senior,,false,false,2026-02-12,Adzuna
Business Development Executive,Other / Unclassified,Data Spartan,United Kingdom,London,69000,69000,69000,true,point_estimate,USD,Unspecified,Mid-level,,false,false,2025-06-04,Adzuna
Trusts & Foundations Officer,Other / Unclassified,Isabel Hospice,United Kingdom,Welwyn Garden City,36000,36000,36000,true,point_estimate,USD,Unspecified,Management,,false,false,2025-09-12,Adzuna
"Software Engineer, Safeguards Infrastructure",AI Software Engineer,Anthropic,United Kingdom,London,324000,413000,368500,false,range,USD,Unspecified,Mid-level,,false,false,2026-01-23,Adzuna
Applied AI ML Director,Other / Unclassified,JPMorganChase,United Kingdom,London,100000,100000,100000,true,point_estimate,USD,Unspecified,Management,,false,false,2026-02-14,Adzuna
Member of Technical Staff (ML),Other / Unclassified,Reka,United Kingdom,,67000,67000,67000,true,point_estimate,USD,Unspecified,Lead,,false,false,2025-06-25,Adzuna
Member of Technical Staff (Applied AI),Other / Unclassified,Reka,United Kingdom,,60000,60000,60000,true,point_estimate,USD,Unspecified,Lead,,false,false,2026-01-23,Adzuna
"Global Medical Expert Network (Pathology, Radiology, Cardiology)",Other / Unclassified,CloudFactory,United Kingdom,,73000,73000,73000,true,point_estimate,USD,Unspecified,Mid-level,,false,false,2025-10-16,Adzuna
Lead Software Engineer,AI Software Engineer,WeBuild-AI,United Kingdom,London,93000,93000,93000,true,point_estimate,USD,Unspecified,Lead,,false,false,2025-10-23,Adzuna
Principal Software Engineer,AI Software Engineer,WeBuild-AI,United Kingdom,London,97000,97000,97000,true,point_estimate,USD,Unspecified,Lead,,false,false,2025-08-21,Adzuna
Business Analyst,Data Analyst / BI,WeBuild-AI,United Kingdom,London,64000,64000,64000,true,point_estimate,USD,Unspecified,Mid-level,,false,false,2025-12-19,Adzuna
Senior AI Engineer (London),AI Engineer,Finster AI,United Kingdom,London,61000,61000,61000,true,point_estimate,USD,Unspecified,Senior,,false,false,2025-11-17,Adzuna
AI Engineer/ Sr AI Engineer,AI Engineer,Description Chubb,Canada,Toronto,,,,false,none,USD,Unspecified,Senior,,false,false,2025-10-08,Adzuna
AI Engineer/ Sr AI Engineer,AI Engineer,Chubb,Canada,Toronto,,,,false,none,USD,Unspecified,Senior,,false,false,2025-06-12,Adzuna
AI Engineer / Sr. AI Engineer,AI Engineer,Chubb,Canada,Toronto,,,,false,none,USD,Unspecified,Senior,,false,false,2025-08-10,Adzuna
AI Engineer,AI Engineer,Metova,Canada,,,,,false,none,USD,Unspecified,Mid-level,RAG,false,false,2025-12-08,Adzuna
AI Engineer,AI Engineer,Valsoft Corporation,Canada,,,,,false,none,USD,Unspecified,Mid-level,,false,false,2026-02-18,Adzuna
AI Engineer,AI Engineer,Valsoft Corporation,Canada,Toronto,,,,false,none,USD,Unspecified,Mid-level,,false,false,2026-02-06,Adzuna
AI Engineer,AI Engineer,Valsoft Corporation,Canada,Montréal,,,,false,none,USD,Unspecified,Mid-level,,false,true,2026-02-06,Adzuna
AI Engineer,AI Engineer,Compass Group,Canada,,,,,false,none,USD,Unspecified,Mid-level,,false,false,2026-01-08,Adzuna
AI Engineer,AI Engineer,First West Credit Union,Canada,Langley,,,,false,none,USD,Unspecified,Mid-level,,false,false,2026-01-28,Adzuna
AI Engineer,AI Engineer,Description Chubb,Canada,Toronto,,,,false,none,USD,Unspecified,Mid-level,,false,false,2025-10-08,Adzuna
AI Engineer,AI Engineer,Samsara,Canada,Toronto,,,,false,none,USD,Unspecified,Mid-level,,false,false,2026-02-06,Adzuna
AI Engineer,AI Engineer,GEI Consultants,Canada,Kitchener,81000,111000,96000,false,range,USD,Unspecified,Mid-level,,false,false,2026-01-24,Adzuna
AI Engineer,AI Engineer,GEI Consultants,Canada,Markham,81000,111000,96000,false,range,USD,Unspecified,Mid-level,,false,true,2026-01-24,Adzuna
AI Engineer,AI Engineer,GEI Consultants,Canada,Concord,81000,111000,96000,false,range,USD,Unspecified,Mid-level,,false,true,2026-01-24,Adzuna
AI Engineer,AI Engineer,GEI Consultants,Canada,Guelph,81000,111000,96000,false,range,USD,Unspecified,Mid-level,,false,true,2026-01-24,Adzuna
AI Engineer,AI Engineer,Armilla AI,Canada,Toronto,,,,false,none,USD,Unspecified,Mid-level,,false,false,2026-01-09,Adzuna
AI Engineer,AI Engineer,LGS,Canada,Montréal,,,,false,none,USD,Unspecified,Mid-level,,false,false,2026-02-20,Adzuna
AI Engineer,AI Engineer,NTT DATA North America,Canada,Halifax region,,,,false,none,USD,Remote,Mid-level,,false,false,2026-02-19,Adzuna
AI Engineer,AI Engineer,YuJa Inc.,Canada,Lawrence Park,,,,false,none,USD,Unspecified,Mid-level,,false,false,2026-02-14,Adzuna
AI Engineer,AI Engineer,Infosys,Canada,Calgary,,,,false,none,USD,Unspecified,Senior,,false,false,2025-12-13,Adzuna
AI Engineer,AI Engineer,Execulink Telecom,Canada,Woodstock,,,,false,none,USD,Unspecified,Mid-level,"R, RAG",false,false,2026-02-19,Adzuna
AI Engineer,AI Engineer,Xylem,Canada,Mississauga,56000,63000,59500,false,range,USD,Unspecified,Mid-level,,false,false,2026-02-14,Adzuna
AI Engineer,AI Engineer,Guidepoint,Canada,Toronto,,,,false,none,USD,Unspecified,Mid-level,,false,false,2026-01-10,Adzuna
Ai Engineer,AI Engineer,Volatus Aerospace,Canada,Mirabel,,,,false,none,USD,Unspecified,Management,,false,false,2026-01-29,Adzuna
AI Engineer,AI Engineer,Robots and Pencils,Canada,Calgary,,,,false,none,USD,Unspecified,Mid-level,RAG,false,false,2026-01-27,Adzuna
AI Engineer,AI Engineer,Biiibo Inc.,Canada,Concord,67000,96000,81500,false,range,USD,Hybrid,Mid-level,,false,false,2025-02-24,Adzuna
AI Engineer,AI Engineer,Adaptive ML,Canada,Toronto,,,,false,none,USD,Unspecified,Mid-level,,false,false,2026-02-21,Adzuna
AI Engineer,AI Engineer,OpusClip,Canada,Burnaby,85000,200000,142500,false,range,USD,Unspecified,Mid-level,,false,false,2026-01-18,Adzuna
AI Engineer,AI Engineer,Epistemix,Canada,,,,,false,none,USD,Unspecified,Mid-level,,false,false,2026-02-09,Adzuna
AI Engineer,AI Engineer,BDO,Canada,,57000,87000,72000,false,range,USD,Unspecified,Mid-level,,false,false,2026-02-13,Adzuna
AI Engineer,AI Engineer,TheAppLabb,Canada,Central Bay Street,,,,false,none,USD,Unspecified,Mid-level,,false,false,2025-03-12,Adzuna
AI Engineer,AI Engineer,TheAppLabb,Canada,Toronto,,,,false,none,USD,Unspecified,Mid-level,,false,false,2026-01-31,Adzuna
AI Engineer,AI Engineer,Magna International,Canada,,,,,false,none,USD,Unspecified,Mid-level,,false,false,2026-02-19,Adzuna
AI Engineer,AI Engineer,"Magna International, Inc",Canada,Newmarket,,,,false,none,USD,Unspecified,Mid-level,,false,false,2026-02-19,Adzuna
AI Engineer,AI Engineer,Martell Ventures,Canada,Vancouver,,,,false,none,USD,Remote,Mid-level,,false,false,2026-02-22,Adzuna
AI Engineer,AI Engineer,Martell Ventures,Canada,Toronto,,,,false,none,USD,Remote,Mid-level,,false,true,2026-02-22,Adzuna
"AI Engineer, AI Platform",MLOps / ML Infrastructure,Affinity.co,Canada,,86000,118000,102000,false,range,USD,Unspecified,Mid-level,,false,false,2026-02-15,Adzuna
Generative AI Engineer,AI Engineer,Alexa Translations,Canada,Montréal,,,,false,none,USD,Unspecified,Senior,,false,false,2026-02-12,Adzuna
Full Stack AI Engineer / Applied AI Engineer,AI Engineer,Xsolla,Canada,Montréal,,,,false,none,USD,Unspecified,Mid-level,,false,false,2025-12-07,Adzuna
Senior AI Engineer,AI Engineer,TELUS Digital,Canada,Greater Vancouver,96000,118000,107000,false,range,USD,Unspecified,Senior,,false,false,2026-02-18,Adzuna
Director of AI Engineering,AI Engineer,Apollo.io,Canada,,222000,333000,277500,false,range,USD,Unspecified,Management,,false,false,2025-11-22,Adzuna
Principal AI Engineer,AI Engineer,Dayforce,Canada,,,,,false,none,USD,Remote,Lead,,false,false,2026-01-22,Adzuna
Lead AI Engineer,AI Engineer,Royal Bank of Canada,Canada,,,,,false,none,USD,Unspecified,Lead,,false,false,2026-01-31,Adzuna
Senior AI Engineer,AI Engineer,Procurify,Canada,Greater Vancouver,90000,124000,107000,false,range,USD,Unspecified,Senior,,false,false,2026-01-21,Adzuna
Senior AI Engineer,AI Engineer,Procurify,Canada,,,,,false,none,USD,Unspecified,Senior,,false,false,2026-02-20,Adzuna
Applied AI Engineer,AI Engineer,Warp,Canada,,163000,204000,183500,false,range,USD,Unspecified,Mid-level,,false,false,2025-05-18,Adzuna
Senior AI Engineer,AI Engineer,Apollo.io,Canada,,18000,160000,89000,false,range,USD,Unspecified,Senior,,false,false,2026-01-31,Adzuna
Data/AI Engineer,AI Engineer,Guidepoint,Canada,Toronto,,,,false,none,USD,Unspecified,Mid-level,,false,false,2026-01-14,Adzuna
Senior AI Engineer,AI Engineer,Constant Contact,Canada,,94000,118000,106000,false,range,USD,Unspecified,Senior,,false,false,2026-02-13,Adzuna
Senior AI Engineer,AI Engineer,Rootly,Canada,Toronto,,,,false,none,USD,Unspecified,Senior,,false,false,2025-11-23,Adzuna
Senior AI Engineer,AI Engineer,Guidepoint,Canada,Toronto,,,,false,none,USD,Unspecified,Senior,,false,false,2026-01-14,Adzuna
AI Engineer II,AI Engineer,Royal Bank of Canada,Canada,,67000,100000,83500,false,range,USD,Unspecified,Junior,,false,false,2026-02-05,Adzuna
Staff AI Engineer,AI Engineer,Procurify,Canada,Greater Vancouver,135000,163000,149000,false,range,USD,Unspecified,Lead,,false,false,2026-01-21,Adzuna
Staff AI Engineer,AI Engineer,Procurify,Canada,,,,,false,none,USD,Unspecified,Lead,,false,false,2026-02-20,Adzuna
Applied AI Engineer,AI Engineer,Ampliwork,Canada,Montréal,74000,118000,96000,false,range,USD,Unspecified,Lead,Python,false,false,2026-02-18,Adzuna
Senior AI Engineer,AI Engineer,Unblocked,Canada,Greater Vancouver,,,,false,none,USD,Unspecified,Senior,,false,false,2025-07-30,Adzuna
Senior AI Engineer,AI Engineer,2K,Canada,Montréal,,,,false,none,USD,Unspecified,Senior,,false,false,2026-01-24,Adzuna
Senior AI Engineer,AI Engineer,Cloud Chamber,Canada,Montréal,,,,false,none,USD,Unspecified,Senior,,false,false,2026-01-24,Adzuna
Senior AI Engineer,AI Engineer,mobileLIVE,Canada,,,,,false,none,USD,Unspecified,Senior,,false,false,2025-11-19,Adzuna
Applied AI Engineer,AI Engineer,Valence,Canada,Toronto,,,,false,none,USD,Unspecified,Mid-level,,false,false,2026-01-25,Adzuna
Lead AI Engineer,AI Engineer,Altus Group,Canada,Toronto,126000,148000,137000,false,range,USD,Unspecified,Lead,,false,false,2026-02-16,Adzuna
Software AI Engineer,AI Engineer,Autodesk,Canada,,58000,85000,71500,false,range,USD,Unspecified,Lead,,false,false,2026-01-30,Adzuna
Data & AI Engineering,AI Engineer,FluidAI Medical,Canada,Kitchener,34000,38000,36000,false,range,USD,Unspecified,Mid-level,,false,false,2026-02-06,Adzuna
Sr. AI Engineer,AI Engineer,TheAppLabb,Canada,Central Bay Street,,,,false,none,USD,Unspecified,Senior,,false,false,2026-01-07,Adzuna
Software AI Engineer,AI Engineer,Autodesk,Canada,Toronto,,,,false,none,USD,Unspecified,Lead,,false,false,2026-01-29,Adzuna
Senior AI Engineer,AI Engineer,TalentTank Recruiting,Canada,Toronto,,,,false,none,USD,Hybrid,Senior,,false,false,2025-09-27,Adzuna
Sr. AI Engineer,AI Engineer,TheAppLabb,Canada,Toronto,,,,false,none,USD,Unspecified,Senior,,false,false,2026-01-31,Adzuna
Senior AI Engineer (Agentic AI),AI Engineer,Prophix,Canada,Etobicoke,90000,126000,108000,false,range,USD,Unspecified,Senior,,false,false,2026-02-09,Adzuna
Senior Generative AI Engineer,AI Engineer,Alexa Translations,Canada,Montréal,,,,false,none,USD,Unspecified,Senior,,false,false,2025-11-26,Adzuna
Applied AI Engineer (Automation),AI Engineer,Fusemachines,Canada,Toronto,,,,false,none,USD,Unspecified,Junior,,false,false,2026-02-09,Adzuna
Senior Agentic AI Engineer,AI Engineer,Tiger Analytics Inc.,Canada,,,,,false,none,USD,Unspecified,Senior,,false,false,2025-10-28,Adzuna
AI Engineer – GenAI Developer,AI Engineer,LGS,Canada,Montréal,,,,false,none,USD,Unspecified,Mid-level,,false,false,2026-02-20,Adzuna
"Vice President, AI Engineer",AI Engineer,BMO,Canada,Toronto,,,,false,none,USD,Unspecified,Management,,false,false,2026-02-07,Adzuna
Senior Generative AI Engineer,AI Engineer,Alexa Translations,Canada,Toronto,,,,false,none,USD,Unspecified,Senior,,false,false,2026-02-11,Adzuna
Cloud Data & AI Engineer,AI Engineer,OSI Digital,Canada,Greater Vancouver,37000,96000,66500,false,range,USD,Unspecified,Mid-level,,false,false,2026-01-19,Adzuna
Cloud Data & AI Engineer,AI Engineer,OSI Digital,Canada,Vancouver,37000,96000,66500,false,range,USD,Unspecified,Mid-level,,false,false,2026-02-21,Adzuna
Applied AI Engineer (Automation),AI Engineer,Fusemachines,Canada,,,,,false,none,USD,Unspecified,Junior,,false,false,2026-02-11,Adzuna
AI Engineer (Pre-Sales),AI Engineer,Adaptive ML,Canada,Toronto,,,,false,none,USD,Unspecified,Lead,,false,false,2025-09-26,Adzuna
Forward Deployed AI Engineer,AI Engineer,Adaptive ML,Canada,Toronto,,,,false,none,USD,Unspecified,Mid-level,,false,false,2026-02-21,Adzuna
Artificial Intelligence (AI) Engineer,AI Engineer,TMX,Canada,,,,,false,none,USD,Unspecified,Mid-level,,false,false,2026-02-19,Adzuna
Machine Learning/AI Engineer,AI Engineer,Warner Music,Canada,,85000,122000,103500,false,range,USD,Unspecified,Mid-level,,false,false,2026-01-15,Adzuna
Machine Learning/AI Engineer,AI Engineer,Warner Music Group,Canada,Toronto,,,,false,none,USD,Unspecified,Mid-level,,false,false,2026-02-16,Adzuna
AI Engineer (GenAI/LLMOps),MLOps / ML Infrastructure,Manulife,Canada,,,,,false,none,USD,Unspecified,Mid-level,,false,false,2026-02-21,Adzuna
AI Engineer (GenAI/LLMOps),MLOps / ML Infrastructure,Manulife,Canada,Toronto,,,,false,none,USD,Unspecified,Mid-level,,false,true,2026-02-20,Adzuna
Associate AI Engineer I,AI Engineer,TD,Canada,Toronto,,,,false,none,USD,Unspecified,Junior,,false,false,2026-01-29,Adzuna
AI Engineer - Security and Automation,AI Engineer,Diligent Corporation,Canada,Greater Vancouver,97000,121000,109000,false,range,USD,Unspecified,Mid-level,,false,false,2026-02-11,Adzuna
Team Lead AI Engineer,AI Engineer,Typescouts,Canada,Toronto,40000,53000,46500,false,range,USD,Remote,Lead,,false,false,2025-12-14,Adzuna
AI Engineer | J.D. Power,AI Engineer,Ziphire.hr,Canada,,,,,false,none,USD,Unspecified,Mid-level,,false,false,2026-02-18,Adzuna
"Lead AI Engineer, LLMs & SLMs",AI Engineer,Artificial.Agency,Canada,Edmonton,,,,false,none,USD,Unspecified,Senior,Fine-tuning,false,false,2025-11-20,Adzuna
Applied AI Engineer – Agentic Workflows,AI Engineer,Cohere,Canada,Montréal,,,,false,none,USD,Unspecified,Mid-level,RAG,false,false,2026-01-29,Adzuna
Applied AI Engineer – GenAI Systems,AI Engineer,Manulife,Canada,,,,,false,none,USD,Unspecified,Mid-level,,false,false,2026-02-10,Adzuna
Applied AI Engineer - GenAI Systems,AI Engineer,Manulife,Canada,Toronto,,,,false,none,USD,Unspecified,Mid-level,,false,false,2026-02-11,Adzuna
Senior Consultant - Blockchain and AI Engineering,AI Engineer,EY,Canada,Saint John region,,,,false,none,USD,Unspecified,Senior,,false,false,2026-02-05,Adzuna
"AI Engineer – AIOps, IT Infrastructure ML",AI Engineer,Astra North Infoteck Inc.,Canada,Toronto,,,,false,none,USD,Unspecified,Mid-level,,false,false,2026-02-14,Adzuna
Member of Technical Staff (Applied AI Engineer),AI Engineer,MLabs,Canada,Toronto,,,,false,none,USD,Onsite,Lead,,false,false,2026-02-18,Adzuna
Senior AI Engineer - Voice Biometrics & Conversational AI,NLP / LLM Engineering,US Mobile,Canada,,,,,false,none,USD,Unspecified,Senior,,false,false,2026-01-18,Adzuna
Senior Director/VP - Head of AI Engineering,AI Engineer,CommerceIQ,Canada,Toronto,,,,false,none,USD,Unspecified,Senior,,false,false,2025-11-01,Adzuna
Principal AI Engineer (Autonomous Agent) (CA),AI Engineer,PointClickCare,Canada,,,,,false,none,USD,Unspecified,Lead,,false,false,2026-01-16,Adzuna
AI Engineer - FDE (Forward Deployed Engineer),AI Engineer,Databricks,Canada,,,,,false,none,USD,Unspecified,Mid-level,,false,false,2026-02-13,Adzuna
Generative AI Engineering Specialist (multiple roles),AI Engineer,Morgan Stanley,Canada,Montréal,,,,false,none,USD,Unspecified,Mid-level,,false,false,2025-08-09,Adzuna
Ingénieur développeur Intelligence Artificielle / AI Engineer,AI Engineer,Avanade Canada Company,Canada,,72000,101000,86500,false,range,USD,Unspecified,Mid-level,,false,false,2026-01-09,Adzuna
"Senior AI Engineer, World Foundation Models",AI Engineer,NVIDIA,Canada,,,,,false,none,USD,Unspecified,Senior,,false,false,2026-02-04,Adzuna
Ingnieur dveloppeur Intelligence Artificielle / AI Engineer,AI Engineer,Avanade Inc.,Canada,Montréal,,,,false,none,USD,Unspecified,Mid-level,,false,false,2025-12-11,Adzuna
"AI Performance Engineer (Cloud AI Engineering), Sr | Staff | Sr. Staff",AI Engineer,Qualcomm,Canada,Markham,,,,false,none,USD,Unspecified,Senior,,false,false,2026-02-15,Adzuna
"AI Integration Engineer, AI/ML",AI Engineer,Viral Nation,Canada,,,,,false,none,USD,Unspecified,Mid-level,,false,false,2026-02-06,Adzuna
AI Principal Engineer,AI Engineer,Improvado,Canada,,,,,false,none,USD,Unspecified,Lead,,false,false,2026-01-16,Adzuna
AI Engineer/Ingénieur(e) en intelligence artificielle,AI Engineer,KPI Digital,Canada,Dorval,,,,false,none,USD,Unspecified,Mid-level,,false,false,2025-11-22,Adzuna
AI Engineer/Ingnieur(e) en intelligence artificielle,AI Engineer,KPI Digital,Canada,Montréal,,,,false,none,USD,Unspecified,Mid-level,,false,false,2026-01-31,Adzuna
"Senior AI Engineer, LLMs & SLMs (Multiple Roles)",AI Engineer,Artificial.Agency,Canada,Edmonton,,,,false,none,USD,Unspecified,Senior,"NLP, Fine-tuning",false,false,2024-10-02,Adzuna
Lead Robotic Process Automation & Agentic AI Engineer,AI Engineer,Vancity,Canada,Mount Pleasant,84000,103000,93500,false,range,USD,Unspecified,Lead,,false,false,2026-01-09,Adzuna
"Principal AI Engineer, Agentic Models and Data Platforms",Data Engineer,Royal Bank of Canada,Canada,Calgary,,,,false,none,USD,Hybrid,Lead,,false,false,2026-01-04,Adzuna
Senior Applied AI Engineer - GenAI & Actuarial Systems,AI Engineer,Manulife,Canada,Toronto,,,,false,none,USD,Unspecified,Senior,,false,false,2026-02-11,Adzuna
Senior Applied AI Engineer – GenAI & Actuarial Systems,AI Engineer,Manulife,Canada,,,,,false,none,USD,Unspecified,Senior,,false,false,2026-02-10,Adzuna
"Staff AI Engineer - Grafana Ops, AI/ML | Canada | Remote",AI Engineer,Grafana Labs,Canada,,,,,false,none,USD,Remote,Lead,,false,false,2025-12-31,Adzuna
"Senior AI Engineer - Grafana Ops, AI/ML | USA | Remote",AI Engineer,Grafana Labs,Canada,,,,,false,none,USD,Remote,Senior,,false,false,2026-02-14,Adzuna
AI Enablement Engineer,AI Engineer,Electronic Arts,Canada,Greater Vancouver,,,,false,none,USD,Unspecified,Mid-level,,false,false,2026-01-29,Adzuna
AI Sales Engineer,AI Engineer,VersaFile,Canada,Greater Vancouver,92000,111000,101500,false,range,USD,Unspecified,Mid-level,,false,false,2025-10-30,Adzuna
AI Sales Engineer,AI Engineer,VersaFile,Canada,,,,,false,none,USD,Unspecified,Mid-level,,false,false,2026-01-28,Adzuna
AI Solution Engineer,AI Engineer,Alquemy,Canada,Toronto,,,,false,none,USD,Unspecified,Mid-level,"LangChain, RAG",false,false,2025-10-20,Adzuna
AI Research Engineer,AI / ML Research,EnCharge AI,Canada,,,,,false,none,USD,Unspecified,Mid-level,,false,false,2025-08-07,Adzuna
AI Runtime Engineer,AI Engineer,EnCharge AI,Canada,,,,,false,none,USD,Unspecified,Mid-level,,false,false,2025-08-07,Adzuna
AI Compiler Engineer,AI Engineer,EnCharge AI,Canada,,,,,false,none,USD,Unspecified,Mid-level,,false,false,2025-08-07,Adzuna
AI Application Engineer,AI Engineer,Pani Energy,Canada,Harbour Centre,,,,false,none,USD,Unspecified,Mid-level,,false,false,2025-07-14,Adzuna
AI Research Engineer,AI / ML Research,Pixieset,Canada,Vancouver,,,,false,none,USD,Unspecified,Mid-level,Computer Vision,false,false,2026-01-31,Adzuna
AI Research Engineer,AI / ML Research,Deloitte,Canada,Toronto,,,,false,none,USD,Hybrid,Mid-level,,false,false,2026-01-23,Adzuna
AI / ML Engineer,Machine Learning Engineer,Bpm Llp,Canada,,,,,false,none,USD,Unspecified,Lead,,false,false,2025-10-09,Adzuna
AI Controls Engineer,AI Engineer,Ironbelly Studios,Canada,Waterloo,,,,false,none,USD,Unspecified,Mid-level,R,false,false,2025-10-23,Adzuna
AI Prompt Engineer,NLP / LLM Engineering,OneMCI,Canada,,,,,false,none,USD,Unspecified,Mid-level,,false,false,2025-08-27,Adzuna
AI Automation Engineer,AI Engineer,Pontosense,Canada,Kitchener,,,,false,none,USD,Unspecified,Mid-level,,false,false,2026-02-21,Adzuna
AI Platform Engineer,MLOps / ML Infrastructure,Superhuman,Canada,,76000,95000,85500,false,range,USD,Unspecified,Mid-level,,false,false,2026-02-21,Adzuna
"Director of AI Engineering – Generative AI & Autonomous Systems (10033) Toronto, Canada",AI Engineer,Extreme Networks,Canada,Toronto,,,,false,none,USD,Unspecified,Lead,,false,false,2025-11-27,Adzuna
Senior GenAI Specialist / AI Engineer - Assistant Vice President,AI Engineer,Citigroup,Canada,Mississauga,,,,false,none,USD,Unspecified,Senior,RAG,false,false,2026-02-11,Adzuna
AI Engineering Co-op (4 Months starting May),AI Engineer,Magna International,Canada,Milton,,,,false,none,USD,Unspecified,Mid-level,,false,false,2026-02-19,Adzuna
AI Engineering Co-op (4 Months starting May),AI Engineer,"Magna International, Inc",Canada,Milton,,,,false,none,USD,Unspecified,Mid-level,,false,false,2026-02-18,Adzuna
Gen AI - Prompt Engineer,NLP / LLM Engineering,Apptad Inc,Canada,Mont-Royal,100000,100000,100000,true,point_estimate,USD,Unspecified,Mid-level,Python,false,false,2026-02-19,Adzuna
Senior AI Gameplay Engineer,AI Engineer,"Certain Affinity, Inc.",Canada,Greater Vancouver,,,,false,none,USD,Unspecified,Senior,,false,false,2026-02-05,Adzuna
"Student, Gen AI Engineer, SLC Management (Summer & Fall 2026)",AI Engineer,Sun Life,Canada,,,,,false,none,USD,Unspecified,Mid-level,,false,false,2026-02-07,Adzuna
"AI Implementation Engineer (Azure AI, Agents & Automation)",AI Engineer,Tribe Property Technologies,Canada,Greater Vancouver,,,,false,none,USD,Hybrid,Management,Azure,false,false,2026-01-21,Adzuna
Senior AI/ML Engineer,Machine Learning Engineer,PRAGMATIKE,Canada,Vancouver,,,,false,none,USD,Unspecified,Senior,,false,false,2026-02-07,Adzuna
Senior AI/ML Engineer,Machine Learning Engineer,PRAGMATIKE,Canada,Toronto,,,,false,none,USD,Unspecified,Senior,,false,true,2026-02-07,Adzuna
Senior AI/ML Engineer,Machine Learning Engineer,PRAGMATIKE,Canada,Montréal,,,,false,none,USD,Unspecified,Senior,,false,true,2026-02-07,Adzuna
AI Development Engineer - Remote,AI Engineer,NTT DATA Services,Canada,Toronto,,,,false,none,USD,Remote,Mid-level,,false,false,2025-12-04,Adzuna
AI Development Engineer - Remote,AI Engineer,NTT DATA North America,Canada,Toronto,,,,false,none,USD,Remote,Mid-level,,false,false,2025-12-05,Adzuna
Senior AI/ ML Engineer,Machine Learning Engineer,Lazer,Canada,,,,,false,none,USD,Unspecified,Senior,,false,false,2025-11-06,Adzuna
Senior AI Software Engineer,AI Engineer,Citigroup,Canada,Mississauga,,,,false,none,USD,Unspecified,Senior,,false,false,2025-12-20,Adzuna
Senior AI Platform Engineer,MLOps / ML Infrastructure,MaintainX,Canada,,,,,false,none,USD,Unspecified,Senior,,false,false,2026-01-20,Adzuna
Senior AI/ML Engineer,Machine Learning Engineer,The Vanguard Group,Canada,Toronto,,,,false,none,USD,Unspecified,Senior,,false,false,2025-10-24,Adzuna
AI Software Engineer (Java),AI Engineer,G2i Inc.,Canada,,,,,false,none,USD,Remote,Mid-level,,false,false,2026-02-21,Adzuna
AI Software Engineer (Ruby),AI Engineer,G2i Inc.,Canada,,,,,false,none,USD,Remote,Mid-level,,false,false,2026-02-21,Adzuna
AI Software Engineer (C),AI Engineer,G2i Inc.,Canada,,,,,false,none,USD,Remote,Mid-level,,false,false,2026-02-22,Adzuna
AI Software Engineer (Python),AI Engineer,G2i Inc.,Canada,,,,,false,none,USD,Remote,Mid-level,Python,false,false,2026-02-20,Adzuna
Applied AI Software Engineer,AI Engineer,Fossa,Canada,Toronto,89000,148000,118500,false,range,USD,Unspecified,Mid-level,,false,false,2026-02-13,Adzuna
AI Automation Engineer / Developer,AI Engineer,ShyftLabs,Canada,Toronto,,,,false,none,USD,Unspecified,Mid-level,,false,false,2025-11-13,Adzuna
Senior AI Security Engineer,AI Engineer,Menlo Security,Canada,,,,,false,none,USD,Unspecified,Senior,,false,false,2026-02-21,Adzuna
Senior AI Platform Engineer,MLOps / ML Infrastructure,NegotiateAI,Canada,,,,,false,none,USD,Unspecified,Senior,,false,false,2026-01-09,Adzuna
Sr. AI/ML Engineer,Machine Learning Engineer,CloudWerx,Canada,,,,,false,none,USD,Unspecified,Senior,,false,false,2026-02-21,Adzuna
"Associate, AI DevOps Engineer",AI Engineer,BMO,Canada,Toronto,,,,false,none,USD,Unspecified,Junior,,false,false,2026-02-07,Adzuna
AI Platform Engineer II,MLOps / ML Infrastructure,Braze,Canada,Toronto,,,,false,none,USD,Unspecified,Mid-level,,false,false,2026-02-05,Adzuna
AI Process Engineering Consultant,AI Consulting / Solutions,Alquemy,Canada,Toronto,,,,false,none,USD,Unspecified,Senior,,false,false,2025-10-13,Adzuna
AI Solutions Engineer (Canada),AI Engineer,Constant Contact,Canada,,68000,102000,85000,false,range,USD,Unspecified,Mid-level,,false,false,2025-12-13,Adzuna
Senior Data & AI Platform Engineer,MLOps / ML Infrastructure,Orchestry,Canada,Greater Vancouver,,,,false,none,USD,Remote,Senior,,false,false,2026-02-21,Adzuna
AI Software Engineer - Multiple Openings,AI Engineer,Clario,Canada,,,,,false,none,USD,Unspecified,Senior,,false,false,2026-02-19,Adzuna
Principal AI Platform Engineer (CA),MLOps / ML Infrastructure,PointClickCare,Canada,,,,,false,none,USD,Unspecified,Lead,,false,false,2026-01-16,Adzuna
AI Data Engineer – Toronto - Hybrid,Data Engineer,Capco,Canada,Toronto,87000,100000,93500,false,range,USD,Hybrid,Mid-level,,false,false,2025-10-24,Adzuna
Ingénieur IA / AI Software Engineer,AI Engineer,Intégral,Canada,Outremont,,,,false,none,USD,Unspecified,Mid-level,,false,false,2026-02-19,Adzuna
Ingnieur IA / AI Software Engineer,AI Engineer,Intgral,Canada,Montréal,,,,false,none,USD,Unspecified,Mid-level,,false,false,2026-02-19,Adzuna
Senior AI/ML Engineer (Remote),Machine Learning Engineer,vidIQ,Canada,,74000,133000,103500,false,range,USD,Remote,Senior,,false,true,2026-02-05,Adzuna
AI Product Engineer (Agentic Workflows),AI Engineer,Meroka Careers,Canada,Montréal,,,,false,none,USD,Unspecified,Mid-level,,false,false,2025-09-01,Adzuna
Senior Marketing AI Data Engineer,Data Engineer,Samsara,Canada,Toronto,,,,false,none,USD,Unspecified,Senior,,false,false,2026-01-14,Adzuna
Staff Applied AI/ ML Engineer,Machine Learning Engineer,Gusto,Canada,Toronto,,,,false,none,USD,Unspecified,Lead,,false,false,2026-02-01,Adzuna
Senior Engineer - AI,AI Engineer,The Onset,Canada,Sydney,,,,false,none,USD,Unspecified,Senior,,false,false,2026-02-14,Adzuna
AI and Data Engineer,Data Engineer,Monark,Canada,Port Coquitlam,67000,74000,70500,false,range,USD,Unspecified,Mid-level,,false,false,2026-01-08,Adzuna
AI and Data Engineer,Data Engineer,Monark,Canada,Surrey,,,,false,none,USD,Unspecified,Mid-level,,false,false,2026-01-30,Adzuna
"Algorithm Engineer, AI",AI Engineer,Comm100 Network Corporation,Canada,Greater Vancouver,59000,89000,74000,false,range,USD,Unspecified,Mid-level,,false,false,2026-01-26,Adzuna
Integration Engineer ( AI ),AI Engineer,UNSW,Canada,Sydney,94000,106000,100000,false,range,USD,Hybrid,Mid-level,,false,false,2026-02-11,Adzuna
"Director of Engineering, AI",Other / Unclassified,nesto,Canada,,,,,false,none,USD,Unspecified,Management,,false,false,2026-01-13,Adzuna
Staff Engineer (AI),AI Engineer,Conga,Canada,,114000,182000,148000,false,range,USD,Unspecified,Lead,,false,false,2025-10-24,Adzuna
Founding Engineer (AI),AI Engineer,hireVouch,Canada,Toronto,,,,false,none,USD,Unspecified,Mid-level,,false,false,2025-11-08,Adzuna
Data Scientist Data and AI (Applied AI),Data Scientist,Air Canada,Canada,,,,,false,none,USD,Unspecified,Mid-level,,false,false,2026-02-04,Adzuna
Senior AI Software Engineer - Level I,AI Engineer,Symbiotic Services,Canada,East York,74000,107000,90500,false,range,USD,Unspecified,Senior,,false,false,2026-02-10,Adzuna
AI Solutions Engineer - Co-op/Internship,AI Engineer,Sopra Steria,Canada,Montréal,,,,false,none,USD,Unspecified,Mid-level,,true,false,2026-02-11,Adzuna
AI Solutions Engineer - Co-op/Internship,AI Engineer,Sopra Steria,Canada,Toronto,,,,false,none,USD,Unspecified,Mid-level,,true,true,2026-02-13,Adzuna
Senior AI Software Engineer - Level II,AI Engineer,Symbiotic Services,Canada,East York,74000,107000,90500,false,range,USD,Unspecified,Senior,,false,false,2026-02-10,Adzuna
AI Product Engineer | Ingénieur produit IA,AI Engineer,Valsoft Corporation,Canada,Montréal,,,,false,none,USD,Unspecified,Mid-level,,false,false,2026-02-09,Adzuna
Ingénieur produit IA | AI Product Engineer,AI Engineer,Valsoft Corporation,Canada,Montréal,,,,false,none,USD,Unspecified,Mid-level,,false,false,2026-02-11,Adzuna
Machine Learning Engineer,Machine Learning Engineer,Capgemini,Canada,,,,,false,none,USD,Unspecified,Mid-level,,false,false,2026-02-07,Adzuna
Machine Learning Engineer,Machine Learning Engineer,BRP,Canada,,,,,false,none,USD,Unspecified,Mid-level,,false,false,2026-02-11,Adzuna
Machine Learning Engineer,Machine Learning Engineer,Astra North Infoteck Inc.,Canada,Toronto,,,,false,none,USD,Hybrid,Senior,NLP,false,false,2026-01-30,Adzuna
Machine Learning Engineer,Machine Learning Engineer,CD PROJEKT RED,Canada,Greater Vancouver,,,,false,none,USD,Unspecified,Mid-level,,false,false,2026-02-05,Adzuna
Machine Learning Engineer,Machine Learning Engineer,Your Personal AI,Canada,,,,,false,none,USD,Unspecified,Mid-level,,false,false,2026-01-23,Adzuna
Machine Learning Engineer,Machine Learning Engineer,Thrive Career Wellness Platform,Canada,Toronto,96000,111000,103500,false,range,USD,Hybrid,Management,,false,false,2025-12-19,Adzuna
Machine Learning Engineer,Machine Learning Engineer,Quincus,Canada,Toronto,,,,false,none,USD,Unspecified,Mid-level,,false,false,2024-07-30,Adzuna
Machine Learning Engineer,Machine Learning Engineer,Viridien,Canada,Calgary,,,,false,none,USD,Unspecified,Mid-level,,false,false,2025-07-11,Adzuna
Machine Learning Engineer,Machine Learning Engineer,Ntent,Canada,Toronto,,,,false,none,USD,Remote,Mid-level,,false,false,2024-07-30,Adzuna
Machine Learning Engineer,Machine Learning Engineer,Toparo,Canada,Toronto,,,,false,none,USD,Unspecified,Mid-level,,false,false,2025-07-31,Adzuna
Machine Learning Engineer,Machine Learning Engineer,Kogniz,Canada,Montréal,,,,false,none,USD,Unspecified,Mid-level,Computer Vision,false,false,2024-07-30,Adzuna
Machine Learning Engineer,Machine Learning Engineer,RAD Intel,Canada,,74000,104000,89000,false,range,USD,Unspecified,Mid-level,,false,false,2026-01-09,Adzuna
Machine Learning Engineer,Machine Learning Engineer,Odaia Intelligence,Canada,Toronto,85000,96000,90500,false,range,USD,Remote,Mid-level,,false,false,2025-12-13,Adzuna
Machine Learning Engineer,Machine Learning Engineer,Altera Semiconductor,Canada,Toronto,2000,2000,2000,true,point_estimate,USD,Unspecified,Mid-level,,false,false,2026-01-28,Adzuna
Machine Learning Engineer,Machine Learning Engineer,Altera,Canada,Toronto,,,,false,none,USD,Unspecified,Mid-level,,false,false,2026-02-17,Adzuna
Machine Learning Engineer,Machine Learning Engineer,"Scribd, Inc.",Canada,Greater Vancouver,,,,false,none,USD,Unspecified,Mid-level,Spark,false,false,2026-02-08,Adzuna
Machine Learning Engineer,Machine Learning Engineer,CD PROJEKT RED,Canada,Vancouver,,,,false,none,USD,Unspecified,Mid-level,,false,false,2026-02-07,Adzuna
Machine Learning Engineer,Machine Learning Engineer,ALS Global,Canada,Greater Vancouver,81000,96000,88500,false,range,USD,Unspecified,Mid-level,,false,false,2025-12-06,Adzuna
Machine Learning Engineer,Machine Learning Engineer,OpenTable,Canada,Toronto,124000,141000,132500,false,range,USD,Remote,Mid-level,,false,false,2026-02-07,Adzuna
Machine Learning Engineer,Machine Learning Engineer,Push Operations,Canada,Winnipeg region,78000,92000,85000,false,range,USD,Unspecified,Mid-level,,false,false,2026-02-05,Adzuna
Machine Learning Engineer,Machine Learning Engineer,Push Operations,Canada,Greater Vancouver,78000,92000,85000,false,range,USD,Unspecified,Mid-level,,false,true,2026-02-05,Adzuna
Machine Learning Engineer,Machine Learning Engineer,Push Operations,Canada,Toronto,78000,92000,85000,false,range,USD,Unspecified,Mid-level,,false,true,2026-02-05,Adzuna
Machine Learning Engineer,Machine Learning Engineer,Push Operations,Canada,Calgary,78000,92000,85000,false,range,USD,Unspecified,Mid-level,,false,true,2026-02-05,Adzuna
Machine Learning Engineer,Machine Learning Engineer,Guidewire,Canada,Mississauga,,,,false,none,USD,Unspecified,Mid-level,,false,false,2026-02-12,Adzuna
Machine Learning Engineer,Machine Learning Engineer,TD,Canada,,,,,false,none,USD,Unspecified,Mid-level,,false,false,2026-01-23,Adzuna
Machine Learning Engineer,Machine Learning Engineer,TD Bank,Canada,Toronto,,,,false,none,USD,Unspecified,Mid-level,,false,false,2025-08-23,Adzuna
Machine Learning Engineer,Machine Learning Engineer,Manulife,Canada,,,,,false,none,USD,Unspecified,Mid-level,,false,false,2026-02-12,Adzuna
Machine Learning Engineer,Machine Learning Engineer,Greenhouse,Canada,,89000,133000,111000,false,range,USD,Unspecified,Mid-level,,false,false,2026-02-06,Adzuna
Machine Learning Engineer,Machine Learning Engineer,Manulife,Canada,Toronto,,,,false,none,USD,Unspecified,Mid-level,,false,true,2026-02-11,Adzuna
Machine Learning Engineer,Machine Learning Engineer,Valence,Canada,Toronto,,,,false,none,USD,Unspecified,Mid-level,,false,false,2025-01-11,Adzuna
Machine Learning Engineer,Machine Learning Engineer,Sanctuary AI,Canada,Greater Vancouver,,,,false,none,USD,Unspecified,Mid-level,,false,false,2025-10-04,Adzuna
Machine Learning Engineer,Machine Learning Engineer,Sanctuary AI Job on T-Net,Canada,Vancouver,,,,false,none,USD,Unspecified,Mid-level,,false,false,2026-01-01,Adzuna
Machine Learning Engineer,Machine Learning Engineer,ALS Global,Canada,Montréal,74000,89000,81500,false,range,USD,Unspecified,Mid-level,,false,false,2026-02-17,Adzuna
Machine Learning Engineer,Machine Learning Engineer,ALS Limited,Canada,Montréal,,,,false,none,USD,Unspecified,Mid-level,,false,false,2026-02-14,Adzuna
Machine Learning Engineer,Machine Learning Engineer,Architech Solutions,Canada,Grange Park,108000,131000,119500,false,range,USD,Unspecified,Mid-level,,false,false,2025-11-22,Adzuna
Machine Learning Engineer,Machine Learning Engineer,Fullscript,Canada,Ottawa,,,,false,none,USD,Unspecified,Mid-level,,false,false,2025-12-22,Adzuna
Machine Learning Engineer,Machine Learning Engineer,Saris AI,Canada,Montréal,,,,false,none,USD,Unspecified,Mid-level,,false,false,2026-01-09,Adzuna
Machine Learning Engineer,Machine Learning Engineer,Helm.ai,Canada,,111000,185000,148000,false,range,USD,Unspecified,Mid-level,,false,false,2026-02-20,Adzuna
Machine Learning Engineer (Canada),Machine Learning Engineer,Two95 International Inc.,Canada,Montréal,,,,false,none,USD,Remote,Senior,Python,false,false,2026-02-19,Adzuna
Principal Machine Learning Engineer,Machine Learning Engineer,Wiser Solutions,Canada,Toronto,,,,false,none,USD,Unspecified,Senior,,false,false,2026-02-07,Adzuna
Machine Learning Engineer (Canada),Machine Learning Engineer,Tiger Analytics Inc.,Canada,Toronto,,,,false,none,USD,Unspecified,Mid-level,,false,false,2026-02-19,Adzuna
Senior Machine Learning Engineer,Machine Learning Engineer,Wisedocs AI,Canada,Grange Park,,,,false,none,USD,Unspecified,Senior,,false,false,2026-02-13,Adzuna
Senior Machine Learning Engineer,Machine Learning Engineer,The Vanguard Group,Canada,Toronto,,,,false,none,USD,Unspecified,Senior,,false,false,2026-01-29,Adzuna
Senior Machine Learning Engineer,Machine Learning Engineer,Keebo,Canada,,,,,false,none,USD,Unspecified,Senior,,false,false,2026-02-12,Adzuna
Senior Machine Learning Engineer,Machine Learning Engineer,Starboard Recruitment,Canada,Vancouver,,,,false,none,USD,Unspecified,Senior,,false,false,2025-07-31,Adzuna
Machine Learning Engineer (Remote),Machine Learning Engineer,StackAdapt,Canada,,,,,false,none,USD,Remote,Mid-level,,false,true,2026-02-08,Adzuna
Staff Machine Learning Engineer,Machine Learning Engineer,Samsara,Canada,Alberta Beach,,,,false,none,USD,Unspecified,Lead,,false,false,2025-11-29,Adzuna
Senior Machine Learning Engineer,Machine Learning Engineer,Samsara,Canada,Alberta Beach,,,,false,none,USD,Unspecified,Senior,,false,false,2025-11-23,Adzuna
Intermediate Machine Learning Engineer,Machine Learning Engineer,Aviva Employment Services,Canada,,67000,85000,76000,false,range,USD,Unspecified,Mid-level,,false,false,2026-02-21,Adzuna
Sr. Machine Learning Engineer,Machine Learning Engineer,Bits In Glass,Canada,,,,,false,none,USD,Unspecified,Senior,,false,false,2026-01-24,Adzuna
Lead Machine Learning Engineer,Machine Learning Engineer,Datatonic,Canada,Montréal,130000,148000,139000,false,range,USD,Unspecified,Lead,,false,false,2025-07-29,Adzuna
Senior Machine Learning Engineer,Machine Learning Engineer,Aviva Employment Services,Canada,,81000,107000,94000,false,range,USD,Unspecified,Senior,AWS,false,false,2025-12-21,Adzuna
Sr. Machine Learning Engineer,Machine Learning Engineer,TheAppLabb,Canada,Central Bay Street,,,,false,none,USD,Unspecified,Senior,,false,false,2025-07-05,Adzuna
Sr. Machine Learning Engineer,Machine Learning Engineer,TheAppLabb,Canada,Toronto,,,,false,none,USD,Unspecified,Senior,,false,false,2026-01-31,Adzuna
Senior Machine Learning Engineer,Machine Learning Engineer,Equisoft,Canada,,,,,false,none,USD,Unspecified,Senior,,false,false,2026-01-09,Adzuna
"Machine Learning Engineer, Recommendations",Machine Learning Engineer,Lyft,Canada,Toronto,,,,false,none,USD,Unspecified,Mid-level,,false,false,2026-01-20,Adzuna
Machine Learning Engineer - Evisort,Machine Learning Engineer,Workday,Canada,Greater Vancouver,95000,142000,118500,false,range,USD,Unspecified,Mid-level,,false,false,2026-02-05,Adzuna
Machine Learning Engineer II,Machine Learning Engineer,Pinterest,Canada,Toronto,,,,false,none,USD,Unspecified,Mid-level,,false,false,2025-12-25,Adzuna
Lead Machine Learning Engineer,Machine Learning Engineer,Royal Bank of Canada,Canada,,,,,false,none,USD,Unspecified,Lead,,false,false,2026-01-22,Adzuna
Senior Machine Learning Engineer,Machine Learning Engineer,Command Alkon USA,Canada,Québec,,,,false,none,USD,Unspecified,Senior,,false,false,2026-02-12,Adzuna
Machine Learning Engineer - Enterprise,Machine Learning Engineer,Boson AI,Canada,Toronto,,,,false,none,USD,Unspecified,Mid-level,,false,false,2025-06-21,Adzuna
Senior Machine Learning Engineer,Machine Learning Engineer,Samsara,Canada,Toronto,,,,false,none,USD,Remote,Senior,,false,false,2025-10-12,Adzuna
Senior Machine Learning Engineer,Machine Learning Engineer,Censys,Canada,,126000,151000,138500,false,range,USD,Remote,Senior,,false,false,2025-12-03,Adzuna
Senior Machine Learning Engineer,Machine Learning Engineer,Cresta,Canada,,,,,false,none,USD,Unspecified,Senior,,false,true,2025-06-01,Adzuna
Senior Machine Learning Engineer,Machine Learning Engineer,AuditBoard,Canada,,121000,182000,151500,false,range,USD,Unspecified,Senior,,false,false,2025-08-11,Adzuna
Staff Machine Learning Engineer,Machine Learning Engineer,AuditBoard,Canada,,136000,204000,170000,false,range,USD,Unspecified,Lead,,false,false,2025-08-15,Adzuna
Senior Machine Learning Engineer,Machine Learning Engineer,Guidewire,Canada,,,,,false,none,USD,Unspecified,Senior,,false,false,2026-02-13,Adzuna
Senior Machine Learning Engineer,Machine Learning Engineer,Autodesk,Canada,Greater Vancouver,,,,false,none,USD,Unspecified,Senior,,false,false,2025-12-02,Adzuna
AI / Machine Learning Engineer,Machine Learning Engineer,Thri5 Inc.,Canada,Toronto,,,,false,none,USD,Unspecified,Mid-level,,false,false,2026-02-03,Adzuna
Senior Machine Learning Engineer,Machine Learning Engineer,FreshBooks,Canada,Truro,,,,false,none,USD,Unspecified,Senior,,false,false,2026-02-14,Adzuna
Senior Machine Learning Engineer,Machine Learning Engineer,Red Hat,Canada,Toronto,,,,false,none,USD,Unspecified,Senior,,false,false,2026-02-05,Adzuna
Senior Machine Learning Engineer,Machine Learning Engineer,Flipp,Canada,,118000,133000,125500,false,range,USD,Unspecified,Senior,,false,false,2026-01-25,Adzuna
Senior Machine Learning Engineer,Machine Learning Engineer,Greenhouse,Canada,,106000,158000,132000,false,range,USD,Unspecified,Senior,,false,false,2026-02-06,Adzuna
Machine Learning Engineer III,Machine Learning Engineer,Guidewire,Canada,,,,,false,none,USD,Unspecified,Mid-level,,false,false,2025-12-21,Adzuna
Senior Machine Learning Engineer,Machine Learning Engineer,Royal Bank of Canada,Canada,,,,,false,none,USD,Unspecified,Senior,,false,false,2026-01-24,Adzuna
Senior Machine Learning Engineer,Machine Learning Engineer,Odaia Intelligence,Canada,Toronto,100000,122000,111000,false,range,USD,Remote,Senior,,false,false,2025-12-13,Adzuna
"Machine Learning Engineer, Ads",Machine Learning Engineer,Reddit,Canada,,,,,false,none,USD,Unspecified,Mid-level,,false,false,2025-08-16,Adzuna
Senior Machine Learning Engineer,Machine Learning Engineer,Loopio,Canada,Toronto,105000,140000,122500,false,range,USD,Unspecified,Senior,NLP,false,false,2025-12-17,Adzuna
Senior Machine Learning Engineer,Machine Learning Engineer,Magnet Forensics,Canada,,,,,false,none,USD,Unspecified,Senior,,false,false,2026-02-14,Adzuna
Senior Machine Learning Engineer,Machine Learning Engineer,Klue,Canada,Toronto,107000,135000,121000,false,range,USD,Unspecified,Senior,,false,false,2025-07-13,Adzuna
Staff Machine Learning Engineer,Machine Learning Engineer,SurveyMonkey,Canada,,,,,false,none,USD,Unspecified,Lead,,false,false,2026-02-08,Adzuna
Machine Learning Engineer II,Machine Learning Engineer,TD,Canada,Toronto,,,,false,none,USD,Unspecified,Mid-level,,false,false,2026-01-29,Adzuna
Senior Machine Learning Engineer,Machine Learning Engineer,Wisedocs AI,Canada,Toronto,,,,false,none,USD,Unspecified,Senior,,false,false,2026-02-15,Adzuna
Machine Learning Engineer Intern,Machine Learning Engineer,MULTIVERSE COMPUTING,Canada,Chinatown,,,,false,none,USD,Unspecified,Mid-level,,true,false,2025-11-24,Adzuna
Sr. Machine Learning Engineer,Machine Learning Engineer,BMO,Canada,Toronto,,,,false,none,USD,Unspecified,Senior,,false,false,2026-02-17,Adzuna
Machine Learning Engineer Intern,Machine Learning Engineer,MULTIVERSE COMPUTING,Canada,Toronto,,,,false,none,USD,Unspecified,Mid-level,,true,false,2026-02-08,Adzuna
Senior Machine Learning Engineer (GCP),Machine Learning Engineer,Tiger Analytics Inc.,Canada,,,,,false,none,USD,Unspecified,Senior,GCP,false,false,2025-08-01,Adzuna
Machine Learning Engineer / Data Scientist,Machine Learning Engineer,Fusemachines,Canada,Toronto,,,,false,none,USD,Unspecified,Mid-level,,false,false,2026-01-26,Adzuna
"Machine Learning Engineer, AI Decisioning",Machine Learning Engineer,hireVouch,Canada,,,,,false,none,USD,Unspecified,Mid-level,,false,false,2025-10-28,Adzuna
Senior/Principal Machine Learning Engineer,Machine Learning Engineer,Workday,Canada,Toronto,139000,209000,174000,false,range,USD,Unspecified,Senior,,false,false,2025-12-26,Adzuna
Senior/Staff Machine Learning Engineer,Machine Learning Engineer,StackAdapt,Canada,,,,,false,none,USD,Unspecified,Senior,,false,false,2025-10-11,Adzuna
Machine Learning Engineer (AI Agents),Machine Learning Engineer,Cresta,Canada,,,,,false,none,USD,Unspecified,Mid-level,,false,false,2026-02-20,Adzuna
"Sr. Machine Learning Engineer, Notifications",Machine Learning Engineer,Pinterest,Canada,Toronto,,,,false,none,USD,Unspecified,Senior,,false,false,2026-02-07,Adzuna
Machine Learning Engineer Intern (PEY),Machine Learning Engineer,Tenstorrent University Jobs,Canada,Toronto,,,,false,none,USD,Unspecified,Mid-level,,true,false,2026-02-20,Adzuna
Machine Learning Engineer / Data Scientist,Machine Learning Engineer,Fusemachines,Canada,,,,,false,none,USD,Unspecified,Mid-level,,false,false,2026-01-27,Adzuna
Machine Learning Engineer I - B3617,Machine Learning Engineer,TD,Canada,,,,,false,none,USD,Unspecified,Mid-level,,false,false,2026-02-12,Adzuna
Machine Learning Engineer II - B3617,Machine Learning Engineer,TD,Canada,,,,,false,none,USD,Unspecified,Mid-level,,false,false,2026-02-21,Adzuna
Machine Learning Engineer I - B3617,Machine Learning Engineer,TD Bank,Canada,Toronto,,,,false,none,USD,Unspecified,Mid-level,,false,false,2026-01-14,Adzuna
Machine Learning Engineer II - B3617,Machine Learning Engineer,TD Bank,Canada,Toronto,,,,false,none,USD,Unspecified,Mid-level,,false,false,2026-01-23,Adzuna
Machine Learning Engineer/Data Scientist,Machine Learning Engineer,Long View Systems,Canada,Vancouver,,,,false,none,USD,Unspecified,Mid-level,,false,false,2026-01-16,Adzuna
Forward Deployed Machine Learning Engineer,Machine Learning Engineer,Stratum AI,Canada,,,,,false,none,USD,Unspecified,Mid-level,"PyTorch, Transformers",false,false,2025-10-28,Adzuna
"Senior Machine Learning Engineer, vLLM",Machine Learning Engineer,Red Hat,Canada,,,,,false,none,USD,Unspecified,Senior,,false,false,2026-01-15,Adzuna
Staff Machine Learning Engineer I,Machine Learning Engineer,Mistplay,Canada,,,,,false,none,USD,Unspecified,Lead,,false,false,2026-02-19,Adzuna
"Senior Machine Learning Engineer, vLLM",Machine Learning Engineer,Red Hat,Canada,Ontario,,,,false,none,USD,Unspecified,Senior,,false,false,2026-01-14,Adzuna
Senior Machine Learning Engineer - Growth,Machine Learning Engineer,DoorDash Canada,Canada,Toronto,89000,111000,100000,false,range,USD,Unspecified,Senior,,false,false,2025-12-05,Adzuna
"Machine Learning Engineer, Agentic AI",Machine Learning Engineer,Loblaw Companies,Canada,Toronto,,1000,1000,true,point_estimate,USD,Unspecified,Mid-level,,false,false,2026-01-31,Adzuna
Senior Machine Learning Engineer (Library),Machine Learning Engineer,Loopio,Canada,Toronto,105000,140000,122500,false,range,USD,Unspecified,Senior,NLP,false,false,2026-02-01,Adzuna
"Machine Learning Engineer, AI/ML",Machine Learning Engineer,Klue,Canada,Toronto,85000,110000,97500,false,range,USD,Unspecified,Mid-level,,false,false,2025-07-13,Adzuna
Senior Machine Learning Engineer (Recommendations),Machine Learning Engineer,"Scribd, Inc.",Canada,Ottawa,,,,false,none,USD,Unspecified,Senior,Spark,false,false,2026-02-14,Adzuna
"Senior Machine Learning Engineer, Ads",Machine Learning Engineer,Reddit,Canada,,,,,false,none,USD,Unspecified,Senior,,false,false,2025-08-15,Adzuna
"Senior Machine Learning Engineer, Mapping",Machine Learning Engineer,Lyft,Canada,Toronto,,,,false,none,USD,Unspecified,Senior,,false,false,2025-11-21,Adzuna
"Machine Learning Engineer, Predictive Maintenance",Machine Learning Engineer,MaintainX,Canada,,,,,false,none,USD,Unspecified,Mid-level,,false,false,2025-11-13,Adzuna
"Machine Learning Engineer (GenAI, Toronto)",Machine Learning Engineer,GPTZero,Canada,Toronto,89000,178000,133500,false,range,USD,Unspecified,Lead,AWS,false,false,2025-11-26,Adzuna
Staff Machine Learning Engineer (Toronto),Machine Learning Engineer,Fox,Canada,,,,,false,none,USD,Unspecified,Lead,,false,false,2026-01-17,Adzuna
Machine Learning Engineer (with Vertex AI Experience),Machine Learning Engineer,Tiger Analytics Inc.,Canada,,,,,false,none,USD,Unspecified,Mid-level,GCP,false,false,2025-11-20,Adzuna
Sr. Machine Learning Engineer (Perception and Tracking),Computer Vision,Ouster,Canada,,,,,false,none,USD,Unspecified,Senior,,false,false,2026-02-06,Adzuna
Senior Machine Learning Engineer (Reinforcement Learning),Machine Learning Engineer,Datatonic,Canada,Montréal,96000,126000,111000,false,range,USD,Unspecified,Senior,,false,false,2025-11-12,Adzuna
Lead Machine Learning Engineer - Search & Recommendations,Machine Learning Engineer,Upwork,Canada,Toronto,,,,false,none,USD,Unspecified,Lead,,false,false,2026-02-07,Adzuna
Senior Machine Learning Engineer - Artificial Intelligence,Machine Learning Engineer,Bloomberg,Canada,Toronto,,,,false,none,USD,Unspecified,Senior,Transformers,false,false,2025-12-19,Adzuna
"Senior Manager, Machine Learning Engineering - Evisort",Machine Learning Engineer,Workday,Canada,Greater Vancouver,145000,218000,181500,false,range,USD,Unspecified,Senior,,false,false,2026-02-07,Adzuna
"Senior Machine Learning Engineer, Diffusion & Reconstruction",Machine Learning Engineer,Parallel Domain,Canada,Greater Vancouver,111000,133000,122000,false,range,USD,Unspecified,Senior,Computer Vision,false,false,2026-01-14,Adzuna
"Staff Machine Learning Engineer, Growth Activation",Machine Learning Engineer,Pinterest,Canada,Toronto,,,,false,none,USD,Unspecified,Lead,,false,false,2026-01-23,Adzuna
Sr. Machine Learning Engineer (Perception and Tracking),Computer Vision,Ouster,Canada,Toronto,,,,false,none,USD,Unspecified,Senior,,false,false,2026-02-07,Adzuna
"Senior Machine Learning Engineer, Ad Tech",Machine Learning Engineer,Loblaw Companies,Canada,Toronto,95000,130000,112500,false,range,USD,Unspecified,Senior,,false,false,2026-01-25,Adzuna
"Senior Machine Learning Engineer, Pose Estimation",Machine Learning Engineer,Parallel Domain,Canada,Greater Vancouver,111000,133000,122000,false,range,USD,Unspecified,Senior,,false,false,2026-01-14,Adzuna
Machine Learning Engineer - AI Innovation Teams,Machine Learning Engineer,"Fitch Group, Inc.",Canada,Toronto,,,,false,none,USD,Unspecified,Mid-level,,false,false,2026-02-05,Adzuna
"Senior Machine Learning Engineer, AI Platform",MLOps / ML Infrastructure,Affinity.co,Canada,,118000,163000,140500,false,range,USD,Unspecified,Senior,,false,false,2026-02-13,Adzuna
Architect Artificial Intelligence/Machine Learning Engineer,Machine Learning Engineer,Description Ciklum,Canada,,,,,false,none,USD,Unspecified,Mid-level,,false,false,2026-01-31,Adzuna
"Machine Learning Engineer, 2026 Graduate Canada",Machine Learning Engineer,Atlassian,Canada,,,,,false,none,USD,Unspecified,Mid-level,,false,false,2025-09-12,Adzuna
"Sr. Machine Learning Engineer, Ads Ranking",Machine Learning Engineer,Pinterest,Canada,Toronto,,,,false,none,USD,Unspecified,Senior,,false,false,2025-12-13,Adzuna
Data Scientist / Machine Learning Engineer (Recommendation Systems),Machine Learning Engineer,Beatdapp,Canada,Vancouver,,,,false,none,USD,Unspecified,Mid-level,,false,false,2026-02-15,Adzuna
Senior Staff Machine Learning Engineer (AI Agent),Machine Learning Engineer,Cresta,Canada,,,,,false,none,USD,Unspecified,Senior,,false,false,2026-01-06,Adzuna
"Senior Principal Machine Learning Engineer, Foundational Models",Machine Learning Engineer,Autodesk,Canada,Calgary,,,,false,none,USD,Unspecified,Senior,,false,false,2026-01-13,Adzuna
"Senior Principal Machine Learning Engineer, Foundational Models",Machine Learning Engineer,Autodesk,Canada,,,,,false,none,USD,Unspecified,Senior,,false,true,2026-01-13,Adzuna
"Senior Principal Machine Learning Engineer, Foundational Models",Machine Learning Engineer,Autodesk,Canada,Alberta,,,,false,none,USD,Unspecified,Senior,,false,true,2026-01-13,Adzuna
"Senior Principal Machine Learning Engineer, Foundational Models",Machine Learning Engineer,Autodesk,Canada,Ontario,,,,false,none,USD,Unspecified,Senior,,false,true,2026-01-13,Adzuna
"Senior Principal Machine Learning Engineer, Foundational Models",Machine Learning Engineer,Autodesk,Canada,Toronto,,,,false,none,USD,Unspecified,Senior,,false,true,2026-01-13,Adzuna
"Senior Principal Machine Learning Engineer, Foundational Models",Machine Learning Engineer,Autodesk,Canada,Nova Scotia,,,,false,none,USD,Unspecified,Senior,,false,true,2026-01-13,Adzuna
"Senior Principal Machine Learning Engineer, Foundational Models",Machine Learning Engineer,Autodesk,Canada,Saskatchewan,,,,false,none,USD,Unspecified,Senior,,false,true,2026-01-13,Adzuna
"Senior Principal Machine Learning Engineer, Foundational Models",Machine Learning Engineer,Autodesk,Canada,Manitoba,,,,false,none,USD,Unspecified,Senior,,false,true,2026-01-13,Adzuna
"Senior Principal Machine Learning Engineer, Foundational Models",Machine Learning Engineer,Autodesk,Canada,New Brunswick,,,,false,none,USD,Unspecified,Senior,,false,true,2026-01-13,Adzuna
Machine Learning Engineer 3D Geometry/ Multi-Modal,Machine Learning Engineer,Autodesk,Canada,Toronto,,,,false,none,USD,Unspecified,Mid-level,,false,true,2025-12-18,Adzuna
Senior Applied Machine Learning Engineer - Asset Intelligence,Machine Learning Engineer,MaintainX,Canada,,,,,false,none,USD,Unspecified,Senior,,false,false,2025-11-05,Adzuna
Staff Machine Learning Engineer - Message Security Detection,Machine Learning Engineer,Abnormal,Canada,Toronto,,,,false,none,USD,Unspecified,Lead,,false,false,2025-11-02,Adzuna
Senior Applied Machine Learning Engineer - Search & Recommendations,Machine Learning Engineer,Upwork,Canada,Toronto,,,,false,none,USD,Unspecified,Senior,,false,false,2026-02-02,Adzuna
Lead Machine Learning Engineer/Scientist - Algorithms & Research,AI / ML Research,Upwork,Canada,Toronto,,,,false,none,USD,Unspecified,Lead,,false,false,2026-01-10,Adzuna
"Senior Lead Machine Learning Engineer, Agentic AI",Machine Learning Engineer,Upwork,Canada,Toronto,,,,false,none,USD,Unspecified,Senior,,false,false,2026-02-05,Adzuna
"Staff Machine Learning Engineer, Generative AI (Auth0)",Machine Learning Engineer,Okta,Canada,Toronto,,,,false,none,USD,Unspecified,Lead,,false,false,2025-09-18,Adzuna
"Senior Machine Learning Engineer II, Search & Personalization",Machine Learning Engineer,Instacart,Canada,Toronto,,,,false,none,USD,Unspecified,Senior,,false,false,2025-03-23,Adzuna
Senior Machine Learning Engineer II - AI Special Projects,Machine Learning Engineer,Instacart,Canada,Toronto,,,,false,none,USD,Unspecified,Senior,,false,false,2025-10-28,Adzuna
Senior Data Scientist / Machine Learning Engineer - Listing Quality,Machine Learning Engineer,Faire,Canada,Toronto,124000,171000,147500,false,range,USD,Unspecified,Senior,,false,false,2025-10-26,Adzuna
Machine Learning Software Engineer,AI Software Engineer,Royal Bank of Canada,Canada,,,,,false,none,USD,Unspecified,Mid-level,,false,false,2026-02-13,Adzuna
Machine Learning Ops Engineer,Other / Unclassified,Stratum AI,Canada,,,,,false,none,USD,Unspecified,Mid-level,Python,false,false,2025-08-07,Adzuna
Machine Learning Platform Engineer,AI Software Engineer,Royal Bank of Canada,Canada,,,,,false,none,USD,Unspecified,Mid-level,,false,false,2026-02-20,Adzuna
Senior Machine Learning Scientist & Engineer,AI / ML Research,Lambert Nemec Group,Canada,Winnipeg,81000,96000,88500,false,range,USD,Unspecified,Senior,,false,false,2026-02-04,Adzuna
Staff Machine Learning Ops Engineer,Other / Unclassified,Overstory,Canada,,,,,false,none,USD,Unspecified,Lead,,false,false,2025-07-06,Adzuna
Senior Machine Learning Research Engineer,AI / ML Research,Royal Bank of Canada,Canada,,,,,false,none,USD,Unspecified,Senior,,false,false,2025-12-08,Adzuna
Senior Machine Learning QA Engineer,Other / Unclassified,Autodesk,Canada,Toronto,,,,false,none,USD,Unspecified,Senior,,false,false,2026-02-20,Adzuna
Freelance Machine Learning Research Engineer (Python),AI / ML Research,Mindrift,Canada,Ontario,,,,false,none,USD,Unspecified,Mid-level,Python,false,false,2026-02-18,Adzuna
Freelance Machine Learning Research Engineer (Python),AI / ML Research,Mindrift,Canada,Québec,,,,false,none,USD,Unspecified,Mid-level,Python,false,true,2026-02-18,Adzuna
Freelance Machine Learning Research Engineer (Python),AI / ML Research,Mindrift,Canada,British Columbia,,,,false,none,USD,Unspecified,Mid-level,Python,false,true,2026-02-18,Adzuna
Freelance Machine Learning Research Engineer (Python),AI / ML Research,Mindrift,Canada,,,,,false,none,USD,Unspecified,Mid-level,Python,false,true,2026-02-18,Adzuna
"Machine Learning Data Engineer, Replica Pipelines",Data Engineer,Parallel Domain,Canada,Greater Vancouver,96000,118000,107000,false,range,USD,Unspecified,Mid-level,Computer Vision,false,false,2026-01-14,Adzuna
Machine Learning Software Engineer Team Lead,AI Software Engineer,Royal Bank of Canada,Canada,,,,,false,none,USD,Unspecified,Lead,,false,false,2026-02-01,Adzuna
Senior Staff Machine Learning Platform Engineer,AI Software Engineer,Faire,Canada,Toronto,169000,232000,200500,false,range,USD,Unspecified,Senior,,false,false,2026-02-19,Adzuna
Staff Machine Learning Software Engineer - Agentic AI,AI Engineer,Loblaw Companies,Canada,Toronto,107000,144000,125500,false,range,USD,Unspecified,Lead,,false,false,2025-10-30,Adzuna
Senior Machine Learning Operations Engineer - AI/ML Platform,MLOps / ML Infrastructure,Autodesk,Canada,,79000,116000,97500,false,range,USD,Unspecified,Senior,,false,false,2026-01-15,Adzuna
Senior Machine Learning Operations Engineer - AI/ML Platform,MLOps / ML Infrastructure,Autodesk,Canada,Toronto,,,,false,none,USD,Unspecified,Senior,,false,false,2026-01-14,Adzuna
"Software Engineer, Machine Learning",AI Software Engineer,Sitero LLC,Canada,,130000,148000,139000,false,range,USD,Unspecified,Mid-level,,false,false,2026-02-12,Adzuna
"Software Engineer, Machine Learning",AI Software Engineer,Sitero LLC,Canada,Markham,,,,false,none,USD,Unspecified,Mid-level,,false,false,2026-02-11,Adzuna
Platform Engineer,AI Software Engineer,BRP,Canada,,,,,false,none,USD,Unspecified,Mid-level,,false,false,2026-01-05,Adzuna
"Software Engineer, Machine Learning Infrastructure",AI Software Engineer,Stripe,Canada,Toronto,,,,false,none,USD,Unspecified,Mid-level,,false,false,2026-01-16,Adzuna
"Engineering Manager, Machine Learning",Other / Unclassified,Overstory,Canada,,,,,false,none,USD,Unspecified,Management,,false,false,2026-02-06,Adzuna
"Software Engineer, Machine Learning Co-op",AI Software Engineer,Bree,Canada,Toronto,,,,false,none,USD,Unspecified,Mid-level,,false,false,2026-02-19,Adzuna
Senior Machine Learning Applications and Compiler Engineer,Other / Unclassified,NVIDIA,Canada,Toronto,,,,false,none,USD,Unspecified,Senior,,false,false,2026-02-06,Adzuna
ML Engineer – Generative AI & LLMs (Remote),Machine Learning Engineer,Ample Insight Inc.,Canada,Toronto,,,,false,none,USD,Remote,Mid-level,,false,false,2026-02-12,Adzuna
"Senior Engineering Manager, AI/ML",AI Engineer,Remitly,Canada,Burnaby,148000,185000,166500,false,range,USD,Unspecified,Senior,,false,false,2025-12-08,Adzuna
"Sr. Software Engineer II, Machine Learning",AI Software Engineer,Narvar,Canada,,133000,170000,151500,false,range,USD,Unspecified,Senior,,false,false,2025-09-04,Adzuna
Senior Software Engineer II- Machine Learning,AI Software Engineer,AuditBoard,Canada,,121000,182000,151500,false,range,USD,Unspecified,Senior,,false,false,2026-01-17,Adzuna
FY26 Intern - Machine Learning Compiler & Performance Engineering Intern - Canada (16 months),Other / Unclassified,Qualcomm,Canada,Markham,,,,false,none,USD,Unspecified,Mid-level,,true,false,2026-02-07,Adzuna
Senior Machine Learning Expert,Other / Unclassified,Alignerr,Canada,Greater Vancouver,,,,false,none,USD,Remote,Senior,,false,false,2026-01-26,Adzuna
Applied Sciences,Other / Unclassified,Microsoft Canada,Canada,,,,,false,none,USD,Unspecified,Mid-level,,false,false,2026-02-01,Adzuna
Applied Sciences,Other / Unclassified,Microsoft Canada,Canada,Montréal,,,,false,none,USD,Unspecified,Mid-level,,false,true,2026-02-01,Adzuna
"Software Engineer, Machine Learning (Senior, SWE II & SWE I)",AI Software Engineer,Salesforce,Canada,Vancouver,,,,false,none,USD,Unspecified,Senior,,false,false,2026-02-06,Adzuna
"Director, Software Development - AI/ML Solutions and Delivery",AI Engineer,Royal Bank of Canada,Canada,,,,,false,none,USD,Unspecified,Management,,false,false,2026-02-07,Adzuna
Senior ML Engineer,Machine Learning Engineer,hireVouch,Canada,Toronto,,,,false,none,USD,Unspecified,Senior,,false,false,2025-10-02,Adzuna
Data Scientist,Data Scientist,National Bank,Canada,,,,,false,none,USD,Unspecified,Mid-level,,false,false,2026-02-21,Adzuna
Senior Data Scientist,Data Scientist,National Bank,Canada,,,,,false,none,USD,Unspecified,Senior,,false,false,2026-02-11,Adzuna
Senior Data scientist,Data Scientist,National Bank,Canada,,,,,false,none,USD,Unspecified,Senior,,false,false,2026-02-04,Adzuna
Data Scientist,Data Scientist,BGIS,Canada,Markham,,,,false,none,USD,Unspecified,Mid-level,,false,false,2026-02-07,Adzuna
Data Scientist/Senior Data Scientist,Data Scientist,C3 Ai,Canada,St. John's,,,,false,none,USD,Unspecified,Senior,,false,false,2025-11-02,Adzuna
Data Scientist,Data Scientist,Scene+,Canada,King and Spadina,,,,false,none,USD,Unspecified,Mid-level,,false,false,2026-02-19,Adzuna
Data Scientist,Data Scientist,LOD Technologies Inc.,Canada,Greater Vancouver,,,,false,none,USD,Unspecified,Mid-level,,false,false,2025-10-03,Adzuna
Data Scientist,Data Scientist,"ResponsiveAds, Inc.",Canada,Greater Vancouver,52000,67000,59500,false,range,USD,Unspecified,Mid-level,,false,false,2025-11-21,Adzuna
Data Scientist,Data Scientist,Larus Technologies,Canada,Ottawa,,,,false,none,USD,Hybrid,Management,,false,false,2026-02-13,Adzuna
Data Scientist,Data Scientist,Motor Coach Industries,Canada,Winnipeg region,,,,false,none,USD,Unspecified,Mid-level,,false,false,2026-01-23,Adzuna
Data Scientist,Data Scientist,DELAN,Canada,,,,,false,none,USD,Unspecified,Mid-level,GCP,false,false,2026-02-05,Adzuna
Data Scientist,Data Scientist,NielsenIQ,Canada,Toronto,,,,false,none,USD,Unspecified,Mid-level,,false,false,2026-01-29,Adzuna
Data Scientist,Data Scientist,Ample Insight Inc.,Canada,Toronto,,,,false,none,USD,Unspecified,Mid-level,,false,false,2026-02-14,Adzuna
Data Scientist,Data Scientist,Bank of Canada,Canada,Ottawa,,,,false,none,USD,Unspecified,Mid-level,,false,false,2026-02-03,Adzuna
Data Scientist,Data Scientist,Scene+,Canada,Toronto,,,,false,none,USD,Unspecified,Mid-level,,false,false,2026-02-21,Adzuna
Data Scientist,Data Scientist,Cogeco Connexion,Canada,Burlington,,,,false,none,USD,Unspecified,Mid-level,,false,false,2026-01-24,Adzuna
Data Scientist,Data Scientist,Targeted Talent,Canada,,,,,false,none,USD,Remote,Junior,,false,false,2025-07-31,Adzuna
Data Scientist,Data Scientist,Stripe,Canada,Toronto,,,,false,none,USD,Unspecified,Mid-level,,false,false,2026-01-10,Adzuna
Data Scientist,Data Scientist,Targeted Talent,Canada,Winnipeg,59000,74000,66500,false,range,USD,Remote,Junior,,false,false,2026-02-16,Adzuna
Data Scientist,Data Scientist,Targeted Talent,Canada,Montréal,59000,74000,66500,false,range,USD,Remote,Junior,,false,true,2026-02-16,Adzuna
Data Scientist,Data Scientist,Targeted Talent,Canada,New Westminster,59000,74000,66500,false,range,USD,Remote,Junior,,false,true,2026-02-16,Adzuna
Data Scientist,Data Scientist,Targeted Talent,Canada,Vancouver,59000,74000,66500,false,range,USD,Remote,Junior,,false,true,2026-02-16,Adzuna
Data Scientist,Data Scientist,Targeted Talent,Canada,Calgary,59000,74000,66500,false,range,USD,Remote,Junior,,false,true,2026-02-16,Adzuna
Data Scientist,Data Scientist,Targeted Talent,Canada,Halifax,59000,74000,66500,false,range,USD,Remote,Junior,,false,true,2026-02-16,Adzuna
Data Scientist,Data Scientist,Targeted Talent,Canada,Ottawa,59000,74000,66500,false,range,USD,Remote,Junior,,false,true,2026-02-16,Adzuna
Data Scientist,Data Scientist,Targeted Talent,Canada,Saint John,59000,74000,66500,false,range,USD,Remote,Junior,,false,true,2026-02-16,Adzuna
Data Scientist,Data Scientist,Targeted Talent,Canada,Saskatoon,59000,74000,66500,false,range,USD,Remote,Junior,,false,true,2026-02-16,Adzuna
Data Scientist,Data Scientist,Targeted Talent,Canada,Edmonton,59000,74000,66500,false,range,USD,Remote,Junior,,false,true,2026-02-16,Adzuna
Data Scientist,Data Scientist,Targeted Talent,Canada,Kitchener,59000,74000,66500,false,range,USD,Remote,Junior,,false,true,2026-02-16,Adzuna
Data Scientist,Data Scientist,LOD Technologies Inc.,Canada,Vancouver,,,,false,none,USD,Unspecified,Mid-level,,false,false,2026-02-01,Adzuna
Data Scientist,Data Scientist,"ResponsiveAds, Inc.",Canada,Vancouver,,,,false,none,USD,Unspecified,Mid-level,,false,false,2026-02-21,Adzuna
Data Scientist,Data Scientist,Epistemix,Canada,,,,,false,none,USD,Unspecified,Mid-level,,false,false,2026-02-09,Adzuna
Data Scientist,Data Scientist,J.D. Irving,Canada,Saint John,,,,false,none,USD,Unspecified,Mid-level,,false,false,2026-02-03,Adzuna
Data Scientist,Data Scientist,Giatec,Canada,Ottawa,,,,false,none,USD,Unspecified,Mid-level,R,false,false,2026-02-04,Adzuna
Data Scientist,Data Scientist,Giatec Scientific Inc.,Canada,Bells Corners,,,,false,none,USD,Unspecified,Mid-level,R,false,false,2026-02-05,Adzuna
Data Scientist,Data Scientist,Giatec Scientific Inc.,Canada,Nepean,,,,false,none,USD,Unspecified,Mid-level,R,false,false,2026-02-05,Adzuna
Data Scientist,Data Scientist,V15P1Talonnn,Canada,Toronto,40000,53000,46500,false,range,USD,Unspecified,Mid-level,,false,false,2024-09-20,Adzuna
Data Scientist,Data Scientist,Targeted Talent,Canada,Québec,,,,false,none,USD,Remote,Mid-level,R,false,false,2026-02-05,Adzuna
Data Scientist,Data Scientist,Targeted Talent,Canada,North Vancouver,,,,false,none,USD,Remote,Mid-level,R,false,true,2026-02-04,Adzuna
Data Scientist,Data Scientist,Targeted Talent,Canada,Waterloo,,,,false,none,USD,Remote,Mid-level,R,false,true,2026-02-04,Adzuna
Data Scientist,Data Scientist,Harry Rosen,Canada,South Central,,,,false,none,USD,Hybrid,Management,,false,false,2026-01-11,Adzuna
Data Scientist,Data Scientist,Fujitsu,Canada,Ottawa,,,,false,none,USD,Unspecified,Mid-level,NLP,false,false,2026-02-14,Adzuna
Data Scientist,Data Scientist,Motor Coach Industries,Canada,Winnipeg,,,,false,none,USD,Unspecified,Mid-level,,false,false,2026-01-25,Adzuna
Data Scientist,Data Scientist,The Vanguard Group,Canada,Toronto,,,,false,none,USD,Unspecified,Mid-level,,false,false,2026-01-30,Adzuna
Data Scientist,Data Scientist,Inizio Partners Corp,Canada,Toronto,,,,false,none,USD,Unspecified,Senior,,false,false,2026-02-22,Adzuna
Data Scientist,Data Scientist,WCB-Alberta,Canada,,62000,82000,72000,false,range,USD,Unspecified,Mid-level,,false,false,2026-02-11,Adzuna
Data Scientist,Data Scientist,Coca-Cola Canada Bottling Limited,Canada,Toronto,,,,false,none,USD,Unspecified,Mid-level,,false,false,2026-02-07,Adzuna
Data Scientist,Data Scientist,Achievers,Canada,Toronto,80000,111000,95500,false,range,USD,Unspecified,Mid-level,,false,false,2026-01-11,Adzuna
Data Scientist,Data Scientist,McAfee,Canada,,75000,101000,88000,false,range,USD,Unspecified,Lead,,false,false,2026-01-16,Adzuna
Data Scientist,Data Scientist,"McAfee, Inc.",Canada,Ontario,,,,false,none,USD,Unspecified,Lead,,false,false,2026-01-14,Adzuna
Data Scientist,Data Scientist,O2E Brands,Canada,North York,59000,67000,63000,false,range,USD,Unspecified,Mid-level,,false,false,2026-01-09,Adzuna
Data Scientist,Data Scientist,Shack Shine Home Services Inc.,Canada,Toronto,,,,false,none,USD,Unspecified,Mid-level,,false,false,2026-02-07,Adzuna
Data Scientist,Data Scientist,AutoTrader.ca,Canada,Toronto,,,,false,none,USD,Unspecified,Mid-level,,false,false,2026-01-09,Adzuna
Data Scientist,Data Scientist,Helcim,Canada,Calgary Tower,,,,false,none,USD,Unspecified,Mid-level,,false,false,2025-12-11,Adzuna
Data Scientist,Data Scientist,Helcim,Canada,Calgary,,,,false,none,USD,Unspecified,Mid-level,,false,false,2026-02-08,Adzuna
Data Scientist,Data Scientist,Allstate,Canada,,60000,96000,78000,false,range,USD,Unspecified,Mid-level,,false,false,2026-01-01,Adzuna
Data Scientist,Data Scientist,Polar Amp,Canada,Union Station,96000,115000,105500,false,range,USD,Unspecified,Management,,false,false,2026-02-04,Adzuna
Data Scientist,Data Scientist,McKesson,Canada,Mississauga,55000,91000,73000,false,range,USD,Unspecified,Mid-level,,false,false,2026-01-14,Adzuna
Data Scientist,Data Scientist,Xsolla,Canada,,,,,false,none,USD,Unspecified,Mid-level,,false,false,2026-01-16,Adzuna
Data Scientist,Data Scientist,Canadian Tire Corporation,Canada,Toronto,42000,65000,53500,false,range,USD,Unspecified,Mid-level,,false,false,2026-01-18,Adzuna
Data Scientist,Data Scientist,Carfax,Canada,London,,,,false,none,USD,Unspecified,Mid-level,,false,false,2026-01-11,Adzuna
Data Scientist,Data Scientist,Insight Global,Canada,Saskatoon,,,,false,none,USD,Unspecified,Mid-level,,false,false,2026-02-15,Adzuna
Data Scientist,Data Scientist,Adastra Corporation,Canada,Thornhill,,,,false,none,USD,Unspecified,Mid-level,,false,false,2026-02-21,Adzuna
Data Scientist,Data Scientist,Glia,Canada,Vancouver,,,,false,none,USD,Unspecified,Mid-level,,false,false,2026-02-18,Adzuna
Data Scientist,Data Scientist,Deloitte,Canada,Toronto,,,,false,none,USD,Hybrid,Mid-level,,false,false,2026-02-13,Adzuna
Data Scientist,Data Scientist,BDO,Canada,,55000,83000,69000,false,range,USD,Unspecified,Mid-level,,false,false,2025-11-30,Adzuna
Data Scientist,Data Scientist,Loblaw Companies,Canada,Brampton,,1000,1000,true,point_estimate,USD,Unspecified,Mid-level,,false,false,2026-02-05,Adzuna
Data Scientist,Data Scientist,Valtech,Canada,Toronto,59000,96000,77500,false,range,USD,Unspecified,Mid-level,,false,false,2026-02-17,Adzuna
Data Scientist,Data Scientist,RiskThinking.ai,Canada,Harbord,,,,false,none,USD,Unspecified,Mid-level,,false,false,2024-09-20,Adzuna
"Senior Data Scientist, Data Science COE",Data Scientist,Sun Life,Canada,,,,,false,none,USD,Unspecified,Senior,,false,false,2026-01-25,Adzuna
Senior Data Scientist,Data Scientist,Massive Insights Inc.,Canada,Toronto,,,,false,none,USD,Unspecified,Senior,,false,false,2025-11-29,Adzuna
Data Scientist - Remote,Data Scientist,YO HR Consultancy,Canada,,139000,154000,146500,false,range,USD,Remote,Mid-level,,false,false,2026-02-19,Adzuna
Data Scientist/Developer,Data Scientist,IPV Holdings Ltd,Canada,Sheffield Glen,,,,false,none,USD,Unspecified,Mid-level,"Python, SQL, AWS, Docker, Hadoop",false,false,2026-02-03,Adzuna
Senior Data Scientist,Data Scientist,7710-Janssen-Ortho,Canada,,,,,false,none,USD,Unspecified,Senior,,false,false,2026-02-06,Adzuna
Senior Data Scientist,Data Scientist,J&J Family of Companies,Canada,Toronto,,,,false,none,USD,Unspecified,Senior,,false,false,2026-01-31,Adzuna
"Data Scientist, Ads",Data Scientist,Reddit,Canada,,,,,false,none,USD,Unspecified,Mid-level,,false,false,2026-02-13,Adzuna
Senior Data Scientist,Data Scientist,City of Edmonton,Canada,Downtown,44000,56000,50000,false,range,USD,Unspecified,Senior,,false,false,2026-02-13,Adzuna
Junior Data Scientist,Data Scientist,CaRMS,Canada,Ottawa,,,,false,none,USD,Unspecified,Junior,Python,false,false,2026-02-11,Adzuna
Junior Data Scientist,Data Scientist,mthree Recruiting Portal,Canada,,,,,false,none,USD,Unspecified,Junior,,false,false,2025-03-05,Adzuna
Data Scientist III,Data Scientist,Teck,Canada,,,,,false,none,USD,Hybrid,Mid-level,,false,false,2026-02-18,Adzuna
Data Scientist III,Data Scientist,Teck Resources,Canada,Greater Vancouver,,,,false,none,USD,Hybrid,Mid-level,,false,false,2026-02-19,Adzuna
Data Scientist II,Data Scientist,Quickplay,Canada,CN Tower,,,,false,none,USD,Unspecified,Mid-level,,false,false,2025-11-28,Adzuna
Data Scientist II,Data Scientist,Quickplay,Canada,Toronto,,,,false,none,USD,Unspecified,Mid-level,,false,false,2026-01-25,Adzuna
Senior Data Scientist,Data Scientist,Aviva Employment Services,Canada,,81000,104000,92500,false,range,USD,Unspecified,Senior,,false,false,2026-02-19,Adzuna
Senior Data Scientist,Data Scientist,Aviva Canada,Canada,Markham,,,,false,none,USD,Unspecified,Senior,,false,false,2026-02-19,Adzuna
Applied Data Scientist,Data Scientist,Caseware,Canada,Toronto,,,,false,none,USD,Unspecified,Mid-level,,false,false,2026-01-21,Adzuna
Staff Data Scientist,Data Scientist,Neo Financial,Canada,Calgary,,,,false,none,USD,Unspecified,Lead,,false,false,2026-01-10,Adzuna
Data Science Instructor,Data Scientist,CICCC - Cornerstone International Community College of Canada-,Canada,Vancouver,,,,false,none,USD,Unspecified,Mid-level,,false,false,2026-02-20,Adzuna
Principal Data Scientist,Data Scientist,Ontario Teachers' Pension Plan,Canada,,,,,false,none,USD,Unspecified,Lead,,false,false,2025-11-08,Adzuna
Senior Data Scientist,Data Scientist,SecurityScorecard,Canada,,,,,false,none,USD,Unspecified,Senior,,false,false,2026-02-01,Adzuna
Transportation Data Scientist,Data Scientist,Jacobs,Canada,Burnaby,,,,false,none,USD,Unspecified,Mid-level,,false,false,2026-02-18,Adzuna
Senior Data Scientist,Data Scientist,Instacart,Canada,Toronto,,,,false,none,USD,Unspecified,Senior,,false,false,2024-07-30,Adzuna
Senior Data Scientist,Data Scientist,Global Relay,Canada,Greater Vancouver,,,,false,none,USD,Unspecified,Senior,,false,false,2025-05-22,Adzuna
Senior Data Scientist,Data Scientist,Global Relay Communications Inc. Job on T-Net,Canada,Vancouver,,,,false,none,USD,Unspecified,Senior,,false,false,2026-02-21,Adzuna
Senior Data Scientist,Data Scientist,Global Relay,Canada,Vancouver,,,,false,none,USD,Unspecified,Senior,,false,false,2026-01-31,Adzuna
Senior Data Scientist,Data Scientist,Moneris,Canada,Toronto,86000,123000,104500,false,range,USD,Unspecified,Senior,,false,false,2025-10-28,Adzuna
"Director, Data Science",Data Scientist,Jobber,Canada,,,,,false,none,USD,Unspecified,Management,,false,false,2026-01-09,Adzuna
Staff Data Scientist,Data Scientist,Index Exchange,Canada,Toronto,,,,false,none,USD,Unspecified,Lead,,false,false,2026-02-17,Adzuna
"Manager, Data Science",Data Scientist,Join the Cozey team,Canada,,,,,false,none,USD,Unspecified,Management,,false,false,2026-02-20,Adzuna
Senior Data Scientist,Data Scientist,Alpaca,Canada,Waterloo,,,,false,none,USD,Unspecified,Senior,,false,false,2026-02-06,Adzuna
Data Scientist I,Data Scientist,GDI,Canada,Mont-Royal,,,,false,none,USD,Unspecified,Mid-level,,false,false,2026-02-14,Adzuna
Principal Data Scientist,Data Scientist,AutoTrader.ca,Canada,Toronto,,,,false,none,USD,Unspecified,Lead,,false,false,2026-01-09,Adzuna
Director Data Science,Data Scientist,Servus Credit Union,Canada,Mill Woods,,,,false,none,USD,Remote,Management,,false,false,2026-02-08,Adzuna
Senior Data Scientist,Data Scientist,Targeted Talent,Canada,,,,,false,none,USD,Remote,Senior,R,false,false,2025-07-31,Adzuna
Senior Data Scientist,Data Scientist,Targeted Talent,Canada,Ottawa,,,,false,none,USD,Remote,Senior,R,false,false,2026-02-04,Adzuna
Senior Data Scientist,Data Scientist,Targeted Talent,Canada,Montréal,,,,false,none,USD,Remote,Senior,R,false,true,2026-02-04,Adzuna
Senior Data Scientist,Data Scientist,Targeted Talent,Canada,Calgary,,,,false,none,USD,Remote,Senior,R,false,true,2026-02-04,Adzuna
Senior Data Scientist,Data Scientist,Targeted Talent,Canada,Saskatoon,,,,false,none,USD,Remote,Senior,R,false,true,2026-02-04,Adzuna
Senior Data Scientist,Data Scientist,Targeted Talent,Canada,Québec,,,,false,none,USD,Remote,Senior,R,false,true,2026-02-05,Adzuna
Senior Data Scientist,Data Scientist,Targeted Talent,Canada,Waterloo,,,,false,none,USD,Remote,Senior,R,false,true,2026-02-04,Adzuna
Senior Data Scientist,Data Scientist,Targeted Talent,Canada,Vancouver,,,,false,none,USD,Remote,Senior,R,false,true,2026-02-04,Adzuna
Senior Data Scientist,Data Scientist,Targeted Talent,Canada,Edmonton,,,,false,none,USD,Remote,Senior,R,false,true,2026-02-04,Adzuna
Senior Data Scientist,Data Scientist,Targeted Talent,Canada,Winnipeg,,,,false,none,USD,Remote,Senior,R,false,true,2026-02-04,Adzuna
Senior Data Scientist,Data Scientist,Targeted Talent,Canada,Halifax,,,,false,none,USD,Remote,Senior,R,false,true,2026-02-04,Adzuna
Senior Data Scientist,Data Scientist,Targeted Talent,Canada,Kitchener,,,,false,none,USD,Remote,Senior,R,false,true,2026-02-04,Adzuna
Senior Data Scientist,Data Scientist,Targeted Talent,Canada,North Vancouver,,,,false,none,USD,Remote,Senior,R,false,true,2026-02-04,Adzuna
Senior Data Scientist,Data Scientist,Intact Financial,Canada,,,,,false,none,USD,Unspecified,Senior,,false,false,2025-07-20,Adzuna
Principal Data Scientist,Data Scientist,Autodesk,Canada,,,,,false,none,USD,Unspecified,Lead,,false,false,2025-10-31,Adzuna
Principal Data Scientist,Data Scientist,Autodesk,Canada,Toronto,,,,false,none,USD,Unspecified,Lead,,false,false,2025-06-14,Adzuna
Data Scientist - (225338),Data Scientist,Island Health,Canada,Victoria,,,,false,none,USD,Unspecified,Lead,,false,false,2026-02-21,Adzuna
Data Science Manager,Data Scientist,Deloitte,Canada,Calgary,,,,false,none,USD,Hybrid,Management,,false,false,2026-02-21,Adzuna
Senior Data Scientist,Data Scientist,Geotab,Canada,Oakville,84000,112000,98000,false,range,USD,Unspecified,Senior,,false,false,2025-12-03,Adzuna
Data Scientist III,Data Scientist,TD,Canada,,,,,false,none,USD,Unspecified,Mid-level,,false,false,2026-02-19,Adzuna
Data Scientist III,Data Scientist,TD Bank,Canada,Toronto,,,,false,none,USD,Unspecified,Mid-level,,false,false,2026-02-19,Adzuna
Senior Data Scientist,Data Scientist,"Charles River Laboratories, Inc.",Canada,,,,,false,none,USD,Unspecified,Senior,,false,false,2026-01-22,Adzuna
Senior Data Scientist,Data Scientist,Thumbtack,Canada,,125000,161000,143000,false,range,USD,Unspecified,Senior,,false,false,2026-02-15,Adzuna
Senior Data Scientist,Data Scientist,Match Group,Canada,Greater Vancouver,,,,false,none,USD,Hybrid,Senior,,false,false,2025-12-14,Adzuna
Data Science Manager,Data Scientist,Deloitte,Canada,Toronto,,,,false,none,USD,Hybrid,Management,,false,false,2026-02-12,Adzuna
Senior Data Scientist,Data Scientist,Vancity,Canada,Mount Pleasant,75000,94000,84500,false,range,USD,Unspecified,Senior,,false,false,2026-01-24,Adzuna
Specialist Data Science,Data Scientist,IATA,Canada,,,,,false,none,USD,Unspecified,Mid-level,,false,false,2026-02-19,Adzuna
"Data Scientist, GIS",Data Scientist,Aviva Employment Services,Canada,,70000,85000,77500,false,range,USD,Unspecified,Mid-level,,false,false,2026-01-23,Adzuna
Senior Data Scientist,Data Scientist,Oilers Entertainment Group Style 1,Canada,Edmonton,,,,false,none,USD,Unspecified,Senior,,false,false,2026-01-12,Adzuna
Senior Data Scientist,Data Scientist,Edmonton Oilers,Canada,Edmonton,,,,false,none,USD,Unspecified,Senior,,false,false,2026-01-14,Adzuna
Sr. Data Scientist,Data Scientist,McKesson,Canada,Mississauga,66000,111000,88500,false,range,USD,Unspecified,Senior,,false,false,2026-02-19,Adzuna
Senior Data Scientist,Data Scientist,HighlightTA,Canada,,,,,false,none,USD,Unspecified,Senior,,false,false,2026-01-18,Adzuna
Senior Data Scientist,Data Scientist,Guidewire,Canada,,,,,false,none,USD,Unspecified,Senior,,false,false,2026-02-08,Adzuna
Senior Data Scientist,Data Scientist,Dropbox,Canada,,,,,false,none,USD,Unspecified,Senior,,false,false,2025-10-22,Adzuna
Staff Data Scientist,Data Scientist,Dropbox,Canada,,,,,false,none,USD,Unspecified,Lead,,false,false,2025-11-07,Adzuna
Remote Data Scientist,Data Scientist,Jobgether,Canada,,,,,false,none,USD,Remote,Mid-level,,false,false,2026-02-19,Adzuna
Data Scientist - REMOTE,Data Scientist,Jobgether,Canada,,,,,false,none,USD,Remote,Mid-level,,false,false,2026-02-19,Adzuna
Senior Data Scientist,Data Scientist,Description Chubb,Canada,Toronto,,,,false,none,USD,Unspecified,Senior,,false,false,2025-10-08,Adzuna
Data Scientist II,Data Scientist,Intact Financial,Canada,,,,,false,none,USD,Unspecified,Mid-level,,false,false,2025-11-03,Adzuna
Senior Data Scientist,Data Scientist,SOTI,Canada,,,,,false,none,USD,Hybrid,Senior,,false,false,2026-01-02,Adzuna
Principal Data Scientist,Data Scientist,BMO,Canada,Toronto,,,,false,none,USD,Unspecified,Lead,,false,false,2026-02-17,Adzuna
Senior Data Scientist,Data Scientist,Kabam,Canada,Vancouver,,,,false,none,USD,Unspecified,Senior,,false,false,2025-10-09,Adzuna
Senior Data Scientist,Data Scientist,Vessi Footwear,Canada,Vancouver,,,,false,none,USD,Unspecified,Senior,,false,false,2026-01-31,Adzuna
Staff Data Scientist,Data Scientist,CSC Generation,Canada,,,,,false,none,USD,Unspecified,Lead,,false,false,2026-02-09,Adzuna
"Data Scientist, International",Data Scientist,DoorDash Canada,Canada,Toronto,84000,105000,94500,false,range,USD,Unspecified,Mid-level,,false,false,2025-04-28,Adzuna
Staff Data Scientist,Data Scientist,Clutch Technologies,Canada,Toronto,,,,false,none,USD,Unspecified,Lead,,false,false,2026-02-08,Adzuna
Staff Data Scientist,Data Scientist,Clutch Technologies Inc.,Canada,Toronto,,,,false,none,USD,Unspecified,Lead,,false,false,2026-02-08,Adzuna
Data Scientist II,Data Scientist,Remitly,Canada,Burnaby,95000,107000,101000,false,range,USD,Unspecified,Mid-level,,false,false,2025-11-09,Adzuna
Data Science Intern,Data Scientist,Faire,Canada,Toronto,,,,false,none,USD,Unspecified,Mid-level,,true,false,2026-01-18,Adzuna
Senior Data Scientist,Data Scientist,Darkhorse Emergency,Canada,Edmonton,,,,false,none,USD,Unspecified,Senior,,false,false,2026-02-20,Adzuna
Product Data Scientist,Data Scientist,GPTZero,Canada,Toronto,89000,137000,113000,false,range,USD,Unspecified,Lead,AWS,false,false,2026-02-21,Adzuna
Senior Data Scientist,Data Scientist,Deloitte,Canada,Toronto,,,,false,none,USD,Hybrid,Senior,,false,false,2026-02-13,Adzuna
Senior Data Scientist,Data Scientist,Kabam Games Inc. Job on T-Net,Canada,Vancouver,,,,false,none,USD,Unspecified,Senior,,false,false,2026-01-10,Adzuna
Data Science Engineer,Data Scientist,Adobe,Canada,Toronto,,,,false,none,USD,Unspecified,Mid-level,,false,false,2026-01-02,Adzuna
Data Scientist (Toronto),Data Scientist,Fox,Canada,,,,,false,none,USD,Unspecified,Mid-level,,false,false,2026-01-17,Adzuna
Data Scientist (Hybrid),Data Scientist,Morgan Stanley,Canada,Montréal,,,,false,none,USD,Hybrid,Junior,,false,false,2025-11-28,Adzuna
Senior Data Scientist,Data Scientist,dentsu,Canada,,67000,78000,72500,false,range,USD,Unspecified,Senior,,false,false,2025-11-27,Adzuna
"Manager, Data Science",Data Scientist,BMO,Canada,Toronto,,,,false,none,USD,Unspecified,Management,,false,false,2026-02-10,Adzuna
Senior Data Scientist,Data Scientist,Branch Metrics,Canada,Greater Vancouver,,,,false,none,USD,Unspecified,Senior,,false,false,2026-01-18,Adzuna
Data Scientist I,Data Scientist,TD,Canada,,,,,false,none,USD,Unspecified,Mid-level,,false,false,2026-02-19,Adzuna
Data Scientist I,Data Scientist,TD Bank,Canada,Toronto,,,,false,none,USD,Unspecified,Mid-level,,false,false,2026-02-19,Adzuna
Senior Data Scientist,Data Scientist,Appnovation Technologies,Canada,Toronto,,,,false,none,USD,Unspecified,Senior,,false,false,2026-02-07,Adzuna
"Sr Data Scientist, Marketing Data",Data Scientist,Wealthsimple,Canada,,112000,140000,126000,false,range,USD,Unspecified,Senior,,false,false,2026-02-06,Adzuna
Senior Data Scientist - Optimization,Data Scientist,Tiger Analytics Inc.,Canada,Toronto,,,,false,none,USD,Remote,Senior,,false,false,2025-12-25,Adzuna
"Senior Data Scientist, Ads",Data Scientist,Reddit,Canada,,,,,false,none,USD,Unspecified,Senior,,false,false,2026-02-13,Adzuna
Director of Analytics & Data Science,Data Scientist,Super.com,Canada,,155000,205000,180000,false,range,USD,Unspecified,Management,,false,false,2026-02-18,Adzuna
IT Data Scientist Sr,Data Scientist,Dayforce,Canada,,,,,false,none,USD,Unspecified,Senior,,false,false,2026-02-05,Adzuna
LLM Engineer,NLP / LLM Engineering,Hire DigITalent,Canada,,,,,false,none,USD,Unspecified,Mid-level,,false,false,2025-10-30,Adzuna
Full Stack LLM Engineer,NLP / LLM Engineering,Cerebras Systems,Canada,Toronto,,,,false,none,USD,Unspecified,Mid-level,,false,false,2025-07-20,Adzuna
AI/ML/LLM Engineer (Healthcare & Edge AI),NLP / LLM Engineering,Monark,Canada,Port Coquitlam,63000,74000,68500,false,range,USD,Unspecified,Mid-level,Fine-tuning,false,false,2025-05-24,Adzuna
AI/ML/LLM Engineer (Healthcare & Edge AI),NLP / LLM Engineering,Monark,Canada,Surrey,,,,false,none,USD,Unspecified,Mid-level,Fine-tuning,false,false,2026-02-17,Adzuna
LLM Research Engineer,AI / ML Research,Rocket Mortgage,Canada,,76000,113000,94500,false,range,USD,Unspecified,Mid-level,Transformers,false,false,2025-08-31,Adzuna
LLM Applications Engineer – Industrial Systems,NLP / LLM Engineering,Pani Energy,Canada,Harbour Centre,,,,false,none,USD,Unspecified,Mid-level,,false,false,2025-06-14,Adzuna
LLM Inference Deployment Engineer,NLP / LLM Engineering,EnCharge AI,Canada,,,,,false,none,USD,Unspecified,Mid-level,,false,false,2025-08-07,Adzuna
We’re Hiring for Multiple Roles at Horizon3 AI Labs – To start January 2026!,Other / Unclassified,Hire DigITalent,Canada,,,,,false,none,USD,Unspecified,Mid-level,,false,false,2025-12-03,Adzuna
"Senior Software Engineer, AI/LLM",NLP / LLM Engineering,Censys,Canada,,,,,false,none,USD,Remote,Senior,,false,false,2026-01-19,Adzuna
LLM Inference Performance & Evals Engineer,NLP / LLM Engineering,Cerebras Systems,Canada,Toronto,,,,false,none,USD,Unspecified,Mid-level,,false,false,2025-10-25,Adzuna
"Gen AI/ML Developer - Python, LLM, MLOps, Cloud",MLOps / ML Infrastructure,Astra North Infoteck Inc.,Canada,East York,,,,false,none,USD,Unspecified,Mid-level,"Python, Fine-tuning",false,false,2026-01-29,Adzuna
ML Engineer - Generative AI & LLMs (Remote),Machine Learning Engineer,Ample Insight Inc.,Canada,Toronto,,,,false,none,USD,Remote,Mid-level,,false,false,2026-02-15,Adzuna
"Software Engineer, Model Performance Tooling",AI Software Engineer,Baseten,Canada,Vancouver,96000,148000,122000,false,range,USD,Unspecified,Mid-level,Spark,false,false,2026-01-09,Adzuna
Front End Developer - Angular 13,AI Software Engineer,Astra North Infoteck Inc.,Canada,Toronto,,,,false,none,USD,Hybrid,Mid-level,RAG,false,false,2026-02-13,Adzuna
"Software Engineer, Developer Experience - AI",AI Engineer,Lyft,Canada,Toronto,,,,false,none,USD,Unspecified,Mid-level,,false,false,2025-11-19,Adzuna
"Senior Consultant, Gen AI",AI Engineer,Lovelytics,Canada,,,,,false,none,USD,Unspecified,Senior,,false,false,2025-09-18,Adzuna
Sr. Conversation Designer,Other / Unclassified,Netomi,Canada,Toronto,,,,false,none,USD,Unspecified,Senior,,false,false,2026-02-20,Adzuna
Senior AI Developer,AI Engineer,Practice Better,Canada,Toronto,,,,false,none,USD,Unspecified,Senior,,false,false,2026-01-24,Adzuna
Gen AI Developer,AI Engineer,Astra North Infoteck Inc.,Canada,Toronto,,,,false,none,USD,Unspecified,Mid-level,"Python, NLP",false,false,2026-01-29,Adzuna
Senior AI Developer,AI Engineer,Practice Better,Canada,,130000,144000,137000,false,range,USD,Unspecified,Senior,,false,false,2026-01-24,Adzuna
Full-Stack Developer,AI Software Engineer,Valsoft Corporation,Canada,,,,,false,none,USD,Unspecified,Mid-level,,false,false,2025-09-17,Adzuna
Senior Software Engineering Manager - Cloud & AI,AI Software Engineer,Tigera,Canada,Vancouver,,,,false,none,USD,Unspecified,Senior,Kubernetes,false,false,2026-02-05,Adzuna
"Engineering Manager, AI",Other / Unclassified,PC Financial,Canada,Brampton,,1000,1000,true,point_estimate,USD,Unspecified,Management,,false,false,2026-02-19,Adzuna
Développeur IA Python,Other / Unclassified,Harris Global Business Services,Canada,Montréal,,,,false,none,USD,Unspecified,Mid-level,Python,false,false,2026-01-27,Adzuna
Algorithm Expert - Multimodal LLM,NLP / LLM Engineering,"Huawei Technologies Canada Co., Ltd.",Canada,Unionville,,,,false,none,USD,Unspecified,Mid-level,,false,false,2026-02-18,Adzuna
Algorithm Expert - Multimodal LLM,NLP / LLM Engineering,"Huawei Technologies Canada Co., Ltd.",Canada,Kingston,,,,false,none,USD,Unspecified,Mid-level,,false,true,2026-02-18,Adzuna
Algorithm Expert - Multimodal LLM,NLP / LLM Engineering,"Huawei Technologies Canada Co., Ltd.",Canada,University,,,,false,none,USD,Unspecified,Mid-level,,false,true,2026-02-18,Adzuna
Algorithm Expert - Multimodal LLM,NLP / LLM Engineering,"Huawei Technologies Canada Co., Ltd.",Canada,Beaverbrook,,,,false,none,USD,Unspecified,Mid-level,,false,true,2026-02-18,Adzuna
Algorithm Expert - Multimodal LLM,NLP / LLM Engineering,"Huawei Technologies Canada Co., Ltd.",Canada,Killarney,,,,false,none,USD,Unspecified,Mid-level,,false,true,2026-02-18,Adzuna
Algorithm Expert - Multimodal LLM,NLP / LLM Engineering,"Huawei Technologies Canada Co., Ltd.",Canada,Waterloo,,,,false,none,USD,Unspecified,Mid-level,,false,true,2026-02-18,Adzuna
"Senior Consultant, Gen AI",AI Engineer,Lovelytics,Canada,Toronto,,,,false,none,USD,Unspecified,Senior,,false,true,2025-09-20,Adzuna
AI Automation Lead II,Other / Unclassified,Instacart,Canada,Toronto,,,,false,none,USD,Unspecified,Lead,,false,false,2025-12-25,Adzuna
Senior AI Architect,AI Consulting / Solutions,Mod Op,Canada,Toronto,74000,85000,79500,false,range,USD,Unspecified,Senior,,false,false,2026-02-18,Adzuna
Data Analytics and GenAI Architect,Data Analyst / BI,Astra North Infoteck Inc.,Canada,Toronto,89000,,89000,true,point_estimate,USD,Remote,Mid-level,"AWS, GCP, Azure, Spark",false,false,2026-02-05,Adzuna
Senior GenAI - AI & Intelligent Automation Developer,AI Engineer,Capco,Canada,Toronto,87000,112000,99500,false,range,USD,Hybrid,Senior,,false,false,2026-01-01,Adzuna
GTM Developer - ShareGate,AI Software Engineer,Workleap,Canada,,70000,85000,77500,false,range,USD,Unspecified,Mid-level,,false,false,2025-12-19,Adzuna
Full Stack Engineer,AI Software Engineer,Tailwind,Canada,Toronto,,,,false,none,USD,Unspecified,Mid-level,,false,false,2025-11-17,Adzuna
Senior GenAI Data Scientist (m/f/d),Data Scientist,AutoTrader.ca,Canada,Toronto,,,,false,none,USD,Unspecified,Senior,,false,false,2026-01-21,Adzuna
Staff Gen AI Developer,AI Engineer,Varicent,Canada,Toronto,,,,false,none,USD,Unspecified,Lead,,false,false,2026-02-05,Adzuna
Senior Quality Engineer- Vancouver,Other / Unclassified,Royal Bank of Canada,Canada,Greater Vancouver,,,,false,none,USD,Unspecified,Senior,,false,false,2026-01-23,Adzuna
GTM Developer - ShareGate,AI Software Engineer,ShareGate- en,Canada,,70000,85000,77500,false,range,USD,Unspecified,Mid-level,,false,false,2026-01-15,Adzuna
Software Quality Engineer,Other / Unclassified,Royal Bank of Canada,Canada,,,,,false,none,USD,Unspecified,Mid-level,,false,false,2026-02-20,Adzuna
Senior SW Engineer - AI Products,AI Engineer,hireVouch,Canada,,111000,148000,129500,false,range,USD,Remote,Senior,R,false,false,2026-01-30,Adzuna
GenAI Engineer,AI Engineer,VDart Inc,Canada,Regent Park,85000,92000,88500,false,range,USD,Unspecified,Mid-level,"OpenAI, Azure, RAG",false,false,2026-02-13,Adzuna
"Staff Backend Product Software Engineer, Core Intelligence & Media",AI Software Engineer,Dropbox,Canada,,,,,false,none,USD,Unspecified,Lead,,false,false,2026-01-02,Adzuna
Staff Software Engineer,AI Software Engineer,Nirmata,Canada,,,,,false,none,USD,Unspecified,Lead,Kubernetes,false,false,2026-02-12,Adzuna
Software Developer II,AI Software Engineer,Bentley Systems,Canada,Burlington,,,,false,none,USD,Hybrid,Mid-level,,false,false,2026-02-14,Adzuna
"Staff AI/ML Engineer – Generative AI & Autonomous Agents (10035) Toronto, Canada - Hybrid",Machine Learning Engineer,Extreme Networks,Canada,Toronto,,,,false,none,USD,Hybrid,Senior,,false,false,2025-11-26,Adzuna
Senior AI Integration Developer,AI Software Engineer,Equisoft,Canada,,,,,false,none,USD,Unspecified,Senior,,false,false,2026-01-09,Adzuna
Senior Backend-Focused Full-Stack Engineer,AI Software Engineer,Nirmata,Canada,,,,,false,none,USD,Unspecified,Senior,Kubernetes,false,false,2026-01-18,Adzuna
Spécialiste en innovation logicielle et R&D,Other / Unclassified,Go RH,Canada,Montréal,,,,false,none,USD,Unspecified,Mid-level,R,false,false,2026-01-28,Adzuna
QA Automation Engineer,Other / Unclassified,Optix,Canada,Greater Vancouver,48000,63000,55500,false,range,USD,Unspecified,Mid-level,,false,false,2026-02-03,Adzuna
Principal Software Engineering Manager,AI Software Engineer,Microsoft Canada,Canada,,,,,false,none,USD,Unspecified,Lead,,false,false,2026-02-01,Adzuna
AI Insights Tech Lead,Other / Unclassified,Wisedocs AI,Canada,Grange Park,,,,false,none,USD,Unspecified,Lead,,false,false,2026-02-13,Adzuna
Front End Tech Lead,AI Software Engineer,Wisedocs AI,Canada,Grange Park,,,,false,none,USD,Unspecified,Lead,,false,false,2026-02-13,Adzuna
LLMOps Engineer,MLOps / ML Infrastructure,Thrive Career Wellness Platform,Canada,Toronto,104000,118000,111000,false,range,USD,Hybrid,Management,,false,false,2025-11-27,Adzuna
AI Developer - Intermediate,AI Engineer,Delta Controls,Canada,Surrey,67000,81000,74000,false,range,USD,Unspecified,Mid-level,Python,false,false,2025-12-21,Adzuna
"Senior Research Engineer, Model Evaluation",AI / ML Research,Cohere,Canada,Toronto,,,,false,none,USD,Unspecified,Senior,RAG,false,false,2025-08-11,Adzuna
Generative AI Developer – Microsoft Azure AI Stack,AI Engineer,Lantern,Canada,,,,,false,none,USD,Unspecified,Mid-level,Azure,false,false,2025-11-16,Adzuna
Workshop Director - AI,Other / Unclassified,Info-Tech Research Group,Canada,,,,,false,none,USD,Unspecified,Management,,false,false,2025-10-15,Adzuna
Software Engineer [New Grads Welcome],AI Software Engineer,Mechanical Orchard,Canada,,,,,false,none,USD,Unspecified,Mid-level,,false,false,2025-04-06,Adzuna
Infrastructure Software Engineer,AI Software Engineer,Mechanical Orchard,Canada,,,,,false,none,USD,Unspecified,Mid-level,,false,false,2025-10-03,Adzuna
Principal Software Engineer - AI (Vancouver Hybrid),AI Engineer,Boomi,Canada,Greater Vancouver,114000,143000,128500,false,range,USD,Hybrid,Lead,,false,false,2026-02-06,Adzuna
Senior Principal Software Engineer (Vancouver Hybrid),AI Software Engineer,Boomi,Canada,Greater Vancouver,130000,163000,146500,false,range,USD,Hybrid,Senior,,false,false,2026-02-06,Adzuna
Applications Engineering Co-op,Other / Unclassified,Eclipse Automation,Canada,Cambridge,32000,42000,37000,false,range,USD,Unspecified,Mid-level,,false,false,2026-02-20,Adzuna
Forward Deployed Engineer - Delivery Prediction & AI Systems,AI Engineer,Narvar,Canada,,133000,170000,151500,false,range,USD,Unspecified,Mid-level,,false,false,2025-11-06,Adzuna
Full Stack Architect -Data/AI,AI Software Engineer,TD,Canada,,,,,false,none,USD,Unspecified,Mid-level,,false,false,2026-02-20,Adzuna
Full Stack Architect - AI,AI Software Engineer,TD,Canada,,,,,false,none,USD,Unspecified,Mid-level,,false,false,2026-02-20,Adzuna
QA Automation Engineer,Other / Unclassified,Optix,Canada,Vancouver,,,,false,none,USD,Unspecified,Mid-level,,false,false,2026-02-05,Adzuna
Information Security Specialist (Information Security Specialist - AI Penetration Tester)(B3617) EVMAI,Other / Unclassified,TD,Canada,,,,,false,none,USD,Unspecified,Mid-level,,false,false,2026-01-26,Adzuna
"Staff Data Scientist, Growth",Data Scientist,HelloFresh,Canada,Toronto,,,,false,none,USD,Unspecified,Lead,,false,false,2025-11-14,Adzuna
Full Stack Architect -Data/AI,AI Software Engineer,TD Bank,Canada,Toronto,,,,false,none,USD,Unspecified,Mid-level,,false,false,2026-01-21,Adzuna
Full Stack Architect - AI,AI Software Engineer,TD Bank,Canada,Toronto,,,,false,none,USD,Unspecified,Mid-level,,false,false,2026-01-21,Adzuna
GenAI platform Advisor,AI Engineer,Intact Financial,Canada,,,,,false,none,USD,Unspecified,Mid-level,,false,false,2025-10-11,Adzuna
AI Insights Tech Lead,Other / Unclassified,Wisedocs AI,Canada,Toronto,,,,false,none,USD,Unspecified,Lead,,false,false,2026-02-15,Adzuna
Front End Tech Lead,AI Software Engineer,Wisedocs AI,Canada,Toronto,,,,false,none,USD,Unspecified,Lead,,false,false,2026-02-15,Adzuna
AI/ML Sector Lead (Hybrid),AI Engineer,Morgan Stanley,Canada,Montréal,,,,false,none,USD,Hybrid,Senior,,false,false,2025-10-27,Adzuna
Information Security Specialist (Information Security Specialist - AI Penetration Tester)(B3617) EVMAI,Other / Unclassified,TD Bank,Canada,Toronto,,,,false,none,USD,Unspecified,Mid-level,,false,false,2026-01-27,Adzuna
Cybersecurity Researcher,AI / ML Research,Safety Cybersecurity,Canada,,89000,111000,100000,false,range,USD,Unspecified,Mid-level,Python,false,false,2025-12-14,Adzuna
Software Developer (Student Position),AI Software Engineer,Canada Life,Canada,Regina region,,,,false,none,USD,Unspecified,Mid-level,,false,false,2026-02-10,Adzuna
"Senior Manager, Localization Program Management",Other / Unclassified,Autodesk,Canada,Greater Vancouver,,,,false,none,USD,Unspecified,Senior,,false,false,2026-02-20,Adzuna
Senior Software Developer - AI & Automation,AI Software Engineer,FCT,Canada,Oakville,,,,false,none,USD,Unspecified,Senior,,false,false,2026-02-01,Adzuna
"Engineering Manager, Applied AI - AI Entries",Other / Unclassified,Lyft,Canada,Toronto,,,,false,none,USD,Unspecified,Management,,false,false,2026-01-20,Adzuna
Chief of Staff to the Managing Director of AI,Other / Unclassified,Human Agency,Canada,,,,,false,none,USD,Remote,Lead,,false,false,2026-01-16,Adzuna
"Chief of Staff to the Managing Director of AI - Vancouver, Canada",Other / Unclassified,Human Agency,Canada,Vancouver,,,,false,none,USD,Remote,Lead,,false,false,2026-01-18,Adzuna
"Chief of Staff to the Managing Director of AI - Montreal, Canada",Other / Unclassified,Human Agency,Canada,Montréal,,,,false,none,USD,Remote,Lead,,false,false,2026-01-18,Adzuna
"Chief of Staff to the Managing Director of AI - Toronto, Canada",Other / Unclassified,Human Agency,Canada,Toronto,,,,false,none,USD,Remote,Lead,,false,false,2026-01-18,Adzuna
AI Technical Product Manager,AI Product & Program,BCI Corporation,Canada,Victoria,,,,false,none,USD,Unspecified,Management,,false,false,2026-02-14,Adzuna
"AI Research Intern, PhD (Full Time- Summer)",AI / ML Research,Assent,Canada,Ottawa,,,,false,none,USD,Unspecified,Mid-level,,true,false,2026-02-21,Adzuna
Technical Architect Sr,AI Consulting / Solutions,Fidelity International,Canada,Toronto,117000,126000,121500,false,range,USD,Hybrid,Senior,,false,false,2026-02-07,Adzuna
ML Ops Engineer (hybrid or remote),MLOps / ML Infrastructure,Achievers,Canada,,79000,107000,93000,false,range,USD,Remote,Mid-level,,false,false,2026-01-31,Adzuna
Software Engineer - Front End,AI Software Engineer,Tucows,Canada,Toronto,69000,77000,73000,false,range,USD,Unspecified,Mid-level,,false,false,2026-02-04,Adzuna
Software Engineer - Front End,AI Software Engineer,Tucows Domains,Canada,,69000,77000,73000,false,range,USD,Unspecified,Mid-level,,false,false,2026-02-05,Adzuna
Software Engineer - Front End,AI Software Engineer,Tucows Domains,Canada,Toronto,,,,false,none,USD,Unspecified,Mid-level,,false,false,2026-02-05,Adzuna
Staff GTM Engineer (AI & Automation) | Canada | Remote,AI Engineer,Grafana Labs,Canada,,,,,false,none,USD,Remote,Lead,,false,false,2026-02-19,Adzuna
Information Security Specialist (Information Security Specialist - AI Penetration Tester) (B3617) EVMAI,Other / Unclassified,TD,Canada,,,,,false,none,USD,Unspecified,Mid-level,,false,false,2026-02-17,Adzuna
Information Security Specialist (Information Security Specialist - AI Penetration Tester) (B3617) EVMAI,Other / Unclassified,TD Bank,Canada,Toronto,,,,false,none,USD,Unspecified,Mid-level,,false,false,2026-02-12,Adzuna
Développeur · euse senior en IA / systèmes agentiques - Senior AI/Agentic Systems Developer,AI Software Engineer,TobogganLabs,Canada,Montréal,,,,false,none,USD,Unspecified,Senior,,false,false,2026-02-21,Adzuna
Prompt Engineer,NLP / LLM Engineering,Bounteous,Canada,Montréal,,,,false,none,USD,Unspecified,Mid-level,,false,false,2026-02-19,Adzuna
Senior Prompt Engineer,NLP / LLM Engineering,Equisoft,Canada,,,,,false,none,USD,Unspecified,Senior,,false,false,2026-01-09,Adzuna
Prompt Engineer / Agent Designer – Toronto - Hybrid,NLP / LLM Engineering,Capco,Canada,Toronto,87000,112000,99500,false,range,USD,Hybrid,Mid-level,,false,false,2025-10-24,Adzuna
Manager Production Photo et Vidéo IA (E-commerce),Other / Unclassified,Mage Montréal,Canada,Montréal,,,,false,none,USD,Unspecified,Management,,false,false,2026-02-04,Adzuna
Manager Production Photo et Vidéo IA (E-commerce),Other / Unclassified,Mage Montréal,Canada,Saint-Faustin-Lac-Carre,,,,false,none,USD,Unspecified,Management,,false,true,2026-02-04,Adzuna
"Forward Deployed Engineer, Prompt Specialist",Other / Unclassified,Cohere,Canada,Toronto,,,,false,none,USD,Unspecified,Mid-level,RAG,false,false,2025-11-08,Adzuna
Gen AI – Python Developer,AI Engineer,Apptad Inc,Canada,Mont-Royal,100000,100000,100000,true,point_estimate,USD,Unspecified,Mid-level,Python,false,false,2026-02-17,Adzuna
Full Stack Engineer,AI Software Engineer,hireVouch,Canada,,,,,false,none,USD,Unspecified,Mid-level,,false,false,2025-10-18,Adzuna
AI Trainer,AI Training & Annotation,Okta,Canada,Toronto,,,,false,none,USD,Unspecified,Mid-level,,false,false,2026-02-20,Adzuna
Technical Lead (AI Focus),AI Software Engineer,Optix,Canada,Greater Vancouver,,,,false,none,USD,Unspecified,Lead,,false,false,2026-02-20,Adzuna
AWS AI Developer - 0120 1 NJ,AI Engineer,NavitasPartners,Canada,Toronto,123000,123000,123000,true,point_estimate,USD,Remote,Mid-level,AWS,false,false,2026-02-22,Adzuna
Salesforce AI Architect - Canada (Remote),AI Consulting / Solutions,Info-Tech Research Group,Canada,,,,,false,none,USD,Remote,Mid-level,,false,false,2025-11-14,Adzuna
Microsoft Copilot Specialist-Implementation & Enablement,Other / Unclassified,High Tech Genesis,Canada,,,,,false,none,USD,Unspecified,Lead,,false,false,2025-12-31,Adzuna
"Email Copywriter - B2B Tech, AI Experience - Remote Work",Other / Unclassified,BairesDev,Canada,,,,,false,none,USD,Remote,Mid-level,,false,false,2026-02-20,Adzuna
Technical Lead (AI Focus),AI Software Engineer,Optix,Canada,Vancouver,,,,false,none,USD,Unspecified,Lead,,false,false,2026-02-22,Adzuna
RQ09519 - Technology Architect,AI Consulting / Solutions,Flexstaf IT,Canada,Toronto,,,,false,none,USD,Unspecified,Mid-level,"Python, PyTorch, TensorFlow, Scikit-learn, RAG",false,false,2026-02-14,Adzuna
Python Engineer,Other / Unclassified,Bounteous,Canada,Montréal,,,,false,none,USD,Unspecified,Mid-level,Python,false,false,2026-02-19,Adzuna
Application Development Intern,Other / Unclassified,BDH Collective,Canada,,129000,148000,138500,false,range,USD,Unspecified,Mid-level,,true,false,2026-01-16,Adzuna
Accounting and Financial Admin Intern,Other / Unclassified,BDH Collective,Canada,,129000,148000,138500,false,range,USD,Unspecified,Mid-level,,true,false,2026-01-16,Adzuna
Marketing & Social Media Intern,Other / Unclassified,BDH Collective,Canada,,129000,148000,138500,false,range,USD,Unspecified,Mid-level,,true,false,2026-01-16,Adzuna
Web Design Intern,Other / Unclassified,BDH Collective,Canada,,129000,148000,138500,false,range,USD,Unspecified,Mid-level,,true,false,2026-01-16,Adzuna
Communication & PR Intern,Other / Unclassified,BDH Collective,Canada,,129000,148000,138500,false,range,USD,Unspecified,Mid-level,,true,false,2026-01-16,Adzuna
"Senior Data Scientist, GenAI",Data Scientist,Fiddlehead Technology,Canada,Moncton,64000,77000,70500,false,range,USD,Hybrid,Senior,,false,false,2025-09-20,Adzuna
"Software Engineering Architect (Cloud-Native, AI/ML)",AI Engineer,Ampliwork,Canada,Montréal,,,,false,none,USD,Unspecified,Lead,Python,false,false,2026-02-18,Adzuna
Full-Stack Developer,AI Software Engineer,TechBiz Global GmbH,Canada,,,,,false,none,USD,Unspecified,Mid-level,"Python, OpenAI",false,true,2026-02-11,Adzuna
AI Developer,AI Engineer,Valsoft Corporation,Canada,,,,,false,none,USD,Unspecified,Mid-level,,false,false,2025-11-18,Adzuna
"Cognitive AI, LLM & Quantum Innovation (Onsite, Part - Time )",NLP / LLM Engineering,Sapsol Technologies Inc,Canada,Mississauga,,,,false,none,USD,Onsite,Mid-level,,false,false,2025-11-10,Adzuna
E-Commerce & Digital Sales Intern,Other / Unclassified,BDH Collective,Canada,,129000,148000,138500,false,range,USD,Unspecified,Mid-level,,true,false,2026-01-16,Adzuna
Senior Data Developer,AI Software Engineer,nesto,Canada,,,,,false,none,USD,Unspecified,Senior,,false,false,2026-02-11,Adzuna
Evaluation Specialist,Other / Unclassified,Mercor,Canada,,,,,false,none,USD,Remote,Mid-level,,false,false,2026-02-08,Adzuna
Senior Technical Consultant (Solutions Architect) - GTA,AI Consulting / Solutions,Greenlight Consulting,Canada,North York,,,,false,none,USD,Hybrid,Senior,,false,false,2026-01-15,Adzuna
Python/NLP Developer [4896],NLP / LLM Engineering,Alteo,Canada,Outremont,,,,false,none,USD,Unspecified,Mid-level,"Python, NLP",false,false,2025-05-03,Adzuna
Python/NLP Developer [4896],NLP / LLM Engineering,Alteo,Canada,Montréal,,,,false,none,USD,Unspecified,Mid-level,"Python, NLP",false,false,2026-01-27,Adzuna
Infrastructure Automation AI Developer,AI Engineer,Nokia Global,Canada,,,,,false,none,USD,Unspecified,Mid-level,,false,false,2025-11-19,Adzuna
Technical lead,AI Software Engineer,LGS,Canada,Montréal,,,,false,none,USD,Unspecified,Lead,Azure,false,false,2026-01-28,Adzuna
Korean Language Specialist - Freelance AI Trainer Project,AI Training & Annotation,Invisible Agency,Canada,Toronto,,,,false,none,USD,Unspecified,Mid-level,,false,false,2025-10-31,Adzuna
French Language Specialist - Freelance AI Trainer Project,AI Training & Annotation,Invisible Agency,Canada,Québec City,,,,false,none,USD,Unspecified,Mid-level,,false,false,2026-01-18,Adzuna
Italian Language Specialist - Freelance AI Trainer Project,AI Training & Annotation,Invisible Agency,Canada,Toronto,,,,false,none,USD,Unspecified,Mid-level,,false,false,2025-10-31,Adzuna
Stage en Comptabilité et Administration Financière,Other / Unclassified,BDH Collective,Canada,,129000,148000,138500,false,range,USD,Unspecified,Mid-level,,false,false,2026-01-16,Adzuna
Stage en Marketing & Médias Sociaux,Other / Unclassified,BDH Collective,Canada,,129000,148000,138500,false,range,USD,Unspecified,Mid-level,,false,false,2026-01-16,Adzuna
Stage en Web Design,Other / Unclassified,BDH Collective,Canada,,129000,148000,138500,false,range,USD,Unspecified,Mid-level,,false,false,2026-01-16,Adzuna
Stage en Développement d'Applications,Other / Unclassified,BDH Collective,Canada,,129000,148000,138500,false,range,USD,Unspecified,Mid-level,,false,false,2026-01-16,Adzuna
Stage en Communication & Relations Publiques,Other / Unclassified,BDH Collective,Canada,,129000,148000,138500,false,range,USD,Unspecified,Mid-level,,false,false,2026-01-16,Adzuna
AI Architect - Canada (Remote),AI Consulting / Solutions,Info-Tech Research Group,Canada,,,,,false,none,USD,Remote,Mid-level,,false,false,2025-12-14,Adzuna
Senior Data Scientist I - French Language Proficiency,Data Scientist,LexisNexis,Canada,,,,,false,none,USD,Unspecified,Senior,,false,false,2026-01-12,Adzuna
"Senior Software Engineer, AI Products",AI Engineer,hireVouch,Canada,Kitchener,,,,false,none,USD,Unspecified,Senior,,false,false,2025-08-31,Adzuna
"Intern, IT- Services domain - Aviation industry (Summer 2026)",Other / Unclassified,Bombardier,Canada,Dorval,,,,false,none,USD,Unspecified,Mid-level,,true,false,2026-02-05,Adzuna
Finnish Language Specialist - Freelance AI Trainer Project,AI Training & Annotation,Invisible Agency,Canada,Toronto,100000,148000,124000,false,range,USD,Unspecified,Mid-level,,false,false,2025-10-31,Adzuna
Ukrainian Language Specialist - Freelance AI Trainer Project,AI Training & Annotation,Invisible Agency,Canada,Toronto,100000,148000,124000,false,range,USD,Unspecified,Mid-level,,false,false,2025-10-31,Adzuna
Vietnamese Language Specialist - Freelance AI Trainer Project,AI Training & Annotation,Invisible Agency,Canada,Toronto,,,,false,none,USD,Unspecified,Mid-level,,false,false,2025-10-31,Adzuna
French Language Specialist (Android Device) - Freelance AI Trainer Project,AI Training & Annotation,Invisible Agency,Canada,Québec City,,,,false,none,USD,Unspecified,Mid-level,,false,false,2026-01-22,Adzuna
Persian Language Specialist - Freelance AI Trainer Project,AI Training & Annotation,Invisible Agency,Canada,Toronto,100000,148000,124000,false,range,USD,Unspecified,Mid-level,,false,false,2025-07-29,Adzuna
GenAI Engineer,AI Engineer,Tiger Analytics Inc.,Canada,,,,,false,none,USD,Unspecified,Mid-level,,false,false,2026-01-19,Adzuna
Stage en E-Commerce & Ventes Digitales,Other / Unclassified,BDH Collective,Canada,,129000,148000,138500,false,range,USD,Unspecified,Mid-level,,false,false,2026-01-16,Adzuna
Software Engineer III,AI Software Engineer,hireVouch,Canada,Toronto,,,,false,none,USD,Unspecified,Lead,,false,false,2025-08-16,Adzuna
Software Engineer - I/II,AI Software Engineer,hireVouch,Canada,Toronto,,,,false,none,USD,Unspecified,Mid-level,,false,false,2025-08-15,Adzuna
Senior QA Automation Engineer,Other / Unclassified,High 5 Games,Canada,,,,,false,none,USD,Unspecified,Senior,,false,false,2026-02-01,Adzuna
Manufacturing Specialist (Fluent in French) - Freelance AI Trainer Project,AI Training & Annotation,Invisible Agency,Canada,Québec City,,,,false,none,USD,Unspecified,Mid-level,,false,false,2025-07-31,Adzuna
Coding Specialist (Fluent in French) - Freelance AI Trainer Project,AI Training & Annotation,Invisible Agency,Canada,Québec City,,,,false,none,USD,Unspecified,Mid-level,,false,false,2025-07-04,Adzuna
Video Production Specialist - Freelance AI Trainer Project,AI Training & Annotation,Invisible Agency,Canada,Greater Vancouver,,,,false,none,USD,Unspecified,Mid-level,,false,true,2025-07-04,Adzuna
Education Specialist (Fluent in French) - Freelance AI Trainer Project,AI Training & Annotation,Invisible Agency,Canada,Québec City,,,,false,none,USD,Unspecified,Mid-level,,false,false,2025-07-31,Adzuna
Insurance Specialist (Fluent in French) - Freelance AI Trainer Project,AI Training & Annotation,Invisible Agency,Canada,Québec City,,,,false,none,USD,Unspecified,Mid-level,,false,false,2025-07-31,Adzuna
Healthcare Specialist (Fluent in French) - Freelance AI Trainer Project,AI Training & Annotation,Invisible Agency,Canada,Québec City,,,,false,none,USD,Unspecified,Mid-level,,false,false,2025-07-31,Adzuna
Finance Specialist (Fluent in French) - Freelance AI Trainer Project,AI Training & Annotation,Invisible Agency,Canada,Québec City,,,,false,none,USD,Unspecified,Mid-level,,false,false,2025-07-31,Adzuna
Audio Editing Specialist - Freelance AI Trainer Project,AI Training & Annotation,Invisible Agency,Canada,Toronto,,,,false,none,USD,Unspecified,Mid-level,,false,true,2025-11-02,Adzuna
HR Specialist (Fluent in French) - Freelance AI Trainer Project,AI Training & Annotation,Invisible Agency,Canada,Québec City,,,,false,none,USD,Unspecified,Mid-level,,false,false,2025-07-31,Adzuna
Environment Specialist (Fluent in French) - Freelance AI Trainer Project,AI Training & Annotation,Invisible Agency,Canada,Québec City,,,,false,none,USD,Unspecified,Mid-level,,false,false,2025-07-31,Adzuna
Energy Specialist (Fluent in French) - Freelance AI Trainer Project,AI Training & Annotation,Invisible Agency,Canada,Québec City,,,,false,none,USD,Unspecified,Mid-level,,false,false,2025-07-31,Adzuna
"Director, ITS, FASTech & Innovation",Other / Unclassified,Chartwell,Canada,Mississauga,,,,false,none,USD,Unspecified,Management,,false,false,2025-10-30,Adzuna
Position Title: Business Automation (Co-op ),Other / Unclassified,Feroot Security,Canada,Toronto,,,,false,none,USD,Unspecified,Mid-level,,false,false,2025-11-23,Adzuna
General Manager - AI Services,Other / Unclassified,Insight Global,Canada,Toronto,,,,false,none,USD,Unspecified,Lead,,false,false,2025-08-09,Adzuna
Senior Cloud Architect - REMOTE,AI Consulting / Solutions,Jobgether,Canada,,,,,false,none,USD,Remote,Senior,"Azure, Fine-tuning",false,false,2026-02-21,Adzuna
Freelance Data Science Engineer (Python & SQL),Data Scientist,Mindrift,Canada,Québec,,,,false,none,USD,Unspecified,Mid-level,"Python, SQL",false,false,2026-02-17,Adzuna
Freelance Data Science Engineer (Python & SQL),Data Scientist,Mindrift,Canada,British Columbia,,,,false,none,USD,Unspecified,Mid-level,"Python, SQL",false,true,2026-02-17,Adzuna
Freelance Data Science Engineer (Python & SQL),Data Scientist,Mindrift,Canada,,,,,false,none,USD,Unspecified,Mid-level,"Python, SQL",false,true,2026-02-17,Adzuna
Freelance Data Scientist (Python & SQL) - AI Trainer,AI Training & Annotation,Mindrift,Canada,Ontario,,,,false,none,USD,Unspecified,Mid-level,"Python, SQL",false,false,2026-02-17,Adzuna
Freelance Data Scientist (Python & SQL) - AI Trainer,AI Training & Annotation,Mindrift,Canada,British Columbia,,,,false,none,USD,Unspecified,Mid-level,"Python, SQL",false,true,2026-02-17,Adzuna
Freelance Data Scientist (Python & SQL) - AI Trainer,AI Training & Annotation,Mindrift,Canada,Québec,,,,false,none,USD,Unspecified,Mid-level,"Python, SQL",false,true,2026-02-17,Adzuna
Freelance Data Scientist (Python & SQL) - AI Trainer,AI Training & Annotation,Mindrift,Canada,,,,,false,none,USD,Unspecified,Mid-level,"Python, SQL",false,true,2026-02-17,Adzuna
Freelance Data Science Engineer (Python & SQL),Data Scientist,Mindrift,Canada,Ontario,,,,false,none,USD,Unspecified,Mid-level,"Python, SQL",false,true,2026-02-17,Adzuna
Sr. AI Solutions Architect,AI Consulting / Solutions,Dialpad,Canada,Kitchener,79000,100000,89500,false,range,USD,Unspecified,Senior,,false,false,2026-01-22,Adzuna
GCP AI Solution Architect,AI Consulting / Solutions,PwC,Canada,Toronto,,,,false,none,USD,Unspecified,Mid-level,GCP,false,false,2026-02-15,Adzuna
Integration Engineer  TI210825,Other / Unclassified,emergiTEL,Canada,Toronto,,,,false,none,USD,Remote,Senior,,false,false,2025-08-23,Adzuna
"Senior Algorithm Engineer, AI",AI Engineer,Comm100 Network Corporation,Canada,Greater Vancouver,59000,89000,74000,false,range,USD,Unspecified,Senior,,false,false,2026-01-11,Adzuna
Full Stack Developer,AI Software Engineer,Insight Global,Canada,Toronto,,,,false,none,USD,Unspecified,Mid-level,Python,false,false,2025-10-18,Adzuna
UAT Manager,Other / Unclassified,Insight Global,Canada,Toronto,,,,false,none,USD,Unspecified,Management,R,false,false,2026-01-31,Adzuna
Marketing Specialist,Other / Unclassified,"Eclipse Foundation, Inc.",Canada,Ottawa,,,,false,none,USD,Unspecified,Mid-level,,false,false,2026-01-23,Adzuna
AI Self-Service Program Manager,AI Product & Program,Samsara,Canada,Toronto,,,,false,none,USD,Unspecified,Lead,,false,false,2025-11-13,Adzuna
Forward Deployed Engineering Intern (AI Agent),Other / Unclassified,Cresta,Canada,,,,,false,none,USD,Unspecified,Mid-level,,true,false,2026-02-04,Adzuna
"AI Intern (Co-op, 4 month)",Other / Unclassified,ProCogia,Canada,Greater Vancouver,,,,false,none,USD,Unspecified,Mid-level,,true,false,2026-02-07,Adzuna
"AI Intern (Co-op, 4 month)",Other / Unclassified,ProCogia,Canada,Vancouver,,,,false,none,USD,Unspecified,Mid-level,,true,false,2026-02-08,Adzuna
Engineering Manager - AI & Data Analytics,Data Analyst / BI,Kindsight,Canada,,,,,false,none,USD,Unspecified,Management,,false,false,2026-01-08,Adzuna
"Senior Software Developer, Fullstack",AI Software Engineer,Coursera,Canada,,102000,127000,114500,false,range,USD,Unspecified,Senior,,false,false,2025-12-08,Adzuna
Principal Software Engineer,AI Software Engineer,Conexiom,Canada,Greater Vancouver,,,,false,none,USD,Unspecified,Lead,,false,false,2026-01-10,Adzuna
Senior Software Developer,AI Software Engineer,True North Mortgage,Canada,Calgary Tower,,,,false,none,USD,Unspecified,Senior,,false,false,2026-02-12,Adzuna
AI/ML Engineer / Solution Designer – Toronto - Hybrid,Machine Learning Engineer,Capco,Canada,Toronto,87000,112000,99500,false,range,USD,Hybrid,Mid-level,,false,false,2025-10-24,Adzuna
Senior Software Developer,AI Software Engineer,True North Mortgage,Canada,Calgary,,,,false,none,USD,Unspecified,Senior,,false,false,2026-02-12,Adzuna
QA Engineer,Other / Unclassified,h2o.ai,Canada,Greater Vancouver,,,,false,none,USD,Unspecified,Mid-level,,false,false,2026-01-09,Adzuna
"Engineering Manager, AI Applications",Other / Unclassified,Safe Fleet,Canada,Coquitlam,,,,false,none,USD,Unspecified,Management,,false,false,2026-02-19,Adzuna
Full Stack Engineer (AI Focus),AI Engineer,Optix,Canada,Greater Vancouver,,,,false,none,USD,Unspecified,Lead,,false,false,2026-02-20,Adzuna
Conversational Architect,AI Consulting / Solutions,emergiTEL,Canada,Toronto,,,,false,none,USD,Unspecified,Mid-level,,false,false,2025-10-02,Adzuna
AI Creative Strategist,Other / Unclassified,Elite Hire Pro,Canada,Sunalta,30000,44000,37000,false,range,USD,Hybrid,Mid-level,,false,false,2025-11-12,Adzuna
"Research Engineer, Post-Training (Hybrid)",AI / ML Research,Themis,Canada,Brampton,,,,false,none,USD,Hybrid,Mid-level,,false,false,2025-07-11,Adzuna
"Senior Software Developer 2, Artificial Intelligence",AI Software Engineer,D2L,Canada,Toronto,,,,false,none,USD,Unspecified,Senior,,false,false,2025-05-25,Adzuna
Senior AI Developer,AI Engineer,RouteThis,Canada,Kitchener,,,,false,none,USD,Unspecified,Senior,,false,false,2025-10-03,Adzuna
Legal Content Specialist,Other / Unclassified,LexisNexis,Canada,Toronto,,,,false,none,USD,Unspecified,Mid-level,,false,false,2026-01-27,Adzuna
AI/ML Innovation Engineer,AI Engineer,Jonas Software,Canada,,,,,false,none,USD,Unspecified,Mid-level,,false,false,2026-01-31,Adzuna
Senior Software Developer,AI Software Engineer,Royal Bank of Canada,Canada,,,,,false,none,USD,Unspecified,Senior,,false,false,2026-01-30,Adzuna
Machine Learning Architect (AWS),AI Consulting / Solutions,Rackspace,Canada,,,,,false,none,USD,Remote,Mid-level,AWS,false,false,2025-04-29,Adzuna
"Member of Technical Staff, Data",Other / Unclassified,Plus10 Recruitment,Canada,,,,,false,none,USD,Unspecified,Lead,,false,false,2025-07-31,Adzuna
Infrastructure Automation AI Developer,AI Engineer,Nokia,Canada,Kanata,,,,false,none,USD,Unspecified,Mid-level,,false,false,2026-02-12,Adzuna
Forward Deployed Engineer,Other / Unclassified,Nexxa.AI,Canada,,,,,false,none,USD,Unspecified,Senior,,false,false,2026-01-09,Adzuna
"Member of Technical Staff, Data",Other / Unclassified,FirstPrinciples,Canada,,,,,false,none,USD,Unspecified,Lead,,false,false,2025-04-03,Adzuna
AI Creative Strategist,Other / Unclassified,Elite Hire Pro,Canada,Calgary,,,,false,none,USD,Hybrid,Mid-level,,false,false,2026-02-11,Adzuna
UX Designer - Retail & Operational Systems,Other / Unclassified,NearSource,Canada,Toronto,,,,false,none,USD,Remote,Lead,,false,false,2026-02-19,Adzuna
"Data Scientist, Analytics & Insights",Data Scientist,World Vision,Canada,Mississauga,,,,false,none,USD,Hybrid,Management,,false,false,2026-01-21,Adzuna
Software Architect,AI Consulting / Solutions,Autodesk,Canada,,116000,170000,143000,false,range,USD,Unspecified,Mid-level,,false,false,2026-01-18,Adzuna
Google Cloud Platform AI Analyst,Data Analyst / BI,ATCO,Canada,Edmonton,,,,false,none,USD,Unspecified,Mid-level,GCP,false,false,2026-02-14,Adzuna
Software Architect,AI Consulting / Solutions,Autodesk,Canada,Toronto,,,,false,none,USD,Unspecified,Mid-level,,false,true,2026-01-17,Adzuna
"Sr. Engineer ( Private Cloud, Data & AI - Enterprise AI Solutions )",AI Engineer,Tangentia,Canada,Toronto,,,,false,none,USD,Unspecified,Senior,,false,false,2026-02-18,Adzuna
"Sr. Data Scientist, Strategic Analytics (Home Based Toronto)",Data Scientist,Arch Capital Group,Canada,Toronto,89000,104000,96500,false,range,USD,Unspecified,Senior,,false,false,2026-02-20,Adzuna
"???? Senior Software Engineer, AI Game Creation Platform",AI Engineer,Ironbelly Studios,Canada,Montréal,,,,false,none,USD,Unspecified,Senior,,false,false,2026-01-25,Adzuna
Développeur MLOps,MLOps / ML Infrastructure,Eddyfi inc.,Canada,Québec,,,,false,none,USD,Unspecified,Mid-level,,false,false,2026-01-26,Adzuna
MLOps Developer,MLOps / ML Infrastructure,Eddyfi Technologies,Canada,Québec City,,,,false,none,USD,Hybrid,Mid-level,,false,false,2026-01-15,Adzuna
Senior MLOps Engineer | Ingnieure MLOps senior,MLOps / ML Infrastructure,Jesta I.S.,Canada,Montréal,,,,false,none,USD,Unspecified,Senior,AWS,false,false,2026-02-11,Adzuna
Senior MLOps Engineer | Ingénieur·e MLOps senior,MLOps / ML Infrastructure,Jesta I.S.,Canada,Westmount,,,,false,none,USD,Unspecified,Senior,AWS,false,false,2025-11-13,Adzuna
MLOps and AI Architect,MLOps / ML Infrastructure,Accenture,Canada,,67000,104000,85500,false,range,USD,Unspecified,Lead,,false,false,2025-12-28,Adzuna
"Director, MLOps (Canada)",MLOps / ML Infrastructure,Manulife,Canada,,,,,false,none,USD,Unspecified,Management,,false,false,2026-02-15,Adzuna
"Director, MLOps (Canada)",MLOps / ML Infrastructure,Manulife,Canada,Waterloo region,,,,false,none,USD,Unspecified,Management,,false,false,2026-02-14,Adzuna
"Director, MLOps (Canada)",MLOps / ML Infrastructure,Manulife,Canada,Toronto,,,,false,none,USD,Unspecified,Management,,false,true,2026-02-14,Adzuna
Senior MLOps Engineer,MLOps / ML Infrastructure,CreatorIQ,Canada,Greater Vancouver,,,,false,none,USD,Unspecified,Senior,,false,true,2026-02-14,Adzuna
Senior MLOps Engineer,MLOps / ML Infrastructure,CreatorIQ,Canada,Toronto,111000,139000,125000,false,range,USD,Unspecified,Senior,,false,true,2026-02-14,Adzuna
Platform Engineer - MLOps,MLOps / ML Infrastructure,Canadian Imperial Bank of Commerce,Canada,,,,,false,none,USD,Unspecified,Mid-level,,false,false,2026-02-13,Adzuna
Senior Python/PyTorch ML Engineer to lead production AI/ML model development and architect MLOps/ETL standardization across 100 use cases B3617,MLOps / ML Infrastructure,S.i. Systems,Canada,,,,,false,none,USD,Unspecified,Senior,"Python, PyTorch",false,false,2026-01-05,Adzuna
Associate Data Engineer-MLOps,MLOps / ML Infrastructure,Gore Mutual Insurance,Canada,,,,,false,none,USD,Unspecified,Junior,,false,false,2026-02-14,Adzuna
Associate Data Engineer-MLOps,MLOps / ML Infrastructure,Gore Mutual Insurance,Canada,Cambridge,,,,false,none,USD,Unspecified,Junior,,false,false,2026-02-14,Adzuna
Développeur ou développeuse MLOps,MLOps / ML Infrastructure,CGI,Canada,Québec,,,,false,none,USD,Unspecified,Mid-level,,false,false,2025-12-20,Adzuna
"Lead Cloud MLOps Engineer, GFT",MLOps / ML Infrastructure,Royal Bank of Canada,Canada,,,,,false,none,USD,Unspecified,Lead,,false,false,2026-01-31,Adzuna
"Technical Program Manager - MLOps, Data Governance",MLOps / ML Infrastructure,Astra North Infoteck Inc.,Canada,Toronto,89000,,89000,true,point_estimate,USD,Hybrid,Management,"Azure, MLflow",false,false,2026-02-07,Adzuna
"Ingénieure ou ingénieur, Machine Learning",Other / Unclassified,BRP,Canada,Montréal,,,,false,none,USD,Unspecified,Mid-level,,false,false,2026-02-11,Adzuna
Ingénieure ou ingénieur plateforme,Other / Unclassified,BRP,Canada,Montréal,,,,false,none,USD,Unspecified,Mid-level,,false,false,2026-01-05,Adzuna
Advisory Delivery Consultant - Watsonx,AI Consulting / Solutions,IBM,Canada,Markham,,,,false,none,USD,Unspecified,Mid-level,,false,false,2026-02-08,Adzuna
Développeur Intelligence Artificielle (3–5 ans d’expérience),Other / Unclassified,ProgExpert,Canada,Québec,,,,false,none,USD,Unspecified,Mid-level,,false,false,2026-02-19,Adzuna
Generative AI Solutions Architect,AI Engineer,National Bank,Canada,,,,,false,none,USD,Unspecified,Mid-level,,false,false,2026-02-04,Adzuna
Chief AI Agentic Developer,AI Software Engineer,National Bank,Canada,,,,,false,none,USD,Unspecified,Mid-level,,false,false,2026-02-04,Adzuna
Spécialiste DevOps,AI Software Engineer,DELAN,Canada,,,,,false,none,USD,Unspecified,Mid-level,,false,false,2025-12-02,Adzuna
Spécialiste en Intelligence Artificielle,Other / Unclassified,DELAN,Canada,,,,,false,none,USD,Unspecified,Mid-level,,false,false,2025-10-29,Adzuna
Conseiller en sciences de la donnée - sénior,Other / Unclassified,Ciao,Canada,Québec,,,,false,none,USD,Unspecified,Mid-level,,false,false,2026-02-04,Adzuna
Développeur principal agentique IA,Other / Unclassified,Banque Nationale,Canada,Montréal,,,,false,none,USD,Unspecified,Lead,,false,false,2026-02-04,Adzuna
Développement d'applications logicielles,Other / Unclassified,Frontmatec,Canada,Sainte-Euphémie,,,,false,none,USD,Unspecified,Mid-level,R,false,false,2026-01-08,Adzuna
Lead Data Engineer -ML Ops,MLOps / ML Infrastructure,Gore Mutual Insurance,Canada,,,,,false,none,USD,Unspecified,Lead,,false,false,2026-01-24,Adzuna
Lead Data Engineer -ML Ops,MLOps / ML Infrastructure,Gore Mutual Insurance,Canada,Cambridge,,,,false,none,USD,Unspecified,Lead,,false,false,2026-02-22,Adzuna
Conseiller en automatisation de solutions analytiques,Other / Unclassified,Ciao,Canada,Québec,,,,false,none,USD,Unspecified,Mid-level,,false,false,2026-02-04,Adzuna
AI & Data Platform Architect,Data Engineer,GEI Consultants,Canada,Markham,96000,126000,111000,false,range,USD,Unspecified,Mid-level,,false,false,2026-01-31,Adzuna
AI & Data Platform Architect,Data Engineer,GEI Consultants,Canada,Concord,96000,126000,111000,false,range,USD,Unspecified,Mid-level,,false,true,2026-01-31,Adzuna
AI & Data Platform Architect,Data Engineer,GEI Consultants,Canada,Guelph,96000,126000,111000,false,range,USD,Unspecified,Mid-level,,false,true,2026-01-31,Adzuna
AI & Data Platform Architect,Data Engineer,GEI Consultants,Canada,Kitchener,96000,126000,111000,false,range,USD,Unspecified,Mid-level,,false,true,2026-01-31,Adzuna
Senior Data Engineer,Data Engineer,Keebo,Canada,,,,,false,none,USD,Unspecified,Senior,,false,false,2026-02-12,Adzuna
Directeur de pratique – Architecte IA,Other / Unclassified,IDEKA Services Conseils,Canada,Montréal,,,,false,none,USD,Unspecified,Mid-level,,false,false,2025-08-31,Adzuna
"Senior Manager, Software Engineering (Infrastructure)",AI Software Engineer,Loopio,Canada,Toronto,106000,143000,124500,false,range,USD,Unspecified,Senior,,false,false,2026-02-06,Adzuna
"Senior Data/ML Engineer, ML Platform - GFT",MLOps / ML Infrastructure,Royal Bank of Canada,Canada,,,,,false,none,USD,Unspecified,Senior,,false,false,2026-02-06,Adzuna
GCP AI Solution Architect,AI Consulting / Solutions,PricewaterhouseCoopers,Canada,,,,,false,none,USD,Unspecified,Management,GCP,false,false,2025-11-10,Adzuna
Machine Learning Developer (Hybrid),Machine Learning Engineer,Morgan Stanley,Canada,Montréal,,,,false,none,USD,Hybrid,Mid-level,,false,false,2025-11-28,Adzuna
Innovation Engineer,Other / Unclassified,Stantec,Canada,Edmonton,,,,false,none,USD,Unspecified,Mid-level,,false,false,2025-11-06,Adzuna
AI Platform Developer Sr,MLOps / ML Infrastructure,Dayforce,Canada,,,,,false,none,USD,Remote,Senior,,false,false,2026-01-22,Adzuna
Senior Cloud Engineer ML/AI Platform,MLOps / ML Infrastructure,Bank of Montreal,Canada,Toronto,56000,105000,80500,false,range,USD,Unspecified,Senior,"AWS, Azure",false,false,2026-01-18,Adzuna
"Manager, Automation & Artificial Intelligence Center of Excellence",Other / Unclassified,Bombardier,Canada,Dorval,,,,false,none,USD,Hybrid,Management,,false,false,2026-02-11,Adzuna
Data Scientist Student - Summer 2026,Data Scientist,J.D. Irving,Canada,Saint John,,,,false,none,USD,Unspecified,Mid-level,,false,false,2026-01-07,Adzuna
"Senior Manager, Applied AI and Analytics",Data Analyst / BI,Autodesk,Canada,Toronto,,,,false,none,USD,Unspecified,Senior,,false,false,2026-02-06,Adzuna
"Senior Manager, Applied AI and Analytics",Data Analyst / BI,Autodesk,Canada,,115000,169000,142000,false,range,USD,Unspecified,Senior,,false,false,2026-02-15,Adzuna
Head of Data,Other / Unclassified,Stay22,Canada,Montréal,,,,false,none,USD,Unspecified,Management,,false,false,2026-02-08,Adzuna
Senior Platform Engineer – Cloud Architecture & AI Platforms,MLOps / ML Infrastructure,Derivative Path,Canada,Toronto,,,,false,none,USD,Unspecified,Senior,,false,false,2026-02-05,Adzuna
Data Engineer,Data Engineer,DELAN,Canada,,,,,false,none,USD,Unspecified,Mid-level,,false,false,2026-02-20,Adzuna
Azure Data Engineer - AI,Data Engineer,Astra North Infoteck Inc.,Canada,Toronto,89000,,89000,true,point_estimate,USD,Unspecified,Mid-level,"OpenAI, Azure",false,false,2026-01-29,Adzuna
Architecte senior de solutions IA génératif,Other / Unclassified,Banque Nationale,Canada,Montréal,,,,false,none,USD,Unspecified,Senior,,false,false,2026-01-05,Adzuna
AI ML Architect,AI Consulting / Solutions,3Pillar,Canada,,,,,false,none,USD,Unspecified,Mid-level,,false,false,2025-04-28,Adzuna
Data Scientist Data and AI (Applied AI),Data Scientist,Air Canada,Canada,Dorval,,,,false,none,USD,Unspecified,Mid-level,,false,true,2026-01-29,Adzuna
Senior Software Engineer,AI Software Engineer,Carfax,Canada,London,69000,101000,85000,false,range,USD,Unspecified,Senior,,false,false,2026-02-04,Adzuna
"Data Scientist – Center of Excellence (CoE), Personal Lines Pricing",Data Scientist,Aviva Employment Services,Canada,,67000,85000,76000,false,range,USD,Unspecified,Mid-level,,false,false,2025-12-11,Adzuna
Senior ML/DL Developer,AI Software Engineer,Stay22,Canada,Montréal,,,,false,none,USD,Unspecified,Senior,,false,false,2026-01-30,Adzuna
Director of Platform Engineering,AI Software Engineer,Overstory,Canada,,,,,false,none,USD,Unspecified,Management,,false,false,2026-02-09,Adzuna
Conseiller en sciences de la donné - intermédiaire,Other / Unclassified,Ciao,Canada,Québec,,,,false,none,USD,Unspecified,Mid-level,,false,false,2026-02-04,Adzuna
Innovation Engineer,Other / Unclassified,Stantec,Canada,Calgary,,,,false,none,USD,Unspecified,Mid-level,,false,false,2025-11-04,Adzuna
Full Stack ML Engineer,Machine Learning Engineer,ALS Global,Canada,North Vancouver,74000,89000,81500,false,range,USD,Unspecified,Mid-level,,false,false,2026-01-21,Adzuna
Machine Learning Platform Lead,Other / Unclassified,Q Internal,Canada,,,,,false,none,USD,Hybrid,Lead,,false,false,2025-11-20,Adzuna
Sr AI/ML Applications Architect,AI Engineer,GE Vernova,Canada,Markham,,,,false,none,USD,Unspecified,Senior,,false,false,2025-11-15,Adzuna
Senior Data Engineer,Data Engineer,TekTronIT LLC,Canada,Alberta,,,,false,none,USD,Unspecified,Senior,"AWS, Azure, Airflow",false,false,2026-02-13,Adzuna
Solutions Architect,AI Consulting / Solutions,Snowflake,Canada,Ontario,133000,170000,151500,false,range,USD,Unspecified,Mid-level,,false,false,2026-01-13,Adzuna
AI Solution Architect — Intermediate,AI Consulting / Solutions,CGI,Canada,Montréal,59000,115000,87000,false,range,USD,Unspecified,Mid-level,,false,false,2026-02-05,Adzuna
Senior Platform Engineer - Cloud Architecture & AI Platforms,MLOps / ML Infrastructure,Derivative Path,Canada,,,,,false,none,USD,Unspecified,Senior,,false,false,2026-02-06,Adzuna
Analytics/Next-Gen AI Co-op/Intern,Data Analyst / BI,Nokia Global,Canada,,,,,false,none,USD,Onsite,Mid-level,,true,false,2026-01-10,Adzuna
GIS Technical Lead,AI Software Engineer,Querentia,Canada,Regent Park,,,,false,none,USD,Unspecified,Lead,,false,false,2026-02-18,Adzuna
AI-First Data Scientist,Data Scientist,CSC Generation,Canada,,,,,false,none,USD,Unspecified,Mid-level,,false,false,2025-12-14,Adzuna
Data Engineer,Data Engineer,Workhoppers,Canada,,,,,false,none,USD,Remote,Mid-level,GCP,false,false,2025-06-21,Adzuna
Technical Program Manager – AI/ML Initiatives,AI Engineer,McKesson,Canada,Mississauga,84000,140000,112000,false,range,USD,Unspecified,Management,,false,false,2026-01-12,Adzuna
Sr. Data Scientist I (Hybrid),Data Scientist,Identity Digital,Canada,Toronto,,,,false,none,USD,Hybrid,Senior,,false,false,2026-02-10,Adzuna
"Manager, Advanced Analytics",Data Analyst / BI,Wawanesa,Canada,Winnipeg region,,,,false,none,USD,Hybrid,Management,,false,false,2026-02-20,Adzuna
Senior/Lead Data Scientist - Forecasting,Data Scientist,Tiger Analytics Inc.,Canada,,,,,false,none,USD,Unspecified,Senior,,false,false,2025-12-18,Adzuna
"Machine Learning Manager, Security & Research",AI / ML Research,"Intuition Machines, Inc.",Canada,,,,,false,none,USD,Unspecified,Lead,,false,false,2026-02-11,Adzuna
AI Enablement Lead (Candidate Application Canada),Other / Unclassified,Valsoft Corporation,Canada,,,,,false,none,USD,Unspecified,Lead,,false,false,2026-02-17,Adzuna
AI Enablement Lead (Agency Application Canada),Other / Unclassified,Valsoft Corporation,Canada,,,,,false,none,USD,Unspecified,Lead,,false,false,2026-02-17,Adzuna
Product Group Technology Lead - AI 4 Data Management (AI4DM),Other / Unclassified,TD Bank,Canada,Toronto,,,,false,none,USD,Unspecified,Lead,,false,false,2026-02-12,Adzuna
Product Group Technology Lead - AI 4 Data Management (AI4DM),Other / Unclassified,TD,Canada,,,,,false,none,USD,Unspecified,Lead,,false,false,2026-02-11,Adzuna
Senior Software Engineer,AI Software Engineer,Microsoft Canada,Canada,,,,,false,none,USD,Unspecified,Senior,,false,false,2026-02-01,Adzuna
Engineering Manager - AdTech Data Science,Data Scientist,"Fluent, LLC",Canada,Toronto,118000,166000,142000,false,range,USD,Unspecified,Lead,,false,false,2026-02-12,Adzuna
Staff Associate III,Other / Unclassified,Columbia University in the City of New York,Canada,,74000,81000,77500,false,range,USD,Unspecified,Junior,"PyTorch, Fine-tuning",false,false,2026-01-19,Adzuna
General Manager - Web Applications,Other / Unclassified,Insight Global,Canada,Toronto,,,,false,none,USD,Unspecified,Lead,,false,false,2025-08-09,Adzuna
"Gestionnaire, Centre d'excellence en automatisation et en intelligence artificielle",Other / Unclassified,Bombardier,Canada,Dorval,,,,false,none,USD,Unspecified,Mid-level,,false,false,2026-02-11,Adzuna
Lead DevOps Engineer (ML Platform),MLOps / ML Infrastructure,Royal Bank of Canada,Canada,,,,,false,none,USD,Unspecified,Lead,,false,false,2026-01-31,Adzuna
Scientifique des données – Centre d’Excellence (CoE) Tarification des Lignes Personnelles,Other / Unclassified,Aviva Employment Services,Canada,,,,,false,none,USD,Unspecified,Mid-level,,false,false,2025-12-12,Adzuna
"Senior Performance and Scale Engineer, OpenShift AI Platform",MLOps / ML Infrastructure,Red Hat,Canada,,,,,false,none,USD,Unspecified,Senior,,false,false,2026-02-18,Adzuna
"Senior Performance and Scale Engineer, OpenShift AI Platform",MLOps / ML Infrastructure,Red Hat,Canada,Toronto,,,,false,none,USD,Unspecified,Senior,,false,false,2026-02-19,Adzuna
"IT Architect, AI Technical Design",AI Consulting / Solutions,Saputo,Canada,Georgetown,,,,false,none,USD,Unspecified,Mid-level,,false,false,2026-02-14,Adzuna
Software Engineer - Forecasting & Scheduling,AI Software Engineer,Assembled,Canada,,126000,244000,185000,false,range,USD,Unspecified,Mid-level,,false,false,2026-01-16,Adzuna
Staff Fullstack Engineer,AI Software Engineer,CreatorIQ,Canada,Toronto,145000,168000,156500,false,range,USD,Unspecified,Lead,,false,false,2026-01-28,Adzuna
Data & AI Transformation Leader,Other / Unclassified,Kyndryl,Canada,,,,,false,none,USD,Unspecified,Mid-level,,false,false,2026-01-09,Adzuna
AI Product Manager,AI Product & Program,Infoblox,Canada,Burnaby,73000,108000,90500,false,range,USD,Unspecified,Management,,false,false,2026-02-08,Adzuna
Senior DevOps Engineer - Cloud Infrastructure,AI Software Engineer,Quandri,Canada,Vancouver,,,,false,none,USD,Unspecified,Senior,,false,false,2025-06-13,Adzuna
Senior Computer Vision Engineer,Computer Vision,Birdseye Solutions,Canada,Etobicoke,,,,false,none,USD,Remote,Senior,Computer Vision,false,false,2024-09-20,Adzuna
AI Technical Counselor,Other / Unclassified,Info-Tech Research Group,Canada,Yorkville,,,,false,none,USD,Unspecified,Mid-level,,false,false,2026-01-21,Adzuna
Solution Architect – Generative AI (Azure AI Stack),AI Engineer,Lantern,Canada,,,,,false,none,USD,Unspecified,Mid-level,Azure,false,false,2025-11-16,Adzuna
AI Research Scientist Multimodal VLM and MLLM US or Canada,AI / ML Research,Autodesk,Canada,,,,,false,none,USD,Unspecified,Mid-level,Computer Vision,false,false,2025-10-15,Adzuna
AI Research Scientist Multimodal VLM and MLLM US or Canada,AI / ML Research,Autodesk,Canada,Toronto,,,,false,none,USD,Unspecified,Mid-level,Computer Vision,false,false,2025-09-24,Adzuna
AI Research Scientist Multimodal VLM and MLLM US or Canada,AI / ML Research,Autodesk,Canada,Greater Vancouver,,,,false,none,USD,Unspecified,Mid-level,Computer Vision,false,true,2025-09-24,Adzuna
"Intern, Artificial Intelligence Developer - Data & Analytics Center of Excellence (IT) (Summer 2026)",Data Analyst / BI,Bombardier,Canada,Dorval,,,,false,none,USD,Unspecified,Mid-level,,true,false,2026-02-04,Adzuna
Technical Program Manager - REMOTE,AI Product & Program,Jobgether,Canada,,,,,false,none,USD,Remote,Lead,,false,false,2026-02-19,Adzuna
Remote Technical Program Manager - REMOTE,AI Product & Program,Jobgether,Canada,,,,,false,none,USD,Remote,Lead,,false,false,2026-02-21,Adzuna
Senior Computer Vision Engineer,Computer Vision,Birdseye Solutions,Canada,Mississauga,,,,false,none,USD,Remote,Senior,Computer Vision,false,false,2026-02-01,Adzuna
Fractional CTO / AI Strategy Council - Remote (Contractor),Other / Unclassified,Human Intelligence,Canada,Toronto,,,,false,none,USD,Remote,Mid-level,,false,false,2025-12-13,Adzuna
Senior AI Developer (LLM/VLM/Agent Applications),NLP / LLM Engineering,Autodesk,Canada,,,,,false,none,USD,Unspecified,Senior,,false,false,2025-12-04,Adzuna
Associate AI/ML Developer,Machine Learning Engineer,Priceline,Canada,Toronto,78000,92000,85000,false,range,USD,Hybrid,Junior,,false,false,2026-01-30,Adzuna
DevOps Engineer,AI Software Engineer,Journey Capital,Canada,Westmount,,,,false,none,USD,Unspecified,Mid-level,,false,false,2026-01-30,Adzuna
Big Data and SQL Developer,Data Engineer,Citigroup,Canada,Mississauga,,,,false,none,USD,Unspecified,Senior,SQL,false,false,2026-01-23,Adzuna
Data & AI Transformation Leader,Other / Unclassified,Kyndryl,Canada,Calgary,,,,false,none,USD,Unspecified,Mid-level,,false,false,2026-01-07,Adzuna
Data & AI Transformation Leader,Other / Unclassified,Kyndryl,Canada,Ottawa,,,,false,none,USD,Unspecified,Mid-level,,false,true,2026-01-07,Adzuna
Data & AI Transformation Leader,Other / Unclassified,Kyndryl,Canada,Toronto,,,,false,none,USD,Unspecified,Mid-level,,false,true,2026-01-07,Adzuna
AI Developer Senior,AI Engineer,Intact Financial,Canada,Greater Vancouver,,,,false,none,USD,Unspecified,Senior,,false,false,2026-02-11,Adzuna
DevOps Engineer,AI Software Engineer,Journey Capital,Canada,Montréal,,,,false,none,USD,Unspecified,Mid-level,,false,false,2026-01-30,Adzuna
"Director, Data Analytics and AI",Data Analyst / BI,MealSuite,Canada,Cambridge,113000,138000,125500,false,range,USD,Unspecified,Senior,,false,false,2026-02-02,Adzuna
Software Engineer - Computer Vision,Computer Vision,Ecopia Tech,Canada,Queen's Park,,,,false,none,USD,Unspecified,Mid-level,Computer Vision,false,false,2025-12-22,Adzuna
Software Engineer - Computer Vision,Computer Vision,Ecopia Tech,Canada,Toronto,,,,false,none,USD,Unspecified,Mid-level,Computer Vision,false,false,2026-02-20,Adzuna
Staff Software Engineer Computer Vision / Mobile App,Computer Vision,Corning,Canada,,,,,false,none,USD,Unspecified,Lead,Computer Vision,false,false,2025-11-07,Adzuna
Software Engineer (Applied ML/Computer Vision),Computer Vision,GroundedAI Inc.,Canada,Greater Vancouver,,,,false,none,USD,Unspecified,Mid-level,Computer Vision,false,false,2026-02-07,Adzuna
Senior Software Engineer - AI/Computer Vision (Camera Systems),Computer Vision,Motorola Solutions,Canada,,,,,false,none,USD,Unspecified,Senior,Computer Vision,false,false,2025-11-23,Adzuna
Staff Software Engineer Unity 3D / Computer Vision / Augmented Reality / Mobile App,Computer Vision,Corning,Canada,,,,,false,none,USD,Unspecified,Lead,Computer Vision,false,false,2025-08-05,Adzuna
Principal Perception Hardware Engineer,Computer Vision,Inspiren,Canada,,148000,178000,163000,false,range,USD,Unspecified,Senior,,false,false,2026-02-21,Adzuna
Research Scientist,AI / ML Research,Waabi,Canada,Toronto,117000,199000,158000,false,range,USD,Unspecified,Mid-level,,false,false,2026-02-05,Adzuna
Senior ML/NLP Engineer,NLP / LLM Engineering,Noetiq Edge,Canada,Ottawa,,,,false,none,USD,Unspecified,Senior,NLP,false,false,2026-02-22,Adzuna
Natural Language Processing (NLP) Engineer,NLP / LLM Engineering,Your Personal AI,Canada,,,,,false,none,USD,Unspecified,Mid-level,NLP,false,true,2026-01-23,Adzuna
GenAI Data Engineer,Data Engineer,Tiger Analytics Inc.,Canada,Toronto,,,,false,none,USD,Unspecified,Mid-level,,false,true,2026-01-29,Adzuna
"Member of Technical Staff, Training and Inference",Other / Unclassified,Boson AI,Canada,Toronto,,,,false,none,USD,Unspecified,Lead,NLP,false,false,2025-09-24,Adzuna
GenAI Data Engineer,Data Engineer,Tiger Analytics Inc.,Canada,,,,,false,none,USD,Unspecified,Mid-level,,false,false,2026-02-01,Adzuna
AI Data Engineer Intern (Summer 2026),Data Engineer,Exiger,Canada,Toronto,,,,false,none,USD,Hybrid,Senior,,true,false,2026-01-16,Adzuna
"Member of Technical Staff, Modeling",Other / Unclassified,Boson AI,Canada,Toronto,,,,false,none,USD,Unspecified,Lead,NLP,false,false,2025-02-20,Adzuna
"Lead Research Engineer, AI Solutions",AI / ML Research,Thomson Reuters,Canada,Toronto,,,,false,none,USD,Unspecified,Lead,,false,false,2025-11-28,Adzuna
Applied Research Intern,AI / ML Research,Thomson Reuters,Canada,Toronto,,,,false,none,USD,Unspecified,Mid-level,,true,false,2026-02-11,Adzuna
"Research Scientist, LLM Agents (Foundational Research)",AI / ML Research,Thomson Reuters,Canada,Toronto,,,,false,none,USD,Unspecified,Mid-level,,false,false,2025-11-29,Adzuna
"Manager, Lead Research Scientist, LLM Agents (Foundational Research)",AI / ML Research,Thomson Reuters,Canada,Toronto,,,,false,none,USD,Unspecified,Lead,,false,false,2025-11-29,Adzuna
"Manager, Lead Research Scientist, Training Data (Foundational Research)",AI / ML Research,Thomson Reuters,Canada,Toronto,,,,false,none,USD,Unspecified,Lead,,false,false,2025-11-29,Adzuna
Principal Applied Researcher AI/NLP,AI / ML Research,PointClickCare,Canada,,130000,144000,137000,false,range,USD,Unspecified,Lead,NLP,false,false,2026-01-22,Adzuna
"Sr AI Research Scientist, AI Evaluation and Reliability",AI / ML Research,Upwork,Canada,Toronto,,,,false,none,USD,Unspecified,Senior,,false,false,2026-02-07,Adzuna
"Sr Lead AI Research Scientist, AI Foundations",AI / ML Research,Upwork,Canada,Toronto,,,,false,none,USD,Unspecified,Senior,,false,false,2026-01-29,Adzuna
"Senior Researcher - Cloud and AI Infrastructure, Microsoft Research",MLOps / ML Infrastructure,Microsoft Canada,Canada,,,,,false,none,USD,Unspecified,Senior,,false,false,2026-01-05,Adzuna
"AI Researcher (PhD), 2026 Graduate Canada",AI / ML Research,Atlassian,Canada,,,,,false,none,USD,Unspecified,Mid-level,,false,false,2025-12-12,Adzuna
"PhD AI Research Intern, 2026 Summer Canada",AI / ML Research,Atlassian,Canada,,,,,false,none,USD,Unspecified,Mid-level,,true,false,2025-12-12,Adzuna
PhD Intern - AI Researcher for CAD (B-Rep) Generation,AI / ML Research,Autodesk,Canada,,,,,false,none,USD,Unspecified,Senior,,true,false,2025-11-26,Adzuna
PhD Intern - AI Researcher for CAD (B-Rep) Generation,AI / ML Research,Autodesk,Canada,Toronto,,,,false,none,USD,Unspecified,Senior,,true,true,2025-11-25,Adzuna
Research Intern - AI Hardware,AI / ML Research,Microsoft Canada,Canada,,,,,false,none,USD,Unspecified,Mid-level,,true,false,2026-01-05,Adzuna
AI/ML Research Intern,AI / ML Research,DRW,Canada,Montréal,,,,false,none,USD,Unspecified,Mid-level,,true,false,2026-02-19,Adzuna
2026 AI/ML Research Fellow,AI / ML Research,"Intuition Machines, Inc.",Canada,Montréal,,,,false,none,USD,Unspecified,Mid-level,,false,true,2025-09-22,Adzuna
AI Training - Research Scientist (CAN),AI / ML Research,Prolific,Canada,Toronto,,,,false,none,USD,Unspecified,Mid-level,,false,false,2026-01-21,Adzuna
PhD Intern - AI Efficiency Researcher,AI / ML Research,"Huawei Technologies Canada Co., Ltd.",Canada,Unionville,,,,false,none,USD,Unspecified,Mid-level,,true,false,2026-02-21,Adzuna
2026 AI/ML Research Fellow,AI / ML Research,"Intuition Machines, Inc.",Canada,,,,,false,none,USD,Unspecified,Mid-level,,false,false,2026-02-20,Adzuna
"UX Researcher, AI",AI / ML Research,GitLab,Canada,,74000,111000,92500,false,range,USD,Unspecified,Mid-level,,false,false,2026-01-17,Adzuna
"Program Senior Manager, AI Research Institute (24 month Fixed Term), Global Tax and Legal",AI / ML Research,Deloitte,Canada,Toronto,,,,false,none,USD,Remote,Senior,,false,false,2026-02-12,Adzuna
AI Safety Research Scientist (ML focus),AI / ML Research,LawZero,Canada,Montréal,,,,false,none,USD,Unspecified,Mid-level,,false,false,2025-08-07,Adzuna
Manager AI and Applied Research,AI / ML Research,Thomson Reuters,Canada,Toronto,,,,false,none,USD,Unspecified,Lead,,false,false,2025-11-30,Adzuna
Senior Researcher - AI Data & Storage,AI / ML Research,"Huawei Technologies Canada Co., Ltd.",Canada,Unionville,,,,false,none,USD,Unspecified,Senior,,false,false,2026-02-12,Adzuna
Intern Researcher - Embodied AI,AI / ML Research,"Huawei Technologies Canada Co., Ltd.",Canada,Unionville,,,,false,none,USD,Unspecified,Mid-level,,true,false,2026-02-13,Adzuna
Staff UX Researcher - AI & Emerging Products,AI / ML Research,Okta,Canada,Toronto,,,,false,none,USD,Unspecified,Lead,,false,false,2026-01-15,Adzuna
Senior Researcher - AI Powered Big Data Platform,AI / ML Research,"Huawei Technologies Canada Co., Ltd.",Canada,Unionville,,,,false,none,USD,Unspecified,Senior,,false,false,2026-02-18,Adzuna
Intern Researcher - AI/ML Technology Insight and Planning,AI / ML Research,"Huawei Technologies Canada Co., Ltd.",Canada,Unionville,,,,false,none,USD,Unspecified,Mid-level,,true,false,2026-02-18,Adzuna
Co-op Researcher - Web & AI,AI / ML Research,"Huawei Technologies Canada Co., Ltd.",Canada,Unionville,,,,false,none,USD,Unspecified,Mid-level,,false,false,2026-02-06,Adzuna
"Senior Manager of Research Engineering, AI",AI / ML Research,Thomson Reuters,Canada,Toronto,,,,false,none,USD,Unspecified,Senior,R,false,false,2026-02-07,Adzuna
"Senior Researcher - Artificial Specialized Intelligence, Microsoft Research",AI / ML Research,Microsoft Canada,Canada,,,,,false,none,USD,Unspecified,Senior,,false,false,2026-01-05,Adzuna
Postdoctoral Research Fellow - AI Cancer Care,AI / ML Research,University of British Columbia,Canada,Greater Vancouver,,,,false,none,USD,Unspecified,Mid-level,,false,false,2026-02-13,Adzuna
Intern Strategic Researcher - Efficient AI Computing,AI / ML Research,"Huawei Technologies Canada Co., Ltd.",Canada,Unionville,,,,false,none,USD,Unspecified,Mid-level,,true,false,2026-02-11,Adzuna
Geoscientist - Research Project Specialist,AI / ML Research,Mercor,Canada,,,,,false,none,USD,Remote,Mid-level,,false,false,2026-01-23,Adzuna
Financial Services Sales Expert,Other / Unclassified,Mercor,Canada,,,,,false,none,USD,Unspecified,Mid-level,,false,false,2026-02-02,Adzuna
Senior Exec Sales Representative,Other / Unclassified,Mercor,Canada,,,,,false,none,USD,Remote,Senior,,false,false,2026-02-08,Adzuna
Wealth Management Advisor,AI Consulting / Solutions,Mercor,Canada,,,,,false,none,USD,Remote,Mid-level,,false,false,2026-02-09,Adzuna
Financial Services Advisor | Up to $150/hr,AI Consulting / Solutions,Mercor,Canada,,,,,false,none,USD,Remote,Mid-level,,false,false,2026-02-09,Adzuna
General Manager - 100% Remote,Other / Unclassified,Mercor,Canada,,,,,false,none,USD,Remote,Management,,false,false,2026-02-09,Adzuna
Operations Lead | Up to $150/hr Rate,Other / Unclassified,Mercor,Canada,,,,,false,none,USD,Remote,Lead,,false,false,2026-02-12,Adzuna
Medical Expert,Other / Unclassified,Weekday AI,Canada,,,,,false,none,USD,Unspecified,Mid-level,,false,true,2025-10-13,Adzuna
Judicial Law Clerks,Other / Unclassified,Weekday AI,Canada,,,,,false,none,USD,Remote,Mid-level,,false,true,2026-01-21,Adzuna
Brokerage Clerks,Other / Unclassified,Weekday AI,Canada,,,,,false,none,USD,Remote,Mid-level,,false,true,2026-01-21,Adzuna
Physics Researcher (Python) - Freelance AI Trainer,AI Training & Annotation,Mindrift,Canada,,,,,false,none,USD,Unspecified,Mid-level,Python,false,true,2026-02-21,Adzuna
Physics Researcher (Python) - Freelance AI Trainer,AI Training & Annotation,Mindrift,Canada,Ontario,,,,false,none,USD,Unspecified,Mid-level,Python,false,true,2026-02-21,Adzuna
Physics Researcher (Python) - Freelance AI Trainer,AI Training & Annotation,Mindrift,Canada,Québec,,,,false,none,USD,Unspecified,Mid-level,Python,false,true,2026-02-21,Adzuna
Physics Researcher (Python) - Freelance AI Trainer,AI Training & Annotation,Mindrift,Canada,British Columbia,,,,false,none,USD,Unspecified,Mid-level,Python,false,true,2026-02-21,Adzuna
Applied AI Intern,Other / Unclassified,Ampliwork,Canada,Montréal,,,,false,none,USD,Unspecified,Mid-level,,true,false,2026-02-18,Adzuna
Graphic Design Freelancer,Other / Unclassified,Mercor,Canada,,,,,false,none,USD,Remote,Mid-level,,false,false,2026-01-29,Adzuna
Family Service Counselor,Other / Unclassified,Mercor,Canada,,,,,false,none,USD,Remote,Mid-level,,false,false,2026-01-30,Adzuna
Recreational Therapy Research Analyst,AI / ML Research,Mercor,Canada,,,,,false,none,USD,Remote,Mid-level,,false,false,2026-02-01,Adzuna
Police Records Coordinator,Other / Unclassified,Mercor,Canada,,,,,false,none,USD,Remote,Mid-level,,false,false,2026-02-01,Adzuna
Lead Occupational Therapy Assistant,Other / Unclassified,Mercor,Canada,,,,,false,none,USD,Remote,Lead,,false,false,2026-02-02,Adzuna
Occupational Therapy Specialist Remote,Other / Unclassified,Mercor,Canada,,,,,false,none,USD,Remote,Mid-level,,false,false,2026-02-02,Adzuna
Procurement Specialist,Other / Unclassified,Mercor,Canada,,,,,false,none,USD,Unspecified,Mid-level,,false,false,2026-02-06,Adzuna
Purchasing Agent | Upto $100/hr Hourly,Other / Unclassified,Mercor,Canada,,,,,false,none,USD,Unspecified,Mid-level,,false,false,2026-02-06,Adzuna
General Postdoctoral Researcher (Masters/PhDs),AI Training & Annotation,Alignerr,Canada,Greater Vancouver,,,,false,none,USD,Remote,Mid-level,,false,false,2026-01-26,Adzuna
Chemistry Specialist (Masters/PhDs),AI Training & Annotation,Alignerr,Canada,Greater Vancouver,,,,false,none,USD,Remote,Mid-level,,false,false,2026-01-26,Adzuna
Masters or PhD Researcher,AI / ML Research,Alignerr,Canada,Toronto,,,,false,none,USD,Remote,Mid-level,,false,false,2026-01-26,Adzuna
Senior Web UI Designer,Other / Unclassified,Mercor,Canada,,,,,false,none,USD,Unspecified,Senior,,false,false,2026-01-31,Adzuna
Adult Learning Trainer - Specialist $80/hr,Other / Unclassified,Mercor,Canada,,,,,false,none,USD,Remote,Mid-level,,false,false,2026-02-01,Adzuna
Activity Coordinator | Upto $70/hr Hourly,Other / Unclassified,Mercor,Canada,,,,,false,none,USD,Unspecified,Mid-level,,false,false,2026-02-06,Adzuna
Material Science Expert (Masters/PhDs),AI Training & Annotation,Alignerr,Canada,Greater Vancouver,,,,false,none,USD,Remote,Mid-level,,false,false,2026-02-07,Adzuna
Biology Researcher (Masters/PhDs),AI Training & Annotation,Alignerr,Canada,Greater Vancouver,,,,false,none,USD,Remote,Mid-level,,false,false,2026-02-09,Adzuna
General Postdoctoral Researcher (Masters/PhDs),AI Training & Annotation,Alignerr,Canada,Edmonton,,,,false,none,USD,Remote,Mid-level,,false,true,2026-02-11,Adzuna
"Staff Software Engineer, GPU Infrastructure (HPC)",AI Software Engineer,Cohere,Canada,,,,,false,none,USD,Unspecified,Lead,RAG,false,false,2026-01-17,Adzuna
"Applied Scientist, AI Risk",AI / ML Research,Armilla AI,Canada,Toronto,,,,false,none,USD,Unspecified,Mid-level,,false,false,2026-01-11,Adzuna
"Child, Family, and School Social Worker",Other / Unclassified,Mercor,Canada,,,,,false,none,USD,Unspecified,Mid-level,,false,false,2026-02-06,Adzuna
Rental Clerk | Upto $50/hr Hourly,Other / Unclassified,Mercor,Canada,,,,,false,none,USD,Remote,Mid-level,,false,false,2026-02-06,Adzuna
Data Analytics Specialist,Data Analyst / BI,Mercor,Canada,,,,,false,none,USD,Remote,Mid-level,,false,false,2026-02-02,Adzuna
Senior Financial Analyst,Data Analyst / BI,Mercor,Canada,,,,,false,none,USD,Remote,Senior,,false,false,2026-02-13,Adzuna
Director of UX Research - eBay Live/AI,AI / ML Research,eBay,Canada,Toronto,,,,false,none,USD,Unspecified,Management,,false,false,2026-01-28,Adzuna
"Senior Lead Research Scientist, Agentic AI",AI / ML Research,Upwork,Canada,Toronto,,,,false,none,USD,Unspecified,Senior,,false,false,2026-01-14,Adzuna
Medical Science Liaison (MSL),Other / Unclassified,Alignerr,Canada,Greater Vancouver,,,,false,none,USD,Unspecified,Mid-level,,false,false,2026-02-13,Adzuna
STEM PhDs (Medicine) AI Trainer,AI Training & Annotation,Weekday AI,Canada,,,,,false,none,USD,Unspecified,Mid-level,,false,true,2025-10-01,Adzuna
Equity Analyst for User Testing,Data Analyst / BI,Mercata,Canada,,,,,false,none,USD,Unspecified,Mid-level,,false,false,2025-11-12,Adzuna
Equity Analyst for User Testing,Data Analyst / BI,Mercata,Canada,Toronto,,,,false,none,USD,Unspecified,Mid-level,,false,true,2025-11-12,Adzuna
STEM PhDs (Engineering) AI Trainer,AI Training & Annotation,Weekday AI,Canada,,,,,false,none,USD,Unspecified,Mid-level,,false,true,2025-10-01,Adzuna
STEM PhDs (Physics) AI Trainer,AI Training & Annotation,Weekday AI,Canada,,,,,false,none,USD,Unspecified,Mid-level,,false,true,2025-10-01,Adzuna
Cybersecurity Research Participant | $25 | Video Interview Study,AI / ML Research,Your Personal AI,Canada,,38000,38000,38000,true,point_estimate,USD,Unspecified,Lead,,false,false,2026-01-27,Adzuna
STEM PhDs (Computer Science) AI Trainer,AI Training & Annotation,Weekday AI,Canada,,,,,false,none,USD,Unspecified,Mid-level,,false,true,2025-10-01,Adzuna
Senior ML Researcher Lead,AI / ML Research,Royal Bank of Canada,Canada,,,,,false,none,USD,Unspecified,Senior,,false,false,2025-06-04,Adzuna
STEM PhDs - Math,AI Training & Annotation,Weekday AI,Canada,,,,,false,none,USD,Unspecified,Mid-level,,false,true,2025-10-24,Adzuna
Legal Expert,Other / Unclassified,Weekday AI,Canada,,,,,false,none,USD,Unspecified,Mid-level,,false,true,2025-10-01,Adzuna
Biology PhDs (Wet Lab Experience) AI Trainer,AI Training & Annotation,Weekday AI,Canada,,,,,false,none,USD,Unspecified,Mid-level,,false,true,2025-10-01,Adzuna
Senior Researcher,AI / ML Research,Royal Bank of Canada,Canada,,,,,false,none,USD,Unspecified,Senior,,false,false,2026-01-16,Adzuna
Senior AI Product Designer,Other / Unclassified,OpusClip,Canada,Burnaby,67000,104000,85500,false,range,USD,Unspecified,Senior,,false,false,2026-01-24,Adzuna
Bioinformatics PhDs,AI Training & Annotation,Weekday AI,Canada,,,,,false,none,USD,Unspecified,Mid-level,,false,true,2025-11-10,Adzuna
Entrepreneur en résidence - AI Venture Creation,Other / Unclassified,Mila - Institut québécois d'intelligence artificielle,Canada,Montréal,,,,false,none,USD,Unspecified,Mid-level,,false,false,2025-07-22,Adzuna
Finance AI Specialist,AI Engineer,Weekday AI,Canada,,,,,false,none,USD,Unspecified,Mid-level,,false,true,2025-11-03,Adzuna
Financial Advising Expert,Other / Unclassified,Weekday AI,Canada,,,,,false,none,USD,Unspecified,Mid-level,,false,true,2025-10-01,Adzuna
Researcher - Lean 4 & Formal Proof Systems,AI / ML Research,Alignerr,Canada,Toronto,,,,false,none,USD,Remote,Mid-level,,false,false,2026-01-26,Adzuna
Applied Formal Methods Researcher (Lean 4),AI / ML Research,Alignerr,Canada,Montréal,,,,false,none,USD,Remote,Mid-level,,false,false,2026-02-07,Adzuna
AI Scientist (Education & Innovation),Other / Unclassified,Alexander Innovation Centre,Canada,Greater Vancouver,,,,false,none,USD,Unspecified,Lead,,false,false,2026-02-08,Adzuna
Senior Principal Software Engineer - AI Multi-Agents,AI Engineer,"Huawei Technologies Canada Co., Ltd.",Canada,Unionville,,,,false,none,USD,Unspecified,Senior,,false,false,2026-01-23,Adzuna
"Director, Product Management",Other / Unclassified,RBC,Canada,Toronto,,,,false,none,USD,Unspecified,Management,,false,false,2026-01-23,Adzuna
"Director, AI Program Management",Other / Unclassified,Royal Bank of Canada,Canada,,,,,false,none,USD,Unspecified,Senior,,false,false,2026-02-13,Adzuna
Senior Product Manager - AI Solutions,AI Product & Program,Royal Bank of Canada,Canada,,,,,false,none,USD,Unspecified,Senior,,false,false,2026-02-15,Adzuna
Senior Product Designer | Upto $125/hr Hourly,Other / Unclassified,Mercor,Canada,,,,,false,none,USD,Remote,Senior,,false,false,2026-01-31,Adzuna
"Software Engineer, Internal Infrastructure (North America)",AI Software Engineer,Cohere,Canada,Toronto,,,,false,none,USD,Unspecified,Mid-level,RAG,false,false,2025-10-11,Adzuna
Physics Masters - AI Data Trainer,Other / Unclassified,Alignerr,Canada,Greater Vancouver,,,,false,none,USD,Remote,Mid-level,,false,false,2026-02-06,Adzuna
Chemistry Masters - AI Data Trainer,Other / Unclassified,Alignerr,Canada,Montréal,,,,false,none,USD,Remote,Mid-level,,false,false,2026-02-07,Adzuna
Biology Subject Matter Expert - AI Content Specialist,Other / Unclassified,Alignerr,Canada,Greater Vancouver,,,,false,none,USD,Remote,Mid-level,,false,false,2026-02-11,Adzuna
Chemistry Subject Matter Expert - AI Content Specialist,Other / Unclassified,Alignerr,Canada,Greater Vancouver,,,,false,none,USD,Remote,Mid-level,,false,false,2026-02-13,Adzuna
"Research Fellow (1-Year): Technology, Work, and Economic Change",AI / ML Research,Cohere,Canada,Toronto,,,,false,none,USD,Unspecified,Mid-level,RAG,false,false,2025-12-22,Adzuna
Senior Applied Scientist,AI / ML Research,Microsoft Canada,Canada,,,,,false,none,USD,Unspecified,Senior,,false,false,2026-02-01,Adzuna
Python Developer | Upto $150/hr Hourly,AI Software Engineer,Mercor,Canada,,,,,false,none,USD,Unspecified,Mid-level,Python,false,false,2026-02-05,Adzuna
Global Program Manager,AI Product & Program,Mercor,Canada,,,,,false,none,USD,Unspecified,Management,,false,false,2026-02-13,Adzuna
Incident Response Analyst,Data Analyst / BI,Alignerr,Canada,Montréal,,,,false,none,USD,Unspecified,Mid-level,,false,false,2026-02-17,Adzuna
Machine Learning Intern,Other / Unclassified,GPTZero,Canada,Toronto,,,,false,none,USD,Unspecified,Lead,AWS,true,false,2024-07-30,Adzuna
"Gestionnaire, Projets stratégiques Venture / Manager, Venture Strategic Project",Other / Unclassified,Mila - Institut québécois d'intelligence artificielle,Canada,Montréal,,,,false,none,USD,Unspecified,Management,,false,false,2026-01-09,Adzuna
Security Operations Analyst,Data Analyst / BI,Alignerr,Canada,Greater Vancouver,,,,false,none,USD,Unspecified,Mid-level,,false,false,2026-01-26,Adzuna
Caregiver Support Specialist - Expert | Upto $80/hr Hourly,Other / Unclassified,Mercor,Canada,,,,,false,none,USD,Unspecified,Mid-level,,false,false,2026-02-04,Adzuna
Lead Data Scientist | Up to $90/hr,Data Scientist,Mercor,Canada,,,,,false,none,USD,Unspecified,Lead,,false,false,2026-02-09,Adzuna
Offensive Security Analyst (Structured / Non-Exploit),Data Analyst / BI,Alignerr,Canada,Greater Vancouver,,,,false,none,USD,Unspecified,Mid-level,,false,false,2026-02-11,Adzuna
Application Security Analyst,Data Analyst / BI,Alignerr,Canada,Montréal,,,,false,none,USD,Unspecified,Mid-level,,false,false,2026-02-11,Adzuna
Management Consultant,AI Consulting / Solutions,Mercor,Canada,,,,,false,none,USD,Unspecified,Mid-level,,false,false,2026-02-13,Adzuna
Business Strategy Consultant,AI Consulting / Solutions,Mercor,Canada,,,,,false,none,USD,Unspecified,Mid-level,,false,false,2026-02-14,Adzuna
Senior Product Manager,AI Product & Program,Royal Bank of Canada,Canada,,,,,false,none,USD,Unspecified,Senior,,false,false,2026-02-07,Adzuna
Principal Solutions Architect,AI Consulting / Solutions,neptune.ai,Canada,,,,,false,none,USD,Unspecified,Lead,,false,false,2025-04-11,Adzuna
"Director, AI Solutions",Other / Unclassified,Royal Bank of Canada,Canada,,,,,false,none,USD,Unspecified,Lead,,false,false,2025-12-12,Adzuna
Sr. Software Engineer | Up to $150/hr,AI Software Engineer,Mercor,Canada,,,,,false,none,USD,Unspecified,Senior,,false,false,2026-01-25,Adzuna
Funding and Innovation Specialist,Other / Unclassified,Hire DigITalent,Canada,Toronto,,,,false,none,USD,Unspecified,Lead,,false,false,2025-11-19,Adzuna
Web Content Writer | Upto $45/hr Hourly,Other / Unclassified,Mercor,Canada,,,,,false,none,USD,Remote,Mid-level,,false,false,2026-02-01,Adzuna
Health Informatics Analyst,Data Analyst / BI,Alignerr,Canada,Edmonton,,,,false,none,USD,Unspecified,Mid-level,,false,false,2026-02-04,Adzuna
Population Health Informaticist,Other / Unclassified,Alignerr,Canada,Edmonton,,,,false,none,USD,Unspecified,Mid-level,,false,false,2026-02-04,Adzuna
Clinical Systems Analyst,Data Analyst / BI,Alignerr,Canada,Edmonton,,,,false,none,USD,Unspecified,Mid-level,,false,false,2026-02-05,Adzuna
Web Content Writer | Up to $45/hr,Other / Unclassified,Mercor,Canada,,,,,false,none,USD,Remote,Mid-level,,false,false,2026-02-05,Adzuna
Network & Infrastructure Security Analyst,Data Analyst / BI,Alignerr,Canada,Toronto,,,,false,none,USD,Unspecified,Mid-level,,false,false,2026-02-06,Adzuna
Lead Technical Writer,Other / Unclassified,Mercor,Canada,,,,,false,none,USD,Remote,Lead,,false,false,2026-02-08,Adzuna
Assistant Professor of English | Upto $90/hr Hourly,Other / Unclassified,Mercor,Canada,,,,,false,none,USD,Unspecified,Mid-level,,false,false,2026-02-11,Adzuna
Research Chemist | Upto $90/hr Hourly,AI / ML Research,Mercor,Canada,,,,,false,none,USD,Unspecified,Mid-level,,false,false,2026-02-12,Adzuna
Chemist,Other / Unclassified,Mercor,Canada,,,,,false,none,USD,Remote,Mid-level,,false,false,2026-02-13,Adzuna
Research Physicist | Upto $95/hr Hourly,AI / ML Research,Mercor,Canada,,,,,false,none,USD,Remote,Mid-level,,false,false,2026-02-13,Adzuna
Software Interface Analyst - Remote,Data Analyst / BI,Mercor,Canada,,,,,false,none,USD,Remote,Mid-level,,false,false,2026-02-14,Adzuna
Population Health Informaticist,Other / Unclassified,Alignerr,Canada,Greater Vancouver,,,,false,none,USD,Unspecified,Mid-level,,false,true,2026-02-14,Adzuna
Content Analyst - Remote Role,Data Analyst / BI,Mercor,Canada,,,,,false,none,USD,Remote,Mid-level,,false,false,2026-02-16,Adzuna
Communications Designer,Other / Unclassified,Mercor,Canada,,,,,false,none,USD,Remote,Mid-level,,false,false,2026-02-16,Adzuna
"Responsable des communications, Ventures IA / Venture Communications Lead",Other / Unclassified,Mila - Institut québécois d'intelligence artificielle,Canada,Montréal,,,,false,none,USD,Unspecified,Lead,,false,false,2025-12-23,Adzuna
Precision Medicine Data Lead,Other / Unclassified,Alignerr,Canada,Edmonton,,,,false,none,USD,Remote,Lead,,false,false,2026-02-02,Adzuna
Higher Education Specialist | Upto $50/hr Hourly,Other / Unclassified,Mercor,Canada,,,,,false,none,USD,Unspecified,Mid-level,,false,false,2026-02-04,Adzuna
Assistant Professor of Physics,Other / Unclassified,Mercor,Canada,,,,,false,none,USD,Unspecified,Mid-level,,false,false,2026-02-10,Adzuna
Precision Medicine Data Lead,Other / Unclassified,Alignerr,Canada,Toronto,,,,false,none,USD,Remote,Lead,,false,true,2026-02-13,Adzuna
Chemistry Research Scientist,AI / ML Research,Mercor,Canada,,,,,false,none,USD,Remote,Mid-level,,false,false,2026-02-16,Adzuna
Senior Research Engineer,AI / ML Research,Royal Bank of Canada,Canada,,,,,false,none,USD,Unspecified,Senior,,false,false,2025-11-28,Adzuna
"Director, Applied AI",Other / Unclassified,Info-Tech Research Group,Canada,,,,,false,none,USD,Unspecified,Lead,,false,false,2026-01-09,Adzuna
Senior Research Biologist,AI / ML Research,Mercor,Canada,,,,,false,none,USD,Remote,Senior,,false,false,2026-01-25,Adzuna
Biology Specialist Fully Remote,Other / Unclassified,Mercor,Canada,,,,,false,none,USD,Remote,Mid-level,,false,false,2026-01-29,Adzuna
Social Media Intern,Other / Unclassified,GPTZero,Canada,Toronto,,,,false,none,USD,Unspecified,Lead,AWS,true,false,2026-01-30,Adzuna
Digital Health Strategist,Other / Unclassified,Alignerr,Canada,Toronto,,,,false,none,USD,Remote,Mid-level,,false,false,2026-02-04,Adzuna
Voice Actor - German Speakers,Other / Unclassified,Alignerr,Canada,Toronto,,,,false,none,USD,Remote,Mid-level,,false,false,2026-02-09,Adzuna
Digital Health Strategist,Other / Unclassified,Alignerr,Canada,,,,,false,none,USD,Remote,Mid-level,,false,true,2026-02-13,Adzuna
Cyber Security Specialist,Other / Unclassified,Mercor,Canada,,,,,false,none,USD,Remote,Mid-level,,false,false,2026-02-14,Adzuna
Frontend Engineer | Up to $80/hr,AI Software Engineer,Mercor,Canada,,,,,false,none,USD,Remote,Mid-level,,false,false,2026-02-16,Adzuna
ML Research Scientist (probabilistic inference),AI / ML Research,LawZero,Canada,Montréal,,,,false,none,USD,Unspecified,Mid-level,,false,false,2025-08-07,Adzuna
Medical Specialist Remote Role,Other / Unclassified,Mercor,Canada,,,,,false,none,USD,Remote,Mid-level,,false,false,2026-02-16,Adzuna
"Member of Technical Staff, Research",AI / ML Research,Plus10 Recruitment,Canada,,,,,false,none,USD,Unspecified,Lead,,false,false,2026-02-19,Adzuna
Entrepreneur in Residence - Technical Co-founder (CTO) - Canada,Other / Unclassified,FutureSight,Canada,,,,,false,none,USD,Unspecified,Mid-level,,false,false,2025-09-04,Adzuna
Alchimiste de ventures / Ventures Alchemist,Other / Unclassified,Mila - Institut québécois d'intelligence artificielle,Canada,Montréal,,,,false,none,USD,Unspecified,Mid-level,,false,false,2026-01-09,Adzuna
"Senior Software Engineer, Data Migration & Code Generation",AI Software Engineer,MongoDB,Canada,,,,,false,none,USD,Unspecified,Senior,,false,false,2025-12-08,Adzuna
"Software Engineer, Data Migration & Code Generation",AI Software Engineer,MongoDB,Canada,Greater Vancouver,,,,false,none,USD,Unspecified,Mid-level,,false,false,2025-12-24,Adzuna
Electrical Engineering - AI Data Trainer,Other / Unclassified,Alignerr,Canada,Montréal,,,,false,none,USD,Remote,Mid-level,,false,false,2026-02-06,Adzuna
Principal Scientist - Software/Hardware Co-design,Other / Unclassified,"Huawei Technologies Canada Co., Ltd.",Canada,Unionville,,,,false,none,USD,Unspecified,Lead,,false,false,2026-02-18,Adzuna
Software Engineer,AI Software Engineer,Maneva,Canada,Montréal,,,,false,none,USD,Unspecified,Mid-level,,false,false,2026-02-20,Adzuna
Software Engineer,AI Software Engineer,Maneva,Canada,Toronto,,,,false,none,USD,Unspecified,Mid-level,,false,true,2026-02-20,Adzuna
Machine Learning Fellow - Human Frontier Collective (Canada),Other / Unclassified,Scale AI,Canada,,123000,154000,138500,false,range,USD,Remote,Mid-level,,false,false,2026-02-14,Adzuna
Staff UX Engineer - Canada,Other / Unclassified,Inworld AI,Canada,Greater Vancouver,126000,170000,148000,false,range,USD,Unspecified,Lead,,false,false,2026-01-18,Adzuna
Biochemist - AI Data Trainer,Other / Unclassified,Alignerr,Canada,Montréal,,,,false,none,USD,Remote,Mid-level,,false,false,2026-01-26,Adzuna
Biochemist - AI Data Trainer,Other / Unclassified,Alignerr,Canada,Greater Vancouver,,,,false,none,USD,Remote,Mid-level,,false,true,2026-01-26,Adzuna
"Applied Scientist, Workforce Intelligence",AI / ML Research,Amazon Development Centre Canada ULC,Canada,Vancouver,,,,false,none,USD,Unspecified,Mid-level,R,false,false,2026-01-27,Adzuna
Mechanical Engineering Expert - AI Content Specialist,Other / Unclassified,Alignerr,Canada,Montréal,,,,false,none,USD,Remote,Mid-level,,false,false,2026-01-28,Adzuna
Systems Design Specialist - Fully Remote,Other / Unclassified,Mercor,Canada,,,,,false,none,USD,Remote,Mid-level,,false,false,2026-02-06,Adzuna
Mechanical Engineering Expert - AI Content Specialist,Other / Unclassified,Alignerr,Canada,Edmonton,,,,false,none,USD,Remote,Mid-level,,false,true,2026-02-09,Adzuna
Market Research Analyst | Upto $130/hr Hourly,AI / ML Research,Mercor,Canada,,,,,false,none,USD,Remote,Mid-level,,false,false,2026-02-13,Adzuna
Program Management Expert - Fully Remote,Other / Unclassified,Mercor,Canada,,,,,false,none,USD,Remote,Management,,false,false,2026-02-13,Adzuna
AI Engineer,AI Engineer,Compare the Market Australia,Australia,Brisbane CBD,,,,false,none,USD,Unspecified,Senior,,false,false,2026-02-20,Adzuna
Junior AI Engineer,AI Engineer,Lendi Group,Australia,The Rocks,,,,false,none,USD,Unspecified,Junior,,false,false,2026-02-20,Adzuna
Senior AI Engineer,AI Engineer,Virgin Australia,Australia,Brisbane CBD,,,,false,none,USD,Hybrid,Senior,,false,false,2026-02-20,Adzuna
AI Engineering Sr Manager,AI Engineer,Accenture,Australia,The Rocks,,,,false,none,USD,Unspecified,Senior,,false,false,2026-02-20,Adzuna
Responsible AI - Engineer Manager,AI Engineer,Accenture,Australia,Melbourne CBD,,,,false,none,USD,Unspecified,Senior,,false,false,2026-02-20,Adzuna
Staff AI Engineer (Orchestration),AI Engineer,Heidi Health,Australia,Melbourne CBD,,,,false,none,USD,Unspecified,Senior,,false,false,2026-02-20,Adzuna
Senior Consultant - Secure AI Engineer,AI Engineer,CyberCX,Australia,Perth CBD,,,,false,none,USD,Unspecified,Senior,,false,false,2026-02-21,Adzuna
Founding Applied AI Engineer (Eval-Driven),AI Engineer,Airtree,Australia,The Rocks,,,,false,none,USD,Unspecified,Mid-level,,false,false,2026-02-20,Adzuna
AI Engineering Associate Director / Principal Engineer,AI Engineer,Accenture,Australia,Melbourne CBD,,,,false,none,USD,Unspecified,Junior,,false,false,2026-02-20,Adzuna
AI Engineer - FDE (Forward Deployed Engineer),AI Engineer,Databricks,Australia,The Rocks,,,,false,none,USD,Unspecified,Senior,,false,false,2026-02-20,Adzuna
AI Engineer - FDE (Forward Deployed Engineer),AI Engineer,Databricks,Australia,Melbourne CBD,,,,false,none,USD,Unspecified,Senior,,false,false,2026-02-20,Adzuna
AI Engineer,AI Engineer,Launch Recruitment,Australia,Melbourne,130000,130000,130000,true,point_estimate,USD,Unspecified,Mid-level,,false,false,2026-02-07,Adzuna
AI Engineer,AI Engineer,Excolo,Australia,Gold Coast,,,,false,none,USD,Hybrid,Mid-level,,false,false,2026-02-19,Adzuna
AI Engineer,AI Engineer,Zone IT Solutions,Australia,The Rocks,52000,117000,84500,false,range,USD,Unspecified,Mid-level,Python,false,false,2025-09-04,Adzuna
AI Engineer,AI Engineer,City fm,Australia,Mulgrave,,,,false,none,USD,Hybrid,Mid-level,,false,false,2026-01-19,Adzuna
AI Engineer,AI Engineer,Strange Loop Labs,Australia,,,,,false,none,USD,Unspecified,Senior,AWS,false,false,2025-10-24,Adzuna
AI Engineer,AI Engineer,Aurecon,Australia,Melbourne,,,,false,none,USD,Unspecified,Mid-level,,false,false,2026-01-31,Adzuna
AI Engineer,AI Engineer,Tech Aalto,Australia,Sydney,,,,false,none,USD,Unspecified,Mid-level,,false,false,2025-04-16,Adzuna
AI Engineer,AI Engineer,Leonardo.Ai,Australia,,,,,false,none,USD,Unspecified,Mid-level,R,false,false,2025-11-09,Adzuna
AI Engineer,AI Engineer,Maincode,Australia,Melbourne,98000,117000,107500,false,range,USD,Unspecified,Mid-level,,false,false,2025-08-12,Adzuna
AI Engineer,AI Engineer,Protecht Group,Australia,The Rocks,,,,false,none,USD,Unspecified,Mid-level,,false,false,2026-02-06,Adzuna
AI Engineer,AI Engineer,Ayora,Australia,Sydney,104000,117000,110500,false,range,USD,Unspecified,Mid-level,,false,false,2026-01-10,Adzuna
AI Engineer,AI Engineer,Optiver,Australia,Sydney,,,,false,none,USD,Unspecified,Mid-level,,false,false,2025-06-06,Adzuna
AI / Machine Learning Internship Program - 2026 | 12-Week Guaranteed Placement,Other / Unclassified,Readygrad,Australia,,,,,false,none,USD,Unspecified,Mid-level,,true,false,2026-02-10,Adzuna
AI Foundry Engineer,AI Engineer,ServiceNow,Australia,The Rocks,,,,false,none,USD,Unspecified,Mid-level,,false,false,2026-02-20,Adzuna
AI Presales Engineer,AI Engineer,NICE,Australia,The Rocks,,,,false,none,USD,Unspecified,Mid-level,,false,false,2026-02-20,Adzuna
Senior AI Engineer,AI Engineer,Talenza,Australia,Sydney,91000,110000,100500,false,range,USD,Unspecified,Senior,,false,false,2026-02-14,Adzuna
GEN AI Engineer,AI Engineer,Infosys Singapore & Australia,Australia,Sydney,,,,false,none,USD,Unspecified,Mid-level,,false,false,2025-09-29,Adzuna
Data & AI Engineer,AI Engineer,HorizonOne,Australia,Canberra Region,162000,203000,182500,false,range,USD,Unspecified,Mid-level,"PyTorch, Azure",false,false,2026-02-07,Adzuna
ML & AI Engineer,AI Engineer,CreditorWatch,Australia,The Rocks,,,,false,none,USD,Unspecified,Mid-level,,false,false,2026-02-03,Adzuna
Data & AI Engineer,AI Engineer,Charterhouse Recruitment,Australia,,91000,104000,97500,false,range,USD,Unspecified,Mid-level,,false,false,2026-02-14,Adzuna
Lead AI Engineer,AI Engineer,ELMO Software Limited,Australia,,,,,false,none,USD,Unspecified,Lead,,false,false,2026-01-20,Adzuna
Automation and AI Engineer,AI Engineer,Victoria University,Australia,Footscray,66000,71000,68500,false,range,USD,Unspecified,Lead,,false,false,2026-02-20,Adzuna
Senior AI Engineer,AI Engineer,Haast,Australia,Sydney,,,,false,none,USD,Remote,Senior,,false,false,2026-01-22,Adzuna
ML/AI Engineer,AI Engineer,Australian retirement trust,Australia,East Brisbane,,,,false,none,USD,Unspecified,Mid-level,,false,false,2026-02-13,Adzuna
Senior AI Engineer,AI Engineer,Roboyo,Australia,,,,,false,none,USD,Unspecified,Senior,,false,false,2026-01-30,Adzuna
Senior AI Engineer,AI Engineer,Dovetail,Australia,Sydney,,,,false,none,USD,Unspecified,Senior,,false,false,2026-01-13,Adzuna
Senior AI Engineer,AI Engineer,Iress,Australia,Sydney,,,,false,none,USD,Unspecified,Senior,,false,false,2025-12-15,Adzuna
Staff AI Engineer,AI Engineer,Relevance AI,Australia,Sydney,,,,false,none,USD,Hybrid,Lead,,false,false,2026-01-11,Adzuna
Senior AI Engineer,AI Engineer,Relevance AI,Australia,Sydney,,,,false,none,USD,Hybrid,Senior,,false,false,2026-01-11,Adzuna
Senior AI Engineer,AI Engineer,Reapit ANZ,Australia,London,,,,false,none,USD,Unspecified,Senior,,false,false,2026-02-21,Adzuna
Data AI Engineer,AI Engineer,Westpac Group,Australia,,,,,false,none,USD,Unspecified,Mid-level,,false,false,2026-01-09,Adzuna
Senior AI Engineer - Generative AI,AI Engineer,TechThinking Talent,Australia,Sydney,91000,110000,100500,false,range,USD,Hybrid,Senior,,false,false,2026-02-12,Adzuna
Staff AI Engineer (Orchestration),AI Engineer,Heidi,Australia,Sydney,,,,false,none,USD,Unspecified,Lead,,false,false,2025-11-03,Adzuna
AI Engineer - Microsoft Copilot & Agents,AI Engineer,Robert Half,Australia,Perth,,,,false,none,USD,Unspecified,Mid-level,,false,false,2026-02-03,Adzuna
Lead Full Stack AI Engineer,AI Engineer,V2 Digital,Australia,The Rocks,,,,false,none,USD,Unspecified,Lead,,false,false,2025-12-17,Adzuna
Full Stack AI Software Engineer,AI Engineer,Sonder,Australia,The Rocks,,,,false,none,USD,Unspecified,Mid-level,,false,false,2025-12-12,Adzuna
AI Engineer | Senior Associate | Data & AI,AI Engineer,PricewaterhouseCoopers,Australia,Melbourne,,,,false,none,USD,Unspecified,Junior,,false,false,2026-02-12,Adzuna
AI Engineer - Data Platforms (Azure),Data Engineer,Westpac Group,Australia,Sydney,,,,false,none,USD,Unspecified,Mid-level,Azure,false,false,2026-01-13,Adzuna
Founding Applied AI Engineer (Eval-Driven),AI Engineer,Airtree Ventures,Australia,The Rocks,,,,false,none,USD,Unspecified,Mid-level,,false,false,2026-02-16,Adzuna
AI Engineer - FDE (Forward Deployed Engineer),AI Engineer,Databricks,Australia,Sydney,,,,false,none,USD,Unspecified,Mid-level,,false,false,2025-12-13,Adzuna
AI Engineer - FDE (Forward Deployed Engineer),AI Engineer,Databricks,Australia,,,,,false,none,USD,Unspecified,Mid-level,,false,true,2025-12-13,Adzuna
AI Foundry Engineer,AI Engineer,"ServiceNow, Inc.",Australia,Sydney,,,,false,none,USD,Unspecified,Mid-level,,false,false,2026-02-05,Adzuna
AI Engineer (Chatbot / LLM – Power BI Integration),NLP / LLM Engineering,XPT Software Australia Pty Ltd,Australia,Denistone West,,,,false,none,USD,Unspecified,Mid-level,,false,false,2026-02-18,Adzuna
Automation and AI Engineer – Service Desk (MSP focus),AI Engineer,Appetency Recruitment Services,Australia,Melbourne,,,,false,none,USD,Unspecified,Mid-level,,false,false,2026-01-17,Adzuna
Lead AI and Automation Engineer,AI Engineer,Victoria University,Australia,Melbourne CBD,,,,false,none,USD,Unspecified,Lead,,false,false,2026-01-16,Adzuna
Lead AI and Automation Engineer,AI Engineer,Victoria University,Australia,Seddon West,,,,false,none,USD,Unspecified,Lead,,false,false,2025-11-20,Adzuna
AI Foundry Engineer,AI Engineer,ServiceNow,Australia,Sydney,,,,false,none,USD,Unspecified,Mid-level,,false,false,2026-02-04,Adzuna
AI Automation Engineer,AI Engineer,Healthcare Australia,Australia,Melbourne,,,,false,none,USD,Unspecified,Mid-level,,false,false,2026-02-11,Adzuna
AI ML Engineer,Machine Learning Engineer,Infosys Singapore & Australia,Australia,Melbourne,,,,false,none,USD,Unspecified,Mid-level,,false,false,2026-02-20,Adzuna
AI Product Engineer,AI Engineer,Mathspace,Australia,,91000,130000,110500,false,range,USD,Unspecified,Mid-level,,false,false,2025-09-18,Adzuna
AI Product Engineer,AI Engineer,Mathspace,Australia,Sydney,91000,130000,110500,false,range,USD,Unspecified,Mid-level,,false,true,2025-07-31,Adzuna
AI Operations Engineer,AI Engineer,Optiver,Australia,Sydney,,,,false,none,USD,Unspecified,Mid-level,,false,false,2025-11-29,Adzuna
AI Solutions Engineer,AI Engineer,oOh!,Australia,North Sydney,,,,false,none,USD,Unspecified,Mid-level,,false,false,2026-02-19,Adzuna
AI Presales Engineer,AI Engineer,NICE,Australia,Sydney,,,,false,none,USD,Unspecified,Mid-level,,false,false,2026-02-07,Adzuna
Senior Software Engineer (AI),AI Engineer,Eucalyptus,Australia,New South Wales,,,,false,none,USD,Unspecified,Senior,,false,false,2026-02-20,Adzuna
Senior Software Engineer (AI),AI Engineer,Heidi Health,Australia,Melbourne CBD,,,,false,none,USD,Unspecified,Senior,,false,false,2026-02-20,Adzuna
Binance Accelerator Program - Web3 AI Engineer（For blockchain student）,AI Engineer,Binance,Australia,,,,,false,none,USD,Unspecified,Mid-level,,false,false,2026-01-22,Adzuna
Senior AI Applied Engineer,AI Engineer,Envato,Australia,,,,,false,none,USD,Unspecified,Senior,,false,false,2025-10-23,Adzuna
Principal AI Platform Engineer,MLOps / ML Infrastructure,Transurban,Australia,Melbourne CBD,,,,false,none,USD,Unspecified,Lead,,false,false,2026-02-05,Adzuna
Senior Fullstack Engineer - AI & Analytics,Data Analyst / BI,SafetyCulture,Australia,The Rocks,,,,false,none,USD,Unspecified,Senior,,false,false,2026-02-20,Adzuna
Senior GCP AI Data Engineer,Data Engineer,Cognizant,Australia,Sydney,,,,false,none,USD,Unspecified,Senior,GCP,false,false,2026-02-14,Adzuna
Full Stack AI Principal Engineer,AI Engineer,V2 Digital,Australia,Middle Park,,,,false,none,USD,Unspecified,Lead,,false,false,2026-01-09,Adzuna
Australia Applied AI Solution Engineer,AI Engineer,Tomoro,Australia,The Rocks,84000,117000,100500,false,range,USD,Unspecified,Mid-level,,false,false,2025-11-10,Adzuna
Australia Applied AI Solution Engineer,AI Engineer,Tomoro,Australia,Middle Park,84000,117000,100500,false,range,USD,Unspecified,Mid-level,,false,true,2025-11-02,Adzuna
"AI Platform Engineer -Agentic AI Development (Python, AWS)",MLOps / ML Infrastructure,Synechron,Australia,,,,,false,none,USD,Unspecified,Mid-level,"Python, AWS",false,false,2026-02-22,Adzuna
Senior Engineer - Applied AI,AI Engineer,Culture Amp,Australia,The Rocks,,,,false,none,USD,Unspecified,Senior,,false,false,2026-02-20,Adzuna
Senior Engineer - Applied AI,AI Engineer,Culture Amp,Australia,Melbourne CBD,,,,false,none,USD,Unspecified,Senior,,false,false,2026-02-20,Adzuna
Software Engineer - (Data & AI),AI Engineer,MYOB,Australia,Melbourne CBD,,,,false,none,USD,Unspecified,Senior,,false,false,2026-02-20,Adzuna
Associate AI Solutions Engineer - UX,AI Engineer,Transurban,Australia,Sydney CBD,,,,false,none,USD,Unspecified,Junior,,false,false,2026-02-06,Adzuna
AI & Electrical Engineering Intern (Bali),Other / Unclassified,EX Venture,Australia,,,,,false,none,USD,Onsite,Mid-level,,true,false,2025-11-24,Adzuna
AI & Electrical Engineering Intern (Bali),Other / Unclassified,EX Venture Inc.,Australia,Sydney,,,,false,none,USD,Onsite,Mid-level,,true,false,2025-11-21,Adzuna
AI/ML Engineer - SensorFusionAI (AU),Machine Learning Engineer,DroneShield,Australia,Sydney,,,,false,none,USD,Unspecified,Lead,,false,false,2025-11-11,Adzuna
Full Stack AI Software Engineer,AI Engineer,Sonder,Australia,Sydney,,,,false,none,USD,Unspecified,Mid-level,,false,false,2025-12-13,Adzuna
"Lead AI Engineer - Gain Production GenAI/Agentic AI -$220,000-Melbourne/Hybrid",AI Engineer,Morgan Consulting,Australia,,117000,143000,130000,false,range,USD,Hybrid,Lead,,false,false,2026-02-20,Adzuna
Senior Software Engineer - Ai Native Fintech,AI Engineer,Lendi Group,Australia,The Rocks,,,,false,none,USD,Unspecified,Senior,,false,false,2026-02-20,Adzuna
Senior Product Manager - AI Developer Experience,AI Engineer,Canva,Australia,The Rocks,,,,false,none,USD,Unspecified,Senior,,false,false,2026-02-20,Adzuna
"Senior Professional Services Implementation Engineer, AI",AI Engineer,NICE,Australia,The Rocks,,,,false,none,USD,Unspecified,Senior,,false,false,2026-02-20,Adzuna
Senior Software Engineer (AI Voice Agents),AI Engineer,Heidi Health,Australia,Melbourne CBD,,,,false,none,USD,Unspecified,Senior,,false,false,2026-02-20,Adzuna
Engineer - AI Platform,MLOps / ML Infrastructure,Xero,Australia,Hawthorn,,,,false,none,USD,Unspecified,Mid-level,,false,false,2026-02-15,Adzuna
Australia Senior Applied AI Solution Engineer,AI Engineer,Tomoro,Australia,Middle Park,117000,179000,148000,false,range,USD,Unspecified,Senior,,false,false,2026-02-16,Adzuna
Australia Senior Applied AI Solution Engineer,AI Engineer,Tomoro,Australia,The Rocks,117000,179000,148000,false,range,USD,Unspecified,Senior,,false,true,2025-11-10,Adzuna
Founding Engineer - AI Startups (pre-seed & seed),AI Engineer,Airtree,Australia,The Rocks,,,,false,none,USD,Unspecified,Mid-level,,false,false,2026-02-20,Adzuna
Senior Software Engineer - (Data & AI),AI Engineer,MYOB,Australia,Melbourne CBD,,,,false,none,USD,Unspecified,Senior,,false,false,2026-02-20,Adzuna
AI Solutions Engineer (Microsoft Copilot & Power Platform),AI Engineer,Precision Sourcing,Australia,Sydney,110000,114000,112000,false,range,USD,Unspecified,Mid-level,Azure,false,false,2026-02-12,Adzuna
Senior DevOps Engineer - AI,AI Engineer,Deloitte Services Pty Ltd,Australia,Melbourne,101000,114000,107500,false,range,USD,Unspecified,Senior,,false,false,2026-02-18,Adzuna
Lead AI and Automation Engineer,AI Engineer,Victoria University,Australia,Footscray,74000,83000,78500,false,range,USD,Unspecified,Lead,,false,false,2026-01-16,Adzuna
AI Productivity Platform Engineer,AI Engineer,Universal Music,Australia,Sydney,,,,false,none,USD,Unspecified,Mid-level,"OpenAI, Azure",false,false,2026-02-07,Adzuna
AI & Data Design Engineer,AI Engineer,Tech Aalto,Australia,Sydney,,,,false,none,USD,Unspecified,Mid-level,,false,false,2025-04-16,Adzuna
Senior Software Engineer (AI),AI Engineer,Heidi,Australia,Sydney,,,,false,none,USD,Unspecified,Senior,,false,false,2025-11-03,Adzuna
Staff Software Engineer - .NET/AI,AI Engineer,Bankwest,Australia,Perth CBD,,,,false,none,USD,Unspecified,Senior,,false,false,2025-11-03,Adzuna
Full Stack Engineer - Agentic AI Development,AI Engineer,Ingrity,Australia,The Rocks,,,,false,none,USD,Unspecified,Mid-level,,false,false,2026-02-20,Adzuna
Lead Revenue Data Analyst,Data Analyst / BI,UpGuard,Australia,The Rocks,,,,false,none,USD,Unspecified,Senior,,false,false,2026-02-22,Adzuna
Staff Software Engineer - AI Developer Tooling Workflows (open to remote across ANZ),AI Engineer,Canva,Australia,The Rocks,,,,false,none,USD,Remote,Senior,,false,false,2026-02-20,Adzuna
STEM PhDs (Engineering) AI Trainer,AI Training & Annotation,Weekday AI,Australia,,,,,false,none,USD,Unspecified,Mid-level,,false,true,2025-10-01,Adzuna
"Lead AI Software Engineer (The Builder) – Part Time, Remote",AI Engineer,Ayora,Australia,,98000,108000,103000,false,range,USD,Remote,Lead,Python,false,false,2026-01-10,Adzuna
AI Applications Solution Engineer - Brisbane,AI Engineer,Microsoft Corporation,Australia,Brisbane,,,,false,none,USD,Unspecified,Mid-level,,false,false,2025-12-19,Adzuna
Forward Deployed Engineer (AI Agent),AI Engineer,Cresta,Australia,,,,,false,none,USD,Unspecified,Mid-level,,false,false,2026-02-05,Adzuna
"Vice President, Software Engineering & AI",AI Software Engineer,at,Australia,,2000,2000,2000,true,point_estimate,USD,Unspecified,Management,,false,false,2026-01-31,Adzuna
"Vice President, Software Engineering & AI",AI Software Engineer,Checkbox Technology,Australia,,2000,2000,2000,true,point_estimate,USD,Hybrid,Management,,false,false,2026-02-12,Adzuna
Principal Software Engineer - AI/ML,AI Engineer,Objective Corporation,Australia,Sydney,,,,false,none,USD,Unspecified,Lead,,false,false,2025-12-08,Adzuna
Senior Fullstack Engineer - AI & Analytics,Data Analyst / BI,SafetyCulture,Australia,Sydney,,,,false,none,USD,Unspecified,Senior,,false,false,2026-01-12,Adzuna
Head of AI FDE (Forward Deployed Engineering) - APJ,Other / Unclassified,Databricks,Australia,The Rocks,,,,false,none,USD,Unspecified,Senior,,false,false,2026-02-20,Adzuna
Senior Machine Learning Engineer - Video AI Engine,Machine Learning Engineer,Canva,Australia,The Rocks,,,,false,none,USD,Unspecified,Senior,,false,false,2026-02-20,Adzuna
"Machine Learning Engineer, Generative AI Innovation Center",Machine Learning Engineer,Amazon,Australia,Melbourne CBD,,,,false,none,USD,Unspecified,Mid-level,AWS,false,false,2026-02-20,Adzuna
"Engineering Manager, AI  Infrastructure",MLOps / ML Infrastructure,Talenza,Australia,Sydney,,,,false,none,USD,Hybrid,Management,,false,false,2026-02-21,Adzuna
AI/ML Software Engineer (Full-Stack),AI Engineer,LEAP Legal Software,Australia,The Rocks,,,,false,none,USD,Unspecified,Lead,,false,false,2026-02-19,Adzuna
Freelance Energy Systems Engineer - AI Trainer,AI Training & Annotation,Mindrift,Australia,New South Wales,,,,false,none,USD,Unspecified,Mid-level,,false,false,2026-02-16,Adzuna
Freelance Energy Systems Engineer - AI Trainer,AI Training & Annotation,Mindrift,Australia,Victoria,,,,false,none,USD,Unspecified,Mid-level,,false,true,2026-02-16,Adzuna
Freelance Energy Systems Engineer - AI Trainer,AI Training & Annotation,Mindrift,Australia,Queensland,,,,false,none,USD,Unspecified,Mid-level,,false,true,2026-02-16,Adzuna
Freelance Energy Systems Engineer - AI Trainer,AI Training & Annotation,Mindrift,Australia,,,,,false,none,USD,Unspecified,Mid-level,,false,true,2026-02-16,Adzuna
Senior Engineer - Applied AI,AI Engineer,Culture Amp,Australia,Sydney,,,,false,none,USD,Unspecified,Senior,,false,false,2026-01-31,Adzuna
Senior Engineer - Applied AI,AI Engineer,Culture Amp,Australia,Melbourne,,,,false,none,USD,Unspecified,Senior,,false,true,2026-01-31,Adzuna
Software Engineer - (Data & AI),AI Engineer,MYOB,Australia,,,,,false,none,USD,Unspecified,Mid-level,,false,false,2026-02-05,Adzuna
Senior Software Engineer - AI Developer Tooling Workflows (open to remote across ANZ),AI Engineer,Canva,Australia,The Rocks,,,,false,none,USD,Remote,Senior,,false,false,2026-02-20,Adzuna
Senior Data Engineer - AI/ML DataOps,Data Engineer,Sonitec,Australia,The Rocks,,,,false,none,USD,Unspecified,Senior,,false,false,2025-07-31,Adzuna
Genesys Cloud AI Forward Deployed Engineer,AI Engineer,Genesys,Australia,,,,,false,none,USD,Unspecified,Mid-level,,false,false,2025-11-19,Adzuna
"Senior Professional Services Implementation Engineer, AI",AI Engineer,NICE,Australia,Sydney,,,,false,none,USD,Unspecified,Senior,,false,false,2026-02-16,Adzuna
"Senior Site Reliability Engineer, AI Research",AI / ML Research,Algolia,Australia,,,,,false,none,USD,Unspecified,Senior,,false,false,2026-01-22,Adzuna
Senior Software Engineer (AI Voice Agents),AI Engineer,Heidi,Australia,Sydney,,,,false,none,USD,Unspecified,Senior,,false,false,2025-12-21,Adzuna
AI/ML Senior Full Stack Engineer,AI Engineer,Accenture,Australia,The Rocks,,,,false,none,USD,Unspecified,Senior,,false,false,2026-02-20,Adzuna
Engineering Manager- AI Developer Tooling Workflows (Remote ANZ),AI Engineer,Canva,Australia,The Rocks,,,,false,none,USD,Remote,Senior,,false,false,2026-02-20,Adzuna
Senior Machine Learning Engineer - Canva AI (ANZ remote),Machine Learning Engineer,Canva,Australia,The Rocks,,,,false,none,USD,Remote,Senior,,false,false,2026-02-20,Adzuna
Senior LLMOps Engineer,MLOps / ML Infrastructure,Heidi Health,Australia,Melbourne CBD,,,,false,none,USD,Unspecified,Senior,,false,false,2026-02-20,Adzuna
Founding Engineer - AI Startups (pre-seed & seed),AI Engineer,Airtree Ventures,Australia,Middle Park,,,,false,none,USD,Unspecified,Mid-level,,false,false,2025-12-18,Adzuna
Founding Engineer - AI Startups (pre-seed & seed),AI Engineer,Airtree Ventures,Australia,The Rocks,,,,false,none,USD,Unspecified,Mid-level,,false,true,2026-02-17,Adzuna
"VP, Engineering & AI — Scale AI-Powered SaaS",Other / Unclassified,Checkbox Technology,Australia,,2000,2000,2000,true,point_estimate,USD,Unspecified,Lead,,false,false,2026-02-12,Adzuna
VP of Engineering & AI — Scale AI-Driven SaaS,Other / Unclassified,at,Australia,,2000,2000,2000,true,point_estimate,USD,Hybrid,Management,,false,false,2026-01-31,Adzuna
Engineering Manager- AI Developer Tooling Workflows (Remote ANZ),AI Engineer,Canva,Australia,Melbourne CBD,,,,false,none,USD,Remote,Senior,,false,false,2026-01-19,Adzuna
VP of Engineering - AI-Driven SaaS Platform for Legal,Other / Unclassified,Checkbox,Australia,,2000,2000,2000,true,point_estimate,USD,Unspecified,Lead,,false,false,2026-01-22,Adzuna
Engineering Manager - AI & Intelligent Automation - AWS,Other / Unclassified,Profusion PAC Pty Ltd,Australia,Sydney,,162000,162000,true,point_estimate,USD,Unspecified,Lead,AWS,false,false,2026-02-18,Adzuna
AI Researcher,AI / ML Research,Maincode,Australia,Melbourne,98000,117000,107500,false,range,USD,Unspecified,Mid-level,,false,false,2025-08-12,Adzuna
Senior Software Engineer - (Data & AI),AI Engineer,MYOB,Australia,,,,,false,none,USD,Unspecified,Senior,,false,false,2026-02-05,Adzuna
Engineering Manager (Infra) - AI Reliability (ANZ Remote),Other / Unclassified,Canva,Australia,The Rocks,,,,false,none,USD,Remote,Senior,,false,false,2026-02-20,Adzuna
Engineering Manager (Infra) - AI Reliability (ANZ Remote),Other / Unclassified,Canva,Australia,Melbourne CBD,,,,false,none,USD,Remote,Senior,,false,false,2026-02-20,Adzuna
Engineering Manager (Infra) - AI Reliability (ANZ Remote),Other / Unclassified,Canva,Australia,Brisbane CBD,,,,false,none,USD,Remote,Senior,,false,false,2026-02-20,Adzuna
Software Engineer,AI Software Engineer,Xephyr,Australia,Melbourne,,,,false,none,USD,Unspecified,Mid-level,,false,false,2026-02-14,Adzuna
Full Stack Developer,AI Software Engineer,MYOB,Australia,Brisbane CBD,,,,false,none,USD,Unspecified,Mid-level,,false,false,2026-02-20,Adzuna
Senior Front end Dev AI/ML Software Engineer,AI Engineer,Cleared ICT,Australia,Melbourne CBD,108000,203000,155500,false,range,USD,Hybrid,Senior,,false,false,2026-02-10,Adzuna
"Senior Python Engineer - AI Testing Project (Freelance, Mindrift)",AI Engineer,Mindrift,Australia,Victoria,,,,false,none,USD,Unspecified,Senior,"Python, Docker",false,false,2026-02-16,Adzuna
"Senior Python Engineer - AI Testing Project (Freelance, Mindrift)",AI Engineer,Mindrift,Australia,,,,,false,none,USD,Unspecified,Senior,"Python, Docker",false,true,2026-02-16,Adzuna
"Senior Python Engineer - AI Testing Project (Freelance, Mindrift)",AI Engineer,Mindrift,Australia,New South Wales,,,,false,none,USD,Unspecified,Senior,"Python, Docker",false,true,2026-02-16,Adzuna
"Senior Python Engineer - AI Testing Project (Freelance, Mindrift)",AI Engineer,Mindrift,Australia,Queensland,,,,false,none,USD,Unspecified,Senior,"Python, Docker",false,true,2026-02-16,Adzuna
AI Audio Codec Algorithm and Standardization Engineer,Other / Unclassified,TikTok,Australia,The Rocks,,,,false,none,USD,Unspecified,Senior,,false,false,2026-02-21,Adzuna
"Solution Architect, Dynamics 365",AI Consulting / Solutions,Microsoft,Australia,,,,,false,none,USD,Unspecified,Senior,,false,false,2026-02-20,Adzuna
Software Engineer,AI Software Engineer,Real Time Australia,Australia,,260000,260000,260000,true,point_estimate,USD,Unspecified,Mid-level,,false,false,2026-02-05,Adzuna
"Data Scientist - South Bank, QLD",Data Scientist,Flight Centre,Australia,Queensland,,,,false,none,USD,Unspecified,Mid-level,,false,false,2026-02-15,Adzuna
Associate Director – AI & Automation Delivery Lead,Other / Unclassified,Accenture,Australia,The Rocks,,,,false,none,USD,Unspecified,Junior,,false,false,2026-02-20,Adzuna
Full Stack Engineer - Agentic AI Development,AI Engineer,INGRITY,Australia,Sydney,,,,false,none,USD,Unspecified,Mid-level,,false,false,2026-01-22,Adzuna
"Customer Engineer, Cloud AI, Google Cloud",AI Engineer,Google,Australia,Sydney,,,,false,none,USD,Unspecified,Mid-level,,false,false,2026-01-23,Adzuna
"Customer Engineer, Cloud AI, Google Cloud",AI Engineer,Google,Australia,Melbourne,,,,false,none,USD,Unspecified,Mid-level,,false,true,2026-01-23,Adzuna
Senior Sales Engineer - Data & AI Security,AI Engineer,Veeam Software,Australia,Sydney,,,,false,none,USD,Unspecified,Senior,,false,false,2026-02-15,Adzuna
"Senior Backend Engineer (Golang), AI Chat",AI Engineer,Binance,Australia,,,,,false,none,USD,Unspecified,Senior,,false,false,2025-11-27,Adzuna
AI Lead,Other / Unclassified,Valsoft Corporation,Australia,Adelaide CBD,,,,false,none,USD,Unspecified,Lead,,false,false,2026-02-20,Adzuna
Agentforce Service Designer,Other / Unclassified,Accenture,Australia,Middle Park,,,,false,none,USD,Unspecified,Senior,,false,false,2026-01-24,Adzuna
Principal Software Engineer,AI Software Engineer,Commonwealth Bank,Australia,The Rocks,,,,false,none,USD,Unspecified,Senior,,false,false,2026-02-20,Adzuna
Head of AI FDE (Forward Deployed Engineering) - APJ,Other / Unclassified,Databricks,Australia,Sydney,,,,false,none,USD,Unspecified,Lead,,false,false,2026-01-25,Adzuna
Expression of Interest Mechanical and Electrical Engineers.,Other / Unclassified,Hydro Tasmania Vacancies,Australia,,77000,106000,91500,false,range,USD,Unspecified,Senior,,false,false,2026-01-18,Adzuna
Full Stack Software Engineer - Agentic AI Startup,AI Engineer,NinjaTech AI,Australia,Sydney,104000,143000,123500,false,range,USD,Unspecified,Mid-level,,false,false,2026-02-01,Adzuna
"Customer Engineer, Cloud AI Platform, Google Cloud",MLOps / ML Infrastructure,Google,Australia,Canberra Region,,,,false,none,USD,Unspecified,Mid-level,,false,false,2026-01-25,Adzuna
"Machine Learning Engineer, Generative AI Innovation Center",Machine Learning Engineer,Amazon,Australia,Melbourne,,,,false,none,USD,Unspecified,Mid-level,AWS,false,false,2025-09-14,Adzuna
Senior Software Engineer - (Java) - Canva AI - (Open to remote across ANZ),AI Engineer,Canva,Australia,Melbourne CBD,,,,false,none,USD,Remote,Senior,,false,false,2025-10-03,Adzuna
AI Technical Lead,AI Software Engineer,Accenture,Australia,The Rocks,,,,false,none,USD,Unspecified,Senior,,false,false,2026-02-20,Adzuna
Specialist Recruiter,Other / Unclassified,Microsoft,Australia,The Rocks,,,,false,none,USD,Unspecified,Mid-level,,false,false,2026-02-22,Adzuna
"Senior Software Engineer (TypeScript, Node, AI)",AI Engineer,Corto Pty Ltd,Australia,The Rocks,,,,false,none,USD,Unspecified,Senior,,false,false,2026-01-05,Adzuna
"Lead Software Engineer (TypeScript, Node, AI)",AI Engineer,Corto Pty Ltd,Australia,The Rocks,,,,false,none,USD,Unspecified,Lead,,false,false,2026-01-05,Adzuna
Lead Revenue Data Analyst,Data Analyst / BI,UpGuard,Australia,,,,,false,none,USD,Unspecified,Lead,,false,false,2026-02-21,Adzuna
Senior LLMOps Engineer,MLOps / ML Infrastructure,Heidi,Australia,Sydney,,,,false,none,USD,Unspecified,Senior,,false,false,2025-08-09,Adzuna
Staff Full-Stack Engineer (Java leaning) Canva AI,AI Engineer,Canva,Australia,The Rocks,,,,false,none,USD,Unspecified,Senior,,false,false,2026-02-22,Adzuna
Senior Software Engineer - (Java) - Canva AI - (Open to remote across ANZ),AI Engineer,Canva,Australia,The Rocks,,,,false,none,USD,Remote,Senior,,false,false,2026-02-20,Adzuna
Senior Software Engineer - C# & AWS,AI Software Engineer,Bankwest,Australia,Perth CBD,,,,false,none,USD,Unspecified,Senior,AWS,false,false,2025-12-16,Adzuna
AI Solutions Specialist,Other / Unclassified,bai Communications,Australia,North Sydney Area,,,,false,none,USD,Unspecified,Lead,,false,false,2026-02-20,Adzuna
Senior Cloud Solution Architect,AI Consulting / Solutions,Microsoft,Australia,The Rocks,,,,false,none,USD,Unspecified,Senior,,false,false,2026-02-20,Adzuna
Associate Manager – AI & Full Stack Developer,AI Software Engineer,Accenture,Australia,The Rocks,,,,false,none,USD,Unspecified,Junior,,false,false,2026-02-20,Adzuna
AI/ML Computational Science Sr Manager,AI Engineer,Accenture,Australia,The Rocks,,,,false,none,USD,Unspecified,Senior,,false,false,2026-02-20,Adzuna
Engineering Manager (Gen-e2 Delivery),Other / Unclassified,Palo It,Australia,Sydney,,,,false,none,USD,Unspecified,Management,,false,false,2025-08-22,Adzuna
"Sales Development Representative, APJ",Other / Unclassified,Port,Australia,Sydney,,,,false,none,USD,Unspecified,Mid-level,,false,false,2026-02-03,Adzuna
Engineering Manager - Data Ingestion & AI,Other / Unclassified,Dovetail,Australia,Sydney,,,,false,none,USD,Unspecified,Management,,false,false,2026-01-13,Adzuna
Automation Engineer (UiPath),Other / Unclassified,INGRITY,Australia,The Rocks,,,,false,none,USD,Unspecified,Mid-level,,false,false,2026-02-20,Adzuna
Business Development Representative,Other / Unclassified,Ayora,Australia,Sydney,65000,78000,71500,false,range,USD,Unspecified,Mid-level,,false,false,2026-02-13,Adzuna
Automation Engineer (UiPath),Other / Unclassified,INGRITY,Australia,Sydney,,,,false,none,USD,Unspecified,Mid-level,,false,false,2026-02-21,Adzuna
Freelance Mechanical Engineering & Python Expert - AI Trainer,AI Training & Annotation,Mindrift,Australia,Queensland,,,,false,none,USD,Unspecified,Mid-level,Python,false,false,2026-02-15,Adzuna
Freelance Mechanical Engineering & Python Expert - AI Trainer,AI Training & Annotation,Mindrift,Australia,New South Wales,,,,false,none,USD,Unspecified,Mid-level,Python,false,true,2026-02-15,Adzuna
Freelance Mechanical Engineering & Python Expert - AI Trainer,AI Training & Annotation,Mindrift,Australia,Victoria,,,,false,none,USD,Unspecified,Mid-level,Python,false,true,2026-02-15,Adzuna
Freelance Mechanical Engineering & Python Expert - AI Trainer,AI Training & Annotation,Mindrift,Australia,,,,,false,none,USD,Unspecified,Mid-level,Python,false,true,2026-02-15,Adzuna
Freelance Automotive Engineering & Python Expert - AI Trainer,AI Training & Annotation,Mindrift,Australia,,,,,false,none,USD,Unspecified,Mid-level,Python,false,false,2026-02-17,Adzuna
Freelance Automotive Engineering & Python Expert - AI Trainer,AI Training & Annotation,Mindrift,Australia,Queensland,,,,false,none,USD,Unspecified,Mid-level,Python,false,true,2026-02-17,Adzuna
Freelance Automotive Engineering & Python Expert - AI Trainer,AI Training & Annotation,Mindrift,Australia,New South Wales,,,,false,none,USD,Unspecified,Mid-level,Python,false,true,2026-02-17,Adzuna
Machine Learning Engineer,Machine Learning Engineer,MYOB,Australia,The Rocks,,,,false,none,USD,Unspecified,Senior,,false,false,2026-02-20,Adzuna
Machine Learning Engineer,Machine Learning Engineer,MYOB,Australia,Melbourne CBD,,,,false,none,USD,Unspecified,Senior,,false,false,2026-02-20,Adzuna
Senior Machine Learning Engineer,Machine Learning Engineer,Anduril Industries,Australia,The Rocks,,,,false,none,USD,Unspecified,Senior,,false,false,2026-01-08,Adzuna
Senior Machine Learning Engineer,Machine Learning Engineer,MYOB,Australia,The Rocks,,,,false,none,USD,Unspecified,Senior,,false,false,2026-02-20,Adzuna
Senior Machine Learning Engineer,Machine Learning Engineer,MYOB,Australia,Melbourne CBD,,,,false,none,USD,Unspecified,Senior,,false,false,2026-02-20,Adzuna
Senior Machine Learning Engineer - Australia,Machine Learning Engineer,Neara,Australia,The Rocks,,,,false,none,USD,Unspecified,Senior,,false,false,2026-01-13,Adzuna
Senior Machine Learning Engineer - Learning Experience,Machine Learning Engineer,Canva,Australia,The Rocks,,,,false,none,USD,Unspecified,Senior,,false,false,2026-02-20,Adzuna
Staff Machine Learning Engineer - Data Intelligence,Machine Learning Engineer,Culture Amp,Australia,Melbourne CBD,,,,false,none,USD,Unspecified,Senior,,false,false,2026-02-20,Adzuna
Staff Machine Learning Engineer - Data Intelligence,Machine Learning Engineer,Culture Amp,Australia,The Rocks,,,,false,none,USD,Unspecified,Senior,,false,false,2026-02-20,Adzuna
"Machine Learning Engineer - Trust and Safety, NLP (Australia)",NLP / LLM Engineering,TikTok,Australia,The Rocks,,,,false,none,USD,Unspecified,Mid-level,NLP,false,false,2025-12-19,Adzuna
Machine Learning Engineer,Machine Learning Engineer,Mane Consulting,Australia,Sydney,98000,117000,107500,false,range,USD,Unspecified,Senior,,false,false,2026-02-15,Adzuna
Machine Learning Engineer,Machine Learning Engineer,oOh!,Australia,North Sydney,,,,false,none,USD,Unspecified,Mid-level,,false,false,2026-02-16,Adzuna
Machine Learning Engineer,Machine Learning Engineer,Pluralis Research,Australia,Sydney,,,,false,none,USD,Unspecified,Mid-level,,false,false,2025-12-17,Adzuna
Machine Learning Engineer,Machine Learning Engineer,Pluralis Research,Australia,Melbourne,,,,false,none,USD,Unspecified,Mid-level,,false,true,2026-02-12,Adzuna
Machine Learning Engineer,Machine Learning Engineer,MYOB,Australia,Melbourne,,,,false,none,USD,Unspecified,Mid-level,,false,false,2026-02-06,Adzuna
Machine Learning Engineer,Machine Learning Engineer,MYOB,Australia,Sydney,,,,false,none,USD,Unspecified,Mid-level,,false,true,2026-02-06,Adzuna
Machine Learning Engineer,Machine Learning Engineer,Sitemate,Australia,Sydney,55000,130000,92500,false,range,USD,Unspecified,Mid-level,,false,false,2026-02-21,Adzuna
Senior Machine Learning Engineer - Inspire & Create (AU Remote),Machine Learning Engineer,Canva,Australia,Adelaide CBD,,,,false,none,USD,Remote,Senior,,false,false,2026-02-21,Adzuna
Senior Machine Learning Engineer - Inspire & Create (AU Remote),Machine Learning Engineer,Canva,Australia,Melbourne CBD,,,,false,none,USD,Remote,Senior,,false,false,2026-02-21,Adzuna
Senior Machine Learning Engineer - Inspire & Create (AU Remote),Machine Learning Engineer,Canva,Australia,The Rocks,,,,false,none,USD,Remote,Senior,,false,false,2026-02-21,Adzuna
Senior Machine Learning Engineer - Inspire & Create (AU Remote),Machine Learning Engineer,Canva,Australia,Perth CBD,,,,false,none,USD,Remote,Senior,,false,false,2026-02-21,Adzuna
Senior Machine Learning Engineer - Design Import (ANZ remote),Machine Learning Engineer,Canva,Australia,Brisbane CBD,,,,false,none,USD,Remote,Senior,,false,false,2026-02-20,Adzuna
Senior Machine Learning Engineer - Design Import (ANZ remote),Machine Learning Engineer,Canva,Australia,Adelaide CBD,,,,false,none,USD,Remote,Senior,,false,false,2026-02-20,Adzuna
Senior Machine Learning Engineer - Design Import (ANZ remote),Machine Learning Engineer,Canva,Australia,The Rocks,,,,false,none,USD,Remote,Senior,,false,false,2026-02-20,Adzuna
"Machine Learning Engineer Graduate, Trust and Safety Engineering - 2026 Start",Machine Learning Engineer,TikTok,Australia,The Rocks,,,,false,none,USD,Unspecified,Mid-level,,false,false,2026-02-20,Adzuna
Senior Machine Learning Engineer,Machine Learning Engineer,Intelligen Group,Australia,Sydney,104000,110000,107000,false,range,USD,Unspecified,Senior,,false,false,2026-02-19,Adzuna
(Computational) Machine Learning Engineer,Machine Learning Engineer,Nomad Atomics,Australia,Middle Park,,,,false,none,USD,Unspecified,Mid-level,,false,false,2025-10-14,Adzuna
Senior Machine Learning Engineer,Machine Learning Engineer,Level Up Recruitment,Australia,Melbourne,104000,162000,133000,false,range,USD,Unspecified,Senior,,false,false,2026-02-18,Adzuna
Senior Machine Learning Engineer,Machine Learning Engineer,Level Up Recruitment,Australia,Sydney,104000,162000,133000,false,range,USD,Unspecified,Senior,,false,true,2026-02-18,Adzuna
Senior Machine Learning Engineer,Machine Learning Engineer,Anduril Industries,Australia,Sydney,,,,false,none,USD,Unspecified,Senior,,false,false,2026-01-09,Adzuna
Senior Machine Learning Engineer,Machine Learning Engineer,MYOB,Australia,Melbourne,,,,false,none,USD,Unspecified,Senior,,false,false,2025-10-03,Adzuna
Senior Machine Learning Engineer,Machine Learning Engineer,MYOB,Australia,Sydney,,,,false,none,USD,Unspecified,Senior,,false,true,2026-02-07,Adzuna
Senior Machine Learning Engineer,Machine Learning Engineer,The Onset,Australia,Sydney,,,,false,none,USD,Unspecified,Senior,,false,false,2026-01-24,Adzuna
"Machine Learning Engineer Intern, Data Trust & Safety (Australia) - 2026 Start",Machine Learning Engineer,TikTok,Australia,The Rocks,,,,false,none,USD,Unspecified,Mid-level,,true,false,2026-02-20,Adzuna
Senior Machine Learning Engineer - Visual Suite - Productivity Group (ANZ remote),Machine Learning Engineer,Canva,Australia,The Rocks,,,,false,none,USD,Remote,Senior,,false,false,2026-02-20,Adzuna
Machine Learning Engineer - (Relocation to Australia),Machine Learning Engineer,PingalAI,Australia,Sydney,,,,false,none,USD,Unspecified,Mid-level,,false,false,2025-12-16,Adzuna
Senior Machine Learning Engineer - Australia,Machine Learning Engineer,Neara,Australia,Sydney,,,,false,none,USD,Unspecified,Senior,,false,false,2025-07-29,Adzuna
Machine Learning Engineer Graduate (Trust and Safety Engineering) - 2027 Start (BS/MS),Machine Learning Engineer,TikTok,Australia,The Rocks,,,,false,none,USD,Unspecified,Mid-level,,false,false,2026-02-20,Adzuna
Senior Machine Learning Engineer (Computer Vision),Computer Vision,The Onset,Australia,Sydney,,,,false,none,USD,Hybrid,Senior,Computer Vision,false,false,2026-01-24,Adzuna
Staff Machine Learning Engineer - Data Intelligence,Machine Learning Engineer,Culture Amp,Australia,Melbourne,,,,false,none,USD,Unspecified,Lead,,false,false,2026-02-04,Adzuna
Staff Machine Learning Engineer - Data Intelligence,Machine Learning Engineer,Culture Amp,Australia,Sydney,,,,false,none,USD,Unspecified,Lead,,false,true,2026-02-04,Adzuna
Senior Machine Learning Engineer (Face Analytics),Machine Learning Engineer,Xailient Inc.,Australia,Sydney,,,,false,none,USD,Unspecified,Senior,"Python, Computer Vision",false,false,2025-11-14,Adzuna
Senior / Principal/ Senior Principal Machine Learning Engineer,Machine Learning Engineer,Oracle,Australia,,,,,false,none,USD,Unspecified,Senior,,false,false,2026-02-02,Adzuna
Principal Engineer - Machine Learning,Other / Unclassified,REA Group,Australia,The Rocks,,,,false,none,USD,Unspecified,Senior,,false,false,2026-02-20,Adzuna
Freelance Machine Learning Research Engineer (Python),AI / ML Research,Mindrift,Australia,New South Wales,,,,false,none,USD,Unspecified,Mid-level,Python,false,true,2026-02-18,Adzuna
Freelance Machine Learning Research Engineer (Python),AI / ML Research,Mindrift,Australia,Victoria,,,,false,none,USD,Unspecified,Mid-level,Python,false,true,2026-02-18,Adzuna
Freelance Machine Learning Research Engineer (Python),AI / ML Research,Mindrift,Australia,Queensland,,,,false,none,USD,Unspecified,Mid-level,Python,false,true,2026-02-18,Adzuna
Freelance Machine Learning Research Engineer (Python),AI / ML Research,Mindrift,Australia,,,,,false,none,USD,Unspecified,Mid-level,Python,false,true,2026-02-18,Adzuna
Senior Machine Learning / Reinforcement Learning Engineer,Other / Unclassified,Sleek,Australia,,,,,false,none,USD,Unspecified,Senior,,false,false,2026-02-05,Adzuna
Principal Engineer - Machine Learning,Other / Unclassified,REA Group,Australia,Sydney,,,,false,none,USD,Unspecified,Lead,,false,false,2026-02-18,Adzuna
ML Engineer,Machine Learning Engineer,Talenza,Australia,Sydney,91000,98000,94500,false,range,USD,Hybrid,Mid-level,"Python, SQL, Azure",false,false,2026-02-04,Adzuna
Senior Software Engineer - Australia,AI Software Engineer,Neara,Australia,The Rocks,,,,false,none,USD,Unspecified,Senior,,false,false,2026-02-20,Adzuna
"Machine Learning Scientist, International Machine Learning",AI / ML Research,Amazon,Australia,Melbourne CBD,,,,false,none,USD,Unspecified,Mid-level,,false,false,2025-12-19,Adzuna
"Machine Learning Intern, 2026 Summer Australia",Other / Unclassified,Atlassian,Australia,The Rocks,,,,false,none,USD,Unspecified,Mid-level,,true,false,2026-02-20,Adzuna
Engineering Manager (BE) - Template Search Quality team (ANZ Remote),Other / Unclassified,Canva,Australia,The Rocks,,,,false,none,USD,Remote,Senior,,false,false,2026-02-12,Adzuna
Snowflake ML Engineer,Machine Learning Engineer,Billigence,Australia,Chatswood West,,,,false,none,USD,Unspecified,Mid-level,,false,false,2026-01-23,Adzuna
"Lead Engineer, Engineering Productivity",Other / Unclassified,Neara,Australia,The Rocks,,,,false,none,USD,Unspecified,Senior,,false,false,2026-02-20,Adzuna
Engineering Manager (BE) - Template Search Quality team (ANZ Remote),Other / Unclassified,Canva,Australia,Melbourne CBD,,,,false,none,USD,Remote,Senior,,false,false,2026-02-20,Adzuna
Senior Manager - Applied Science,Other / Unclassified,Oracle,Australia,,,,,false,none,USD,Unspecified,Senior,,false,false,2025-09-10,Adzuna
Senior Data Scientist,Data Scientist,Nearmap,Australia,Barangaroo,,,,false,none,USD,Unspecified,Senior,R,false,false,2026-02-17,Adzuna
Senior Data Scientist,Data Scientist,Endeavour Group,Australia,The Rocks,,,,false,none,USD,Unspecified,Senior,,false,false,2026-02-20,Adzuna
ML Software Engineer,AI Software Engineer,Woolworths Group,Australia,Baulkham Hills,,,,false,none,USD,Unspecified,Mid-level,,false,false,2026-02-22,Adzuna
Data Scientist,Data Scientist,Optus,Australia,The Rocks,,,,false,none,USD,Unspecified,Senior,,false,false,2026-02-20,Adzuna
Senior Software Engineer - Australia,AI Software Engineer,Neara,Australia,Sydney,,,,false,none,USD,Unspecified,Senior,,false,false,2026-02-12,Adzuna
Research Technology Engineer - Leading Machine Learning Trading Firm - uk,AI / ML Research,Crypto Recruit,Australia,,,,,false,none,USD,Unspecified,Mid-level,,false,false,2026-01-27,Adzuna
"AI Research Intern, 2026 Summer Australia",AI / ML Research,Atlassian,Australia,The Rocks,,,,false,none,USD,Unspecified,Mid-level,,true,false,2026-02-20,Adzuna
"Machine Learning Scientist, International Machine Learning",AI / ML Research,Amazon,Australia,Melbourne,,,,false,none,USD,Unspecified,Mid-level,,false,false,2025-11-28,Adzuna
"Machine Learning Intern, 2026 Summer Australia",Other / Unclassified,Atlassian,Australia,Sydney CBD,,,,false,none,USD,Unspecified,Mid-level,,true,false,2026-02-17,Adzuna
"Lead Engineer, Engineering Productivity",Other / Unclassified,Neara,Australia,Sydney,,,,false,none,USD,Unspecified,Lead,,false,false,2026-01-30,Adzuna
"Researcher, Brain Computer Interface (BCI) Australia",AI / ML Research,Synchron,Australia,Melbourne,65000,195000,130000,false,range,USD,Unspecified,Mid-level,,false,false,2026-01-16,Adzuna
Data Scientist,Data Scientist,CreditorWatch,Australia,The Rocks,,,,false,none,USD,Unspecified,Mid-level,,false,false,2026-02-03,Adzuna
"AI Research PhD Intern, 2026 Summer Australia",AI / ML Research,Atlassian,Australia,Sydney CBD,,,,false,none,USD,Unspecified,Mid-level,,true,false,2026-02-17,Adzuna
Artificial Intelligence Enablement Lead,Other / Unclassified,The Vanguard Group,Australia,Melbourne,,,,false,none,USD,Unspecified,Lead,,false,false,2026-02-22,Adzuna
Data Science Lead - AU,Data Scientist,Eucalyptus,Australia,New South Wales,,,,false,none,USD,Unspecified,Senior,,false,false,2026-02-20,Adzuna
Senior Security Engineer (Software & Platform),Other / Unclassified,Neara,Australia,The Rocks,,,,false,none,USD,Unspecified,Senior,,false,false,2026-02-20,Adzuna
"Senior Product Manager, Data Products",AI Product & Program,Culture Amp,Australia,Melbourne CBD,,,,false,none,USD,Unspecified,Senior,,false,false,2026-02-20,Adzuna
"Senior Product Manager, Data Products",AI Product & Program,Culture Amp,Australia,The Rocks,,,,false,none,USD,Unspecified,Senior,,false,false,2026-02-20,Adzuna
"Senior Software Engineer, Back-end",AI Software Engineer,Q-CTRL,Australia,The Rocks,,,,false,none,USD,Unspecified,Senior,,false,false,2026-02-20,Adzuna
"Global Advisory & Markets, Goldman Sachs Electronic Trading (GSET) FPGA Engineer, Associate, Sydney",Other / Unclassified,Goldman Sachs,Australia,The Rocks,,,,false,none,USD,Unspecified,Junior,,false,false,2026-02-20,Adzuna
Lead Security Engineer,Other / Unclassified,Q-CTRL,Australia,The Rocks,,,,false,none,USD,Unspecified,Senior,,false,false,2026-02-20,Adzuna
Staff Cloud Platform Engineer,AI Software Engineer,Q-CTRL,Australia,The Rocks,,,,false,none,USD,Unspecified,Senior,,false,false,2026-02-20,Adzuna
*AI Technical Lead*,AI Software Engineer,Accenture,Australia,,,,,false,none,USD,Unspecified,Lead,,false,false,2026-02-12,Adzuna
"Global Advisory & Markets, Synthetics Products Group Engineer, Associate, Sydney",Other / Unclassified,Goldman Sachs,Australia,The Rocks,,,,false,none,USD,Unspecified,Junior,,false,false,2026-02-20,Adzuna
Senior Data Engineer,Data Engineer,Neara,Australia,Sydney,,,,false,none,USD,Unspecified,Senior,,false,false,2025-10-18,Adzuna
Lead Data Engineer (Blockchain Exchange),Data Engineer,Crypto Recruit,Australia,,,,,false,none,USD,Unspecified,Lead,,false,false,2026-01-27,Adzuna
Research Fellow,AI / ML Research,Griffith University,Australia,Nathan,,,,false,none,USD,Unspecified,Mid-level,,false,false,2026-01-30,Adzuna
"Senior Software Engineer, iOS, Google Photos",AI Software Engineer,Google,Australia,Sydney,,,,false,none,USD,Unspecified,Senior,,false,false,2026-02-09,Adzuna
"Senior Software Engineer, Mobile, Android, Google Photos",AI Software Engineer,Google,Australia,Sydney,,,,false,none,USD,Unspecified,Senior,,false,false,2026-01-09,Adzuna
"Software Engineer, Mobile (Android), Google Photos",AI Software Engineer,Google,Australia,Sydney,,,,false,none,USD,Unspecified,Mid-level,,false,false,2026-02-06,Adzuna
Senior Security Engineer (Software & Platform),Other / Unclassified,Neara,Australia,Sydney,,,,false,none,USD,Unspecified,Senior,,false,false,2026-02-15,Adzuna
"Software Engineer, Early Career, Google Photos",AI Software Engineer,Google,Australia,Sydney,,,,false,none,USD,Unspecified,Mid-level,,false,false,2026-01-31,Adzuna
"Program Manager, Google Photos, Core Surfaces",AI Product & Program,Google,Australia,Sydney,,,,false,none,USD,Unspecified,Management,,false,false,2026-02-08,Adzuna
Security Engineer (DevSecOps),Other / Unclassified,Q-Ctrl,Australia,Sydney,,,,false,none,USD,Unspecified,Mid-level,,false,false,2025-08-05,Adzuna
"Global Advisory & Markets, GSET FPGA Engineer, Associate, Sydney",Other / Unclassified,Goldman Sachs,Australia,Sydney,,,,false,none,USD,Unspecified,Junior,,false,false,2026-01-30,Adzuna
"Software Engineer, Photos, Early Career",AI Software Engineer,Google,Australia,Sydney,,,,false,none,USD,Unspecified,Mid-level,,false,false,2025-03-27,Adzuna
"Software Engineer, Google Photos",AI Software Engineer,Google,Australia,Sydney,,,,false,none,USD,Unspecified,Mid-level,,false,false,2026-01-31,Adzuna
Senior Data Scientist,Data Scientist,MYOB,Australia,Melbourne CBD,,,,false,none,USD,Unspecified,Senior,,false,false,2026-02-20,Adzuna
La Trobe University PhD Scholarship “AI-driven microscopy and spectroscopy”,Other / Unclassified,Details,Australia,Bundoora,,,,false,none,USD,Unspecified,Mid-level,,false,false,2025-07-30,Adzuna
La Trobe University PhD Scholarship “Cancer Biology and Machine Learning”,Other / Unclassified,Details,Australia,Bundoora,,,,false,none,USD,Unspecified,Mid-level,,false,false,2025-07-30,Adzuna
La Trobe University PhD Scholarship “AI-driven microscopy and spectroscopy”,Other / Unclassified,La Trobe University,Australia,Melbourne,,,,false,none,USD,Unspecified,Mid-level,,false,false,2025-07-31,Adzuna
Lead Security Engineer,Other / Unclassified,Q-Ctrl,Australia,Sydney,,,,false,none,USD,Unspecified,Lead,,false,false,2025-11-08,Adzuna
"Global Advisory & Markets, Synthetics Products Group Engineer, Associate, Sydney",Other / Unclassified,Goldman Sachs,Australia,Sydney,,,,false,none,USD,Unspecified,Junior,,false,false,2025-12-06,Adzuna
"Senior Software Engineer, Back-end",AI Software Engineer,Q-Ctrl,Australia,Sydney,,,,false,none,USD,Unspecified,Senior,,false,false,2025-10-19,Adzuna
"Senior Product Manager, Data Products",AI Product & Program,Culture Amp,Australia,Sydney,,,,false,none,USD,Unspecified,Senior,,false,false,2026-01-29,Adzuna
"Senior Product Manager, Data Products",AI Product & Program,Culture Amp,Australia,Melbourne,,,,false,none,USD,Unspecified,Senior,,false,true,2026-01-29,Adzuna
La Trobe University PhD Scholarship “Cancer Biology and Machine Learning”,Other / Unclassified,La Trobe University,Australia,Melbourne,,,,false,none,USD,Unspecified,Mid-level,,false,false,2025-07-29,Adzuna
"Global Advisory & Markets, Synthetics Products Group Engineer, VP, Sydney",Other / Unclassified,Goldman Sachs,Australia,Sydney,,,,false,none,USD,Unspecified,Management,,false,false,2026-02-01,Adzuna
Staff Cloud Platform Engineer,AI Software Engineer,Q-Ctrl,Australia,Sydney,,,,false,none,USD,Unspecified,Lead,,false,false,2025-11-02,Adzuna
Tech Lead Manager,Other / Unclassified,Neara,Australia,Sydney,,,,false,none,USD,Unspecified,Lead,,false,false,2026-02-01,Adzuna
"Software Engineer, Back-end",AI Software Engineer,Q-Ctrl,Australia,Sydney,,,,false,none,USD,Unspecified,Mid-level,,false,false,2025-10-05,Adzuna
"Software Engineer, Android, Files and Storage, Early Career",AI Software Engineer,Google,Australia,Sydney,,,,false,none,USD,Unspecified,Mid-level,,false,false,2025-08-31,Adzuna
"Senior Product Manager, Video Editing, Google Photos",AI Product & Program,Google,Australia,Sydney,,,,false,none,USD,Unspecified,Senior,,false,false,2026-01-26,Adzuna
"Senior UX Designer, Google One, Google Photos",Other / Unclassified,Google,Australia,Sydney,,,,false,none,USD,Unspecified,Senior,,false,false,2026-02-22,Adzuna
Director Data and Analytics Engineering,Data Engineer,ResMed,Australia,The Rocks,,,,false,none,USD,Unspecified,Management,,false,false,2026-02-20,Adzuna
"Operations Business Partner, Tech",Other / Unclassified,Canva,Australia,The Rocks,,,,false,none,USD,Unspecified,Mid-level,,false,false,2026-02-20,Adzuna
Nuclear Safety Engineers,Other / Unclassified,Frazer-Nash Consultancy,Australia,Sydney,,,,false,none,USD,Unspecified,Mid-level,,false,false,2025-08-21,Adzuna
Lead Data Engineer,Data Engineer,Macquarie University,Australia,North Ryde,,,,false,none,USD,Hybrid,Lead,,false,false,2026-02-20,Adzuna
Data Platform Architect,Data Engineer,Cuscal Limited,Australia,The Rocks,,,,false,none,USD,Unspecified,Senior,,false,false,2026-02-20,Adzuna
"Staff Software Engineer, Mobile (Android), Photos",AI Software Engineer,Google,Australia,Sydney,,,,false,none,USD,Unspecified,Lead,,false,false,2026-02-01,Adzuna
"Senior Data Scientist, Product, Google Photos",Data Scientist,Google,Australia,Sydney,,,,false,none,USD,Unspecified,Junior,,false,false,2026-02-19,Adzuna
Senior Nuclear Enterprise Leader (Dir Nuclear Engineering 1) - 27232,Other / Unclassified,Huntington Ingalls Industries,Australia,,,,,false,none,USD,Unspecified,Senior,,false,false,2026-02-20,Adzuna
"Software Engineer, iOS, Google Photos, Early Careers",AI Software Engineer,Google,Australia,Sydney,,,,false,none,USD,Unspecified,Mid-level,,false,false,2025-11-06,Adzuna
"Staff Software Engineer, Mobile (iOS), Photos",AI Software Engineer,Google,Australia,Sydney,,,,false,none,USD,Unspecified,Lead,,false,false,2026-02-12,Adzuna
Software Engineer - Data Orchestration,AI Software Engineer,Feedzai,Australia,Sydney,,,,false,none,USD,Unspecified,Junior,,false,false,2025-09-29,Adzuna
Senior Software Engineer,AI Software Engineer,Corto Pty Ltd,Australia,The Rocks,,,,false,none,USD,Unspecified,Senior,,false,false,2026-01-21,Adzuna
Data Scientist,Data Scientist,Wesfarmers OneDigital,Australia,Melbourne,,,,false,none,USD,Unspecified,Mid-level,,false,false,2025-09-30,Adzuna
"Software Engineer, Mobile (iOS), Google Photos",AI Software Engineer,Google,Australia,Sydney,,,,false,none,USD,Unspecified,Junior,,false,false,2025-12-28,Adzuna
"Software Engineering Manager, Photos",AI Software Engineer,Google,Australia,Sydney,,,,false,none,USD,Unspecified,Management,,false,false,2026-01-11,Adzuna
Expert Software Engineer - Data Orchestration,AI Software Engineer,Feedzai,Australia,Sydney,,,,false,none,USD,Unspecified,Junior,,false,false,2025-09-29,Adzuna
"Technical Program Manager, Photos Video Editing",AI Product & Program,Google,Australia,Sydney,,,,false,none,USD,Unspecified,Junior,,false,false,2026-02-01,Adzuna
Data Scientist,Data Scientist,Zurich Insurance,Australia,The Rocks,,,,false,none,USD,Unspecified,Mid-level,,false,false,2026-02-20,Adzuna
Data Scientist,Data Scientist,Doordash,Australia,Banksia,,,,false,none,USD,Unspecified,Mid-level,,false,false,2026-01-22,Adzuna
Data Scientist,Data Scientist,LeavePlus,Australia,Melbourne CBD,,,,false,none,USD,Unspecified,Mid-level,,false,false,2026-01-16,Adzuna
Data Scientist,Data Scientist,Bankwest,Australia,Perth CBD,,,,false,none,USD,Unspecified,Senior,,false,false,2026-02-20,Adzuna
Lead Data Scientist,Data Scientist,Doordash,Australia,Melbourne CBD,,,,false,none,USD,Unspecified,Senior,,false,false,2025-12-16,Adzuna
Data Scientist- Marketing,Data Scientist,AMP,Australia,The Rocks,,,,false,none,USD,Unspecified,Mid-level,,false,false,2025-12-13,Adzuna
Senior Data Scientist,Data Scientist,Commonwealth Bank,Australia,The Rocks,,,,false,none,USD,Unspecified,Senior,,false,false,2026-02-21,Adzuna
Senior Data Scientist,Data Scientist,Go1,Australia,,,,,false,none,USD,Unspecified,Senior,,false,false,2026-02-20,Adzuna
Data Scientist - Barangaroo,Data Scientist,GrainCorp,Australia,The Rocks,,,,false,none,USD,Unspecified,Junior,,false,false,2026-02-20,Adzuna
Senior Data Scientist,Data Scientist,Optus,Australia,The Rocks,,,,false,none,USD,Unspecified,Senior,,false,false,2026-02-20,Adzuna
Lead Data Scientist,Data Scientist,Lendi Group,Australia,The Rocks,,,,false,none,USD,Unspecified,Senior,,false,false,2026-02-21,Adzuna
Data Science Lead,Data Scientist,Accenture,Australia,Perth CBD,,,,false,none,USD,Unspecified,Senior,,false,false,2026-02-20,Adzuna
Senior Data Scientist,Data Scientist,Mable,Australia,The Rocks,,,,false,none,USD,Unspecified,Senior,,false,false,2026-02-20,Adzuna
Senior Data Scientist,Data Scientist,Culture Amp,Australia,Melbourne CBD,,,,false,none,USD,Unspecified,Senior,,false,false,2026-02-20,Adzuna
Senior Data Scientist,Data Scientist,Culture Amp,Australia,The Rocks,,,,false,none,USD,Unspecified,Senior,,false,false,2026-02-20,Adzuna
Senior Data Scientist,Data Scientist,MYOB,Australia,The Rocks,,,,false,none,USD,Unspecified,Senior,,false,false,2026-02-20,Adzuna
Data Scientist Senior Staff,Data Scientist,Commonwealth Bank,Australia,The Rocks,,,,false,none,USD,Unspecified,Senior,,false,false,2026-02-20,Adzuna
Head of Analytics & Data Science,Data Scientist,Ebay,Australia,The Rocks,,,,false,none,USD,Unspecified,Senior,,false,false,2026-02-20,Adzuna
Staff Data Scientist - Central Data team,Data Scientist,Canva,Australia,The Rocks,,,,false,none,USD,Unspecified,Senior,,false,false,2026-02-20,Adzuna
Data Scientist (12 month FTC),Data Scientist,HCF Australia,Australia,New South Wales,,,,false,none,USD,Unspecified,Mid-level,,false,false,2026-02-20,Adzuna
Demand Planning Data Scientist - Greystanes,Data Scientist,Blackwoods,Australia,Wentworthville,,,,false,none,USD,Unspecified,Mid-level,,false,false,2026-02-20,Adzuna
"Senior Data Scientist, Algorithm (Relo to SF)",Data Scientist,Airwallex,Australia,The Rocks,,,,false,none,USD,Unspecified,Senior,,false,false,2025-12-05,Adzuna
Head of Platform Data Science (ANZ Remote),Data Scientist,Canva,Australia,Melbourne CBD,,,,false,none,USD,Remote,Senior,,false,false,2026-02-20,Adzuna
"Data Scientist- Gen AI, Business Banking",Data Scientist,Commonwealth Bank,Australia,The Rocks,,,,false,none,USD,Unspecified,Senior,,false,false,2026-02-20,Adzuna
"Data Science Intern, 2026 Summer Australia",Data Scientist,Atlassian,Australia,The Rocks,,,,false,none,USD,Unspecified,Mid-level,,true,false,2026-02-20,Adzuna
Head of Platform Data Science (ANZ Remote),Data Scientist,Canva,Australia,The Rocks,,,,false,none,USD,Remote,Senior,,false,false,2026-02-20,Adzuna
Data Science Manager – Fraud Risk Engine,Data Scientist,Accenture,Australia,Middle Park,,,,false,none,USD,Unspecified,Senior,,false,false,2026-02-20,Adzuna
"Senior Data Scientist, Algorithm (Relo to SF)",Data Scientist,Airwallex,Australia,Melbourne CBD,,,,false,none,USD,Unspecified,Senior,,false,false,2026-02-20,Adzuna
"Senior Data Scientist, Analytics (Relo to SF)",Data Scientist,Airwallex,Australia,The Rocks,,,,false,none,USD,Unspecified,Senior,,false,false,2026-02-20,Adzuna
"Senior Data Scientist, Analytics (Relo to SF)",Data Scientist,Airwallex,Australia,Melbourne CBD,,,,false,none,USD,Unspecified,Senior,,false,false,2026-02-20,Adzuna
Senior Manager- Data Science and Agentic AI,Data Scientist,Commonwealth Bank,Australia,The Rocks,,,,false,none,USD,Unspecified,Senior,,false,false,2026-02-21,Adzuna
Data Scientist,Data Scientist,GRIT Talent Consulting,Australia,Brisbane,91000,91000,91000,true,point_estimate,USD,Hybrid,Mid-level,,false,false,2026-01-27,Adzuna
Data Scientist,Data Scientist,Mane Consulting,Australia,Sydney,98000,114000,106000,false,range,USD,Unspecified,Mid-level,,false,false,2026-02-04,Adzuna
Data Scientist,Data Scientist,Bankwest,Australia,,,,,false,none,USD,Unspecified,Mid-level,,false,false,2026-02-16,Adzuna
Data Scientist,Data Scientist,The Onset,Australia,Melbourne,,,,false,none,USD,Unspecified,Mid-level,,false,false,2025-12-03,Adzuna
Data Scientist,Data Scientist,Tracksuit Limited,Australia,,,,,false,none,USD,Unspecified,Mid-level,,false,false,2026-01-30,Adzuna
Data Scientist,Data Scientist,The Onset,Australia,Sydney,,,,false,none,USD,Unspecified,Lead,,false,false,2025-08-06,Adzuna
Data Scientist,Data Scientist,Omnicom Group,Australia,Sydney,,,,false,none,USD,Unspecified,Mid-level,,false,false,2026-02-05,Adzuna
Lead Data Scientist,Data Scientist,Lendi Group,Australia,Sydney,,,,false,none,USD,Unspecified,Lead,,false,false,2026-02-17,Adzuna
Lead Data Scientist,Data Scientist,Infosys Singapore & Australia,Australia,Sydney,,,,false,none,USD,Unspecified,Lead,,false,false,2026-01-12,Adzuna
Senior Data Scientist,Data Scientist,Cox Purtell,Australia,,117000,130000,123500,false,range,USD,Unspecified,Senior,,false,false,2026-02-19,Adzuna
Senior Data Scientist,Data Scientist,Reo Group,Australia,Western Sydney,91000,110000,100500,false,range,USD,Unspecified,Senior,,false,false,2025-08-25,Adzuna
Data Scientist (Energy),Data Scientist,Enemix,Australia,Sydney,,,,false,none,USD,Unspecified,Mid-level,,false,false,2025-08-07,Adzuna
Principal Data Scientist,Data Scientist,myCareer,Australia,,,,,false,none,USD,Hybrid,Lead,,false,false,2026-02-15,Adzuna
Senior Data Scientist,Data Scientist,myCareer,Australia,,84000,93000,88500,false,range,USD,Hybrid,Senior,,false,false,2026-02-15,Adzuna
Senior Data Scientist,Data Scientist,Go1 Australia,Australia,,,,,false,none,USD,Unspecified,Senior,,false,false,2026-02-14,Adzuna
Senior Data Scientist,Data Scientist,Omnicom Group,Australia,Sydney,,,,false,none,USD,Unspecified,Senior,,false,false,2026-02-05,Adzuna
Senior Data Scientist,Data Scientist,Omnicom Group,Australia,Melbourne,,,,false,none,USD,Unspecified,Senior,,false,true,2026-02-05,Adzuna
Senior Data Scientist,Data Scientist,Tracksuit Limited,Australia,,,,,false,none,USD,Unspecified,Senior,,false,false,2026-01-11,Adzuna
Senior Data Scientist,Data Scientist,Job Details,Australia,Parramatta,84000,93000,88500,false,range,USD,Onsite,Senior,,false,false,2026-02-08,Adzuna
Senior Data Scientist,Data Scientist,Department of Industry,Australia,Parramatta,84000,93000,88500,false,range,USD,Onsite,Senior,,false,false,2026-02-08,Adzuna
Senior Data Scientist,Data Scientist,Mable,Australia,,,,,false,none,USD,Unspecified,Senior,,false,false,2026-01-11,Adzuna
Senior Data Scientist,Data Scientist,Kasada,Australia,,,,,false,none,USD,Unspecified,Senior,,false,false,2025-10-27,Adzuna
Senior Data Scientist,Data Scientist,Culture Amp,Australia,Sydney,,,,false,none,USD,Unspecified,Senior,,false,false,2025-12-20,Adzuna
Senior Data Scientist,Data Scientist,Culture Amp,Australia,Melbourne,,,,false,none,USD,Unspecified,Senior,,false,true,2025-12-20,Adzuna
Senior Data Scientist,Data Scientist,hipages Group,Australia,Sydney,,,,false,none,USD,Unspecified,Senior,,false,false,2026-01-14,Adzuna
Senior Data Scientist,Data Scientist,Queensland Government,Australia,Brisbane,,,,false,none,USD,Unspecified,Senior,,false,false,2026-02-19,Adzuna
Senior Data Scientist,Data Scientist,MYOB,Australia,Melbourne,,,,false,none,USD,Unspecified,Senior,,false,false,2025-12-13,Adzuna
Senior Data Scientist,Data Scientist,MYOB,Australia,Sydney,,,,false,none,USD,Unspecified,Senior,,false,true,2026-01-30,Adzuna
Senior Data Scientist,Data Scientist,AMP,Australia,Sydney,,,,false,none,USD,Unspecified,Senior,,false,false,2026-02-06,Adzuna
"Data Scientist Senior Manager- Gen AI, Business Banking",Data Scientist,Commonwealth Bank,Australia,The Rocks,,,,false,none,USD,Unspecified,Senior,,false,false,2026-02-20,Adzuna
Senior Data Scientist - People Analytics (Remote across ANZ),Data Scientist,Canva,Australia,The Rocks,,,,false,none,USD,Remote,Senior,,false,false,2026-02-20,Adzuna
Global Data Science Architect,Data Scientist,"Caterpillar, Inc.",Australia,Brisbane,,,,false,none,USD,Unspecified,Mid-level,,false,false,2026-02-11,Adzuna
Data Scientist - Agentic AI,Data Scientist,Excolo,Australia,Sydney,117000,117000,117000,true,point_estimate,USD,Unspecified,Mid-level,,false,false,2026-01-27,Adzuna
Senior Analyst Data Science,Data Scientist,Suncorp Group,Australia,Sydney Region,,,,false,none,USD,Hybrid,Senior,,false,false,2026-02-12,Adzuna
Senior Analyst Data Science,Data Scientist,Job Details,Australia,,,,,false,none,USD,Hybrid,Senior,,false,false,2026-02-14,Adzuna
Head of Analytics & Data Science,Data Scientist,eBay,Australia,Sydney,,,,false,none,USD,Unspecified,Management,,false,false,2026-01-29,Adzuna
Data Scientist Senior Staff,Data Scientist,Commonwealth Bank of Australia,Australia,Sydney,,,,false,none,USD,Unspecified,Senior,,false,false,2026-01-15,Adzuna
Global Data Science Architect,Data Scientist,Caterpillar,Australia,East Brisbane,,,,false,none,USD,Unspecified,Mid-level,,false,false,2026-02-12,Adzuna
Senior Manager - Data Science,Data Scientist,RP Data Pty,Australia,,,,,false,none,USD,Unspecified,Senior,,false,false,2026-02-02,Adzuna
Senior Data Scientist - APAC,Data Scientist,LexisNexis,Australia,Sydney,,,,false,none,USD,Unspecified,Senior,,false,false,2026-02-07,Adzuna
Data Science & Integration Manager,Data Scientist,Chubb Fire & Security,Australia,Rydalmere,,,,false,none,USD,Unspecified,Lead,,false,false,2026-02-15,Adzuna
Senior Data Scientist - APAC,Data Scientist,RELX INC,Australia,Sydney,,,,false,none,USD,Unspecified,Senior,,false,false,2026-02-06,Adzuna
Senior AI Data Scientist,Data Scientist,Cevo,Australia,The Rocks,,,,false,none,USD,Unspecified,Senior,,false,false,2026-02-21,Adzuna
Data Science Intern - 2026,Data Scientist,Blunomy,Australia,Melbourne CBD,,,,false,none,USD,Unspecified,Mid-level,,true,false,2026-01-31,Adzuna
Data Analyst/Data Scientist Intern,Data Scientist,Study and Work,Australia,Melbourne,,,,false,none,USD,Unspecified,Management,,true,false,2026-02-15,Adzuna
Data Analyst Internship Program 2026 | 12-Week Guaranteed Placement | Readygrad,Data Analyst / BI,Readygrad,Australia,,,,,false,none,USD,Unspecified,Mid-level,,true,false,2026-02-10,Adzuna
"Data Scientist, KYC Anti Fraud",Data Scientist,Binance,Australia,,,,,false,none,USD,Unspecified,Mid-level,,false,false,2026-01-24,Adzuna
"Chapter Lead, Data Science (Operations)",Data Scientist,Commonwealth Bank of Australia,Australia,,,,,false,none,USD,Unspecified,Lead,,false,false,2026-02-19,Adzuna
Demand Planning Data Scientist - Greystanes,Data Scientist,Wesfarmers Industrial & Safety,Australia,Wentworthville,,,,false,none,USD,Hybrid,Senior,,false,false,2026-02-03,Adzuna
Data Scientist (LLM) - Content Search,NLP / LLM Engineering,Binance,Australia,,,,,false,none,USD,Unspecified,Mid-level,,false,false,2025-08-19,Adzuna
Senior Data Scientist - Teams & Education - 12-month Contract (Open to remote across ANZ),Data Scientist,Canva,Australia,The Rocks,,,,false,none,USD,Remote,Senior,,false,false,2026-02-20,Adzuna
Freelance Data Science Engineer (Python & SQL),Data Scientist,Mindrift,Australia,Victoria,,,,false,none,USD,Unspecified,Mid-level,"Python, SQL",false,true,2026-02-18,Adzuna
Freelance Data Science Engineer (Python & SQL),Data Scientist,Mindrift,Australia,,,,,false,none,USD,Unspecified,Mid-level,"Python, SQL",false,true,2026-02-18,Adzuna
Freelance Data Science Engineer (Python & SQL),Data Scientist,Mindrift,Australia,Queensland,,,,false,none,USD,Unspecified,Mid-level,"Python, SQL",false,true,2026-02-18,Adzuna
Freelance Data Science Engineer (Python & SQL),Data Scientist,Mindrift,Australia,New South Wales,,,,false,none,USD,Unspecified,Mid-level,"Python, SQL",false,true,2026-02-18,Adzuna
"ASD 4, 5 & 6 Data Scientists",Data Scientist,APS,Australia,,54000,54000,54000,true,point_estimate,USD,Unspecified,Mid-level,,false,false,2026-02-14,Adzuna
"Data Scientist- Gen AI, Business Banking",Data Scientist,Commonwealth Bank of Australia,Australia,Sydney,,,,false,none,USD,Unspecified,Mid-level,,false,false,2026-02-11,Adzuna
"Senior Data Scientist, Algorithm (Relo to SF)",Data Scientist,Airwallex,Australia,Sydney,130000,162000,146000,false,range,USD,Unspecified,Senior,,false,false,2025-12-06,Adzuna
"Senior Data Scientist, Algorithm (Relo to SF)",Data Scientist,Airwallex,Australia,Melbourne,130000,162000,146000,false,range,USD,Unspecified,Senior,,false,true,2025-12-06,Adzuna
"Data Scientist, NLP & Trading Strategies (Quantitative)",NLP / LLM Engineering,Binance,Australia,,,,,false,none,USD,Unspecified,Mid-level,NLP,false,false,2025-10-26,Adzuna
"Data Science Intern, 2026 Summer Australia",Data Scientist,Atlassian,Australia,Sydney CBD,,,,false,none,USD,Unspecified,Mid-level,,true,false,2026-02-17,Adzuna
Senior Scientist (Geosciences/Hydrogeology/Data Science),Data Scientist,Queensland Government,Australia,Brisbane,,,,false,none,USD,Unspecified,Senior,,false,false,2026-02-19,Adzuna
"Senior Data Scientist, Analytics (Relo to SF)",Data Scientist,Airwallex,Australia,Melbourne,130000,162000,146000,false,range,USD,Unspecified,Senior,,false,false,2025-12-06,Adzuna
"Senior Data Scientist, Analytics (Relo to SF)",Data Scientist,Airwallex,Australia,Sydney,104000,162000,133000,false,range,USD,Unspecified,Senior,,false,true,2025-12-06,Adzuna
"Senior Data Scientist (Content Understanding, NLP)",NLP / LLM Engineering,Binance,Australia,,,,,false,none,USD,Unspecified,Senior,NLP,false,false,2026-01-10,Adzuna
STREAM Data Scientist / Environmental Data Specialist (Mid-Level),Data Scientist,Mulloon Institute,Australia,,58000,65000,61500,false,range,USD,Unspecified,Lead,,false,false,2026-02-17,Adzuna
Freelance Data Scientist (Python & SQL) - AI Trainer,AI Training & Annotation,Mindrift,Australia,Victoria,,,,false,none,USD,Unspecified,Mid-level,"Python, SQL",false,true,2026-02-18,Adzuna
Freelance Data Scientist (Python & SQL) - AI Trainer,AI Training & Annotation,Mindrift,Australia,Queensland,,,,false,none,USD,Unspecified,Mid-level,"Python, SQL",false,true,2026-02-18,Adzuna
Freelance Data Scientist (Python & SQL) - AI Trainer,AI Training & Annotation,Mindrift,Australia,,,,,false,none,USD,Unspecified,Mid-level,"Python, SQL",false,true,2026-02-18,Adzuna
Freelance Data Scientist (Python & SQL) - AI Trainer,AI Training & Annotation,Mindrift,Australia,New South Wales,,,,false,none,USD,Unspecified,Mid-level,"Python, SQL",false,true,2026-02-18,Adzuna
Data Scientist | LLM Engineer | Senior Associate/Manager,NLP / LLM Engineering,PricewaterhouseCoopers,Australia,Sydney,,,,false,none,USD,Unspecified,Junior,,false,false,2026-01-20,Adzuna
Binance Accelerator Program - Data Scientist (AI/LLM),NLP / LLM Engineering,Binance,Australia,,,,,false,none,USD,Unspecified,Mid-level,,false,false,2025-11-29,Adzuna
Principal Program Manager (AI and Data Science Platform Delivery),Data Scientist,Correlate Resources,Australia,Sydney,130000,169000,149500,false,range,USD,Unspecified,Lead,,false,false,2026-01-30,Adzuna
Principal Business Analyst (AI and Data Science Platform Delivery),Data Scientist,Correlate Resources,Australia,Sydney,117000,143000,130000,false,range,USD,Unspecified,Senior,,false,false,2026-01-30,Adzuna
"Data Scientist Senior Manager- Gen AI, Business Banking",Data Scientist,Commonwealth Bank of Australia,Australia,Sydney,,,,false,none,USD,Unspecified,Senior,,false,false,2026-02-12,Adzuna
"Binance Accelerator Program - Data Scientist, Risk (Machine Learning and Algorithms)",Data Scientist,Binance,Australia,,,,,false,none,USD,Unspecified,Mid-level,,false,false,2026-01-24,Adzuna
Associate Product Manager – Therapy Optimisation Services,AI Product & Program,ResMed,Australia,Baulkham Hills,,,,false,none,USD,Unspecified,Junior,,false,false,2026-02-20,Adzuna
Technology Associate Program (Traineeship),Other / Unclassified,Commonwealth Bank,Australia,The Rocks,,,,false,none,USD,Unspecified,Junior,,false,false,2026-02-17,Adzuna
Product Manager (Data),AI Product & Program,THE ICONIC,Australia,The Rocks,,,,false,none,USD,Unspecified,Junior,,false,false,2026-01-21,Adzuna
Life Scientist - Vegetation Structure & LiDAR Analysis,Other / Unclassified,ArborMeta,Australia,Ewingsdale,49000,50000,49500,false,range,USD,Unspecified,Mid-level,,false,false,2026-02-04,Adzuna
"Insights Lead - Consumer Performance, Risk & Executive Office",Other / Unclassified,Suncorp Group,Australia,Brisbane CBD,,,,false,none,USD,Unspecified,Senior,,false,false,2026-02-21,Adzuna
"Insights Lead - Consumer Performance, Risk & Executive Office",Other / Unclassified,Suncorp Group,Australia,Melbourne CBD,,,,false,none,USD,Unspecified,Senior,R,false,false,2026-02-21,Adzuna
"Insights Lead - Consumer Performance, Risk & Executive Office",Other / Unclassified,Suncorp Group,Australia,The Rocks,,,,false,none,USD,Unspecified,Senior,,false,false,2026-02-21,Adzuna
Senior Data Engineer - Data Intelligence - Data Products,Data Engineer,Culture Amp,Australia,The Rocks,,,,false,none,USD,Unspecified,Senior,,false,false,2026-02-20,Adzuna
Senior Data Engineer - Data Intelligence - Data Products,Data Engineer,Culture Amp,Australia,Melbourne CBD,,,,false,none,USD,Unspecified,Senior,,false,false,2026-02-20,Adzuna
Senior Data Engineer,Data Engineer,Bunnings,Australia,Victoria,,,,false,none,USD,Unspecified,Senior,,false,false,2026-02-20,Adzuna
Senior Data Engineer,Data Engineer,MYOB,Australia,Melbourne CBD,,,,false,none,USD,Unspecified,Senior,,false,false,2026-02-20,Adzuna
Expression of Interest - nbn 2027 Graduate Program,Other / Unclassified,NBN Co,Australia,The Rocks,,,,false,none,USD,Unspecified,Mid-level,,false,false,2025-07-29,Adzuna
Head of AI Portfolio & Value,Other / Unclassified,RACV,Australia,Melbourne CBD,,,,false,none,USD,Hybrid,Senior,,false,false,2026-02-20,Adzuna
Associate Product Manager – Therapy Optimisation Services,AI Product & Program,Resmed,Australia,,,,,false,none,USD,Unspecified,Junior,,false,false,2026-02-15,Adzuna
"OPEX - Analyst, Data Management - ASX Compliance",Data Analyst / BI,ASX,Australia,The Rocks,,,,false,none,USD,Unspecified,Junior,,false,false,2026-02-20,Adzuna
Head of AI Enablement,Other / Unclassified,RACV,Australia,Melbourne CBD,,,,false,none,USD,Hybrid,Senior,,false,false,2026-02-21,Adzuna
Analytics Transformation Manager,Data Analyst / BI,Woolworths Group,Australia,Baulkham Hills,,,,false,none,USD,Unspecified,Senior,R,false,false,2026-02-22,Adzuna
Associate Product Manager â Therapy Optimisation Services,AI Product & Program,ResMed,Australia,,,,,false,none,USD,Unspecified,Junior,,false,false,2026-02-13,Adzuna
"Senior Advisor, Ecosystem Data Partnerships",AI Consulting / Solutions,Minderoo Foundation,Australia,Perth,,,,false,none,USD,Unspecified,Senior,,false,false,2026-02-18,Adzuna
Analytics Engineer,Data Engineer,Talenza,Australia,Sydney,78000,84000,81000,false,range,USD,Hybrid,Mid-level,,false,false,2026-02-17,Adzuna
Omnichannel Marketing Insights Specialist,Other / Unclassified,Pfizer,Australia,The Rocks,,,,false,none,USD,Unspecified,Mid-level,,false,false,2026-02-21,Adzuna
Senior Software Engineer - RFAI (AU),AI Software Engineer,DroneShield,Australia,The Rocks,,,,false,none,USD,Unspecified,Senior,,false,false,2026-02-20,Adzuna
Asset Systems Analyst,Data Analyst / BI,Australian Gas Networks,Australia,Jandakot,,,,false,none,USD,Unspecified,Mid-level,,false,false,2026-02-20,Adzuna
"Associate Director, External Fraud Prevention",Other / Unclassified,Optus,Australia,New South Wales,,,,false,none,USD,Unspecified,Junior,,false,false,2026-02-20,Adzuna
Data Engineer,Data Engineer,MYOB,Australia,Melbourne CBD,,,,false,none,USD,Unspecified,Mid-level,,false,false,2026-02-20,Adzuna
"Senior Product Manager, AI Platform",MLOps / ML Infrastructure,Culture Amp,Australia,The Rocks,,,,false,none,USD,Unspecified,Senior,,false,false,2026-02-20,Adzuna
"Senior Product Manager, AI Platform",MLOps / ML Infrastructure,Culture Amp,Australia,Melbourne CBD,,,,false,none,USD,Unspecified,Senior,,false,false,2026-02-20,Adzuna
RAI Advisor,AI Consulting / Solutions,Accenture,Australia,Middle Park,,,,false,none,USD,Unspecified,Senior,,false,false,2026-02-20,Adzuna
"Data Engineering, Management & Governance Senior Manager/Manager/Associate Manager/Specialist",Data Engineer,Accenture,Australia,Melbourne CBD,,,,false,none,USD,Unspecified,Junior,,false,false,2026-02-20,Adzuna
Head of Tax,Other / Unclassified,Quantium,Australia,The Rocks,,,,false,none,USD,Unspecified,Senior,,false,false,2026-02-20,Adzuna
"Consulting Director, Client Advisory (Sydney or Melbourne)",AI Consulting / Solutions,Visa,Australia,Melbourne CBD,,,,false,none,USD,Unspecified,Management,,false,false,2026-02-20,Adzuna
Senior / Principal Analytics Engineer,Data Engineer,SEEK,Australia,Cremorne,,,,false,none,USD,Unspecified,Senior,,false,false,2026-02-12,Adzuna
Team Lead - DevOps,AI Software Engineer,Xero,Australia,Hawthorn,,,,false,none,USD,Unspecified,Lead,,false,false,2026-01-18,Adzuna
Team Lead - DevOps,AI Software Engineer,Xero,Australia,Sydney,,,,false,none,USD,Unspecified,Lead,,false,true,2026-01-18,Adzuna
Team Lead - DevOps,AI Software Engineer,Xero,Australia,East Brisbane,,,,false,none,USD,Unspecified,Lead,,false,true,2026-01-18,Adzuna
Data Engineer / Databricks,Data Engineer,Ingrity,Australia,The Rocks,,,,false,none,USD,Unspecified,Mid-level,,false,false,2026-02-20,Adzuna
Snr Data Engineer - GCP,Data Engineer,Ingrity,Australia,The Rocks,,,,false,none,USD,Unspecified,Senior,GCP,false,false,2026-02-20,Adzuna
Actuary,Other / Unclassified,GMHBA Limited,Australia,South Geelong,,,,false,none,USD,Hybrid,Senior,,false,false,2026-02-20,Adzuna
Senior Data Engineer,Data Engineer,KINESSO Australia,Australia,The Rocks,,,,false,none,USD,Unspecified,Senior,,false,false,2026-02-20,Adzuna
Staff Software Engineer - Frontend Telemetry (Remote across ANZ),AI Software Engineer,Canva,Australia,The Rocks,,,,false,none,USD,Remote,Senior,,false,false,2025-11-24,Adzuna
Internship with BizCover and join the Future of Insurance,Other / Unclassified,Bizcover,Australia,The Rocks,,,,false,none,USD,Unspecified,Mid-level,,true,false,2025-12-02,Adzuna
Data Modeller,Other / Unclassified,Mane Consulting,Australia,Sydney,152000,186000,169000,false,range,USD,Unspecified,Mid-level,,false,false,2026-02-06,Adzuna
AI Consultant,AI Consulting / Solutions,Accenture,Australia,Barton,,,,false,none,USD,Unspecified,Mid-level,,false,false,2026-02-20,Adzuna
Responsible AI Advisor,AI Consulting / Solutions,Accenture,Australia,Middle Park,,,,false,none,USD,Unspecified,Senior,,false,false,2026-02-20,Adzuna
Head of Growth Analytics,Data Analyst / BI,Crypto.com,Australia,Sydney,,,,false,none,USD,Unspecified,Lead,,false,false,2026-01-30,Adzuna
Head of Growth Analytics,Data Analyst / BI,Crypto.com,Australia,Melbourne,,,,false,none,USD,Unspecified,Lead,,false,true,2026-01-25,Adzuna
Quantitative Analyst,Data Analyst / BI,Credit Corp Group,Australia,,,,,false,none,USD,Unspecified,Mid-level,,false,false,2025-12-02,Adzuna
Senior Actuarial Analyst,Data Analyst / BI,Suncorp Group,Australia,Brisbane CBD,,,,false,none,USD,Hybrid,Senior,,false,false,2026-02-20,Adzuna
Data Engineer - VisionAI (AU),Data Engineer,DroneShield,Australia,Sydney,,,,false,none,USD,Unspecified,Mid-level,Computer Vision,false,false,2025-09-25,Adzuna
Digital Delivery Manager (PMO) - Whiteshield,AI Product & Program,Whiteshield,Australia,The Rocks,,,,false,none,USD,Unspecified,Management,,false,false,2026-02-13,Adzuna
Head of Digital Platform Engineering,AI Software Engineer,Professional Search Group,Australia,West Melbourne,,,,false,none,USD,Hybrid,Senior,,false,false,2026-02-21,Adzuna
"Freelance- Translators/Linguists, French into English",Other / Unclassified,IQVIA,Australia,,,,,false,none,USD,Unspecified,Mid-level,,false,false,2025-08-02,Adzuna
"Freelance- Translators/Linguists, Finnish into English",Other / Unclassified,IQVIA,Australia,,,,,false,none,USD,Unspecified,Mid-level,,false,false,2025-04-29,Adzuna
"Freelance- Translators/Linguists, English into Thai",Other / Unclassified,IQVIA,Australia,,,,,false,none,USD,Unspecified,Mid-level,,false,false,2025-10-15,Adzuna
"Freelance- Translators/Linguists, English into Hungarian",Other / Unclassified,IQVIA,Australia,,,,,false,none,USD,Unspecified,Mid-level,,false,false,2026-01-14,Adzuna
"Freelance- Translators/Linguists, Albanian into English",Other / Unclassified,IQVIA,Australia,,,,,false,none,USD,Unspecified,Mid-level,,false,false,2026-01-16,Adzuna
"Freelance- Translators/Linguists, English into Malay",Other / Unclassified,IQVIA,Australia,,,,,false,none,USD,Unspecified,Mid-level,,false,false,2025-12-31,Adzuna
"Freelance- Translators/Linguists, English into Haitian",Other / Unclassified,IQVIA,Australia,,,,,false,none,USD,Unspecified,Mid-level,,false,false,2025-09-03,Adzuna
"Freelance- Translators/Linguists, English into Lithuanian",Other / Unclassified,IQVIA,Australia,,,,,false,none,USD,Unspecified,Mid-level,,false,false,2025-10-16,Adzuna
"Freelance- Translators/Linguists, English into Kasem",Other / Unclassified,IQVIA,Australia,,,,,false,none,USD,Unspecified,Mid-level,,false,false,2025-09-22,Adzuna
Azure AI Solution Architect,AI Consulting / Solutions,Sirius People,Australia,Victoria,117000,143000,130000,false,range,USD,Unspecified,Lead,Azure,false,false,2026-02-05,Adzuna
Senior ML Engineer,Machine Learning Engineer,Zendesk,Australia,Melbourne CBD,,,,false,none,USD,Unspecified,Senior,,false,false,2026-02-20,Adzuna
Staff Software Engineer – iOS (Native Mobile),AI Software Engineer,Commonwealth Bank,Australia,The Rocks,,,,false,none,USD,Unspecified,Senior,Python,false,false,2026-02-20,Adzuna
Technical Translator,Other / Unclassified,Red Hat,Australia,,,,,false,none,USD,Remote,Mid-level,,false,false,2026-02-18,Adzuna
Staff Software Engineer – iOS (Native Mobile),AI Software Engineer,Commonwealth Bank of Australia,Australia,,,,,false,none,USD,Unspecified,Lead,Python,false,false,2026-02-15,Adzuna
Prompt Engineers,NLP / LLM Engineering,Forhyre,Australia,Sydney,58000,88000,73000,false,range,USD,Unspecified,Mid-level,,false,true,2023-09-13,Adzuna
Amazon QuickSight / Prompt Engineering,NLP / LLM Engineering,INGRITY,Australia,Sydney,,,,false,none,USD,Unspecified,Mid-level,,false,false,2026-01-13,Adzuna
Amazon QuickSight | Contract,Other / Unclassified,Ingrity,Australia,Sydney,,,,false,none,USD,Unspecified,Mid-level,,false,false,2026-02-07,Adzuna
Software Engineering II,AI Software Engineer,Microsoft,Australia,The Rocks,,,,false,none,USD,Unspecified,Senior,Azure,false,false,2026-02-20,Adzuna
Data Engineer,Data Engineer,Australian Prudential Regulation Authority,Australia,The Rocks,,,,false,none,USD,Unspecified,Mid-level,,false,false,2026-02-07,Adzuna
Data Engineer,Data Engineer,APRA Talent,Australia,Sydney,,,,false,none,USD,Unspecified,Mid-level,,false,false,2026-02-07,Adzuna
Binance Accelerator Program - LLM Model Training & Data Processing,NLP / LLM Engineering,Binance,Australia,,,,,false,none,USD,Unspecified,Mid-level,,false,false,2026-01-25,Adzuna
Full-Stack Developer,AI Software Engineer,TechBiz Global GmbH,Australia,,,,,false,none,USD,Unspecified,Mid-level,"Python, OpenAI",false,true,2026-02-12,Adzuna
Thai Language Specialist - Freelance AI Trainer Project,AI Training & Annotation,Invisible Agency,Australia,Sydney,,,,false,none,USD,Unspecified,Mid-level,,false,false,2025-11-01,Adzuna
Japanese Language Specialist - Freelance AI Trainer Project,AI Training & Annotation,Invisible Agency,Australia,Sydney,,,,false,none,USD,Unspecified,Mid-level,,false,false,2025-11-01,Adzuna
Vietnamese Language Specialist - Freelance AI Trainer Project,AI Training & Annotation,Invisible Agency,Australia,Sydney,,,,false,none,USD,Unspecified,Mid-level,,false,true,2025-11-01,Adzuna
Medicine Specialist - Freelance AI Trainer Project,AI Training & Annotation,Invisible Agency,Australia,Sydney,,,,false,none,USD,Unspecified,Mid-level,,false,false,2025-08-10,Adzuna
Product Designer,Other / Unclassified,REA Group,Australia,Richmond North,,,,false,none,USD,Unspecified,Mid-level,,false,false,2026-02-20,Adzuna
Associate GTM Operations Engineer,Other / Unclassified,Immutable,Australia,The Rocks,,,,false,none,USD,Unspecified,Junior,,false,false,2026-02-20,Adzuna
Product Governance Lead,Other / Unclassified,PredictX,Australia,,,,,false,none,USD,Unspecified,Lead,,false,false,2026-02-15,Adzuna
Chapter Lead – Test Engineering,Other / Unclassified,Job Details,Australia,Melbourne CBD,,,,false,none,USD,Hybrid,Lead,,false,false,2026-02-14,Adzuna
Junior Frontend Website Developer,AI Software Engineer,Heidi Health,Australia,Mortlake,,,,false,none,USD,Unspecified,Junior,,false,false,2026-01-15,Adzuna
Medical AI Specialist,AI Engineer,Heidi,Australia,Melbourne,,,,false,none,USD,Unspecified,Mid-level,,false,false,2025-11-03,Adzuna
"Senior AI/ML Architect, Applied Field Engineering/Field CTO",AI Engineer,Snowflake,Australia,Sydney,,,,false,none,USD,Unspecified,Senior,,false,false,2025-12-19,Adzuna
"Senior AI/ML Architect, Applied Field Engineering",AI Engineer,Snowflake,Australia,Melbourne,,,,false,none,USD,Unspecified,Senior,,false,false,2025-12-25,Adzuna
AI Solutions Consultant,AI Consulting / Solutions,OUI Recruitment,Australia,Perth,52000,52000,52000,true,point_estimate,USD,Unspecified,Mid-level,,false,false,2026-02-04,Adzuna
"Agentic Experience Specialist, Salesforce Platform",Other / Unclassified,Salesforce,Australia,Melbourne CBD,,,,false,none,USD,Unspecified,Mid-level,,false,false,2026-02-20,Adzuna
AI Analyst,Data Analyst / BI,Pepper Group,Australia,North Sydney,,,,false,none,USD,Unspecified,Mid-level,,false,false,2026-02-15,Adzuna
"Senior Product Manager, Survey Design",AI Product & Program,Culture Amp,Australia,Melbourne CBD,,,,false,none,USD,Unspecified,Senior,,false,false,2026-02-20,Adzuna
"Senior Product Manager, Survey Design",AI Product & Program,Culture Amp,Australia,The Rocks,,,,false,none,USD,Unspecified,Senior,,false,false,2026-02-20,Adzuna
PhD Research Internship - Generative AI,AI / ML Research,Oracle,Australia,,,,,false,none,USD,Unspecified,Mid-level,,true,false,2026-01-15,Adzuna
Forward Deployed Engineer - Sydney,Other / Unclassified,Aircall,Australia,The Rocks,,,,false,none,USD,Unspecified,Mid-level,,false,false,2026-02-20,Adzuna
Senior / Principal / Sr Principal Applied Scientist,AI / ML Research,Oracle,Australia,,,,,false,none,USD,Unspecified,Senior,,false,false,2025-12-05,Adzuna
Content Marketing Lead,Other / Unclassified,Envato,Australia,,,,,false,none,USD,Unspecified,Lead,,false,false,2026-01-23,Adzuna
Product Designer,Other / Unclassified,REA Group,Australia,Richmond,,,,false,none,USD,Unspecified,Mid-level,,false,false,2026-02-08,Adzuna
Junior Frontend Website Developer,AI Software Engineer,Heidi,Australia,Melbourne,,,,false,none,USD,Unspecified,Junior,,false,false,2026-01-16,Adzuna
Senior Sales Engineer (Australia),Other / Unclassified,Uniphore Technologies North America,Australia,,,,,false,none,USD,Unspecified,Senior,,false,false,2026-01-10,Adzuna
Software Engineering II,AI Software Engineer,Microsoft Corporation,Australia,Sydney,,,,false,none,USD,Unspecified,Mid-level,Azure,false,false,2026-02-06,Adzuna
Data Engineer,Data Engineer,St Vincent’s Health Australia,Australia,,,,,false,none,USD,Unspecified,Lead,,false,false,2026-01-23,Adzuna
Associate GTM Operations Engineer,Other / Unclassified,Immutable,Australia,Sydney,,,,false,none,USD,Hybrid,Junior,,false,false,2025-12-10,Adzuna
Senior Electrical Engineer,Other / Unclassified,Enemix,Australia,Melbourne,,,,false,none,USD,Hybrid,Senior,,false,false,2025-11-30,Adzuna
"Senior Product Manager, Survey Design",AI Product & Program,Culture Amp,Australia,Sydney,,,,false,none,USD,Unspecified,Senior,,false,false,2026-01-21,Adzuna
"Senior Product Manager, Survey Design",AI Product & Program,Culture Amp,Australia,Melbourne,,,,false,none,USD,Unspecified,Senior,,false,true,2026-01-21,Adzuna
"Delivery Consultant: Software Engineer (.Net / Java), AWS Professional Services",AI Software Engineer,Amazon,Australia,Melbourne,,,,false,none,USD,Unspecified,Mid-level,AWS,false,false,2026-02-20,Adzuna
"Senior Product Manager, AI Platform",MLOps / ML Infrastructure,Culture Amp,Australia,Melbourne,,,,false,none,USD,Unspecified,Senior,,false,false,2026-01-29,Adzuna
"Senior Product Manager, AI Platform",MLOps / ML Infrastructure,Culture Amp,Australia,Sydney,,,,false,none,USD,Unspecified,Senior,,false,true,2026-01-29,Adzuna
"Sr AI/ML Specialist Solutions Architect, AI/ML Specialist Solutions Architect team",AI Engineer,Amazon,Australia,The Rocks,,,,false,none,USD,Unspecified,Senior,,false,false,2026-02-21,Adzuna
Forward Deployed Engineer,Other / Unclassified,Aircall,Australia,Sydney,,,,false,none,USD,Unspecified,Mid-level,,false,false,2025-11-28,Adzuna
"Sr AI/ML Specialist Solutions Architect, AI/ML Specialist Solutions Architect team",AI Engineer,Amazon,Australia,Sydney,,,,false,none,USD,Unspecified,Senior,,false,false,2026-01-30,Adzuna
"Utility Account Manager, VIC & TAS",Other / Unclassified,TE Connectivity,Australia,,,,,false,none,USD,Unspecified,Management,,false,false,2026-01-15,Adzuna
"Outcome Customer Engineer, Google Cloud",AI Consulting / Solutions,Google,Australia,Docklands,,,,false,none,USD,Unspecified,Junior,,false,false,2026-01-23,Adzuna
"Outcome Customer Engineer, Google Cloud",AI Consulting / Solutions,Google,Australia,Sydney,,,,false,none,USD,Unspecified,Junior,,false,true,2026-01-23,Adzuna
MLOps Engineer,MLOps / ML Infrastructure,Mane Consulting,Australia,Melbourne,104000,117000,110500,false,range,USD,Unspecified,Mid-level,,false,false,2026-02-08,Adzuna
Senior Computer Vision Data Engineer,Computer Vision,Sonitec,Australia,The Rocks,,,,false,none,USD,Unspecified,Senior,Computer Vision,false,false,2025-07-31,Adzuna
Principal Data Engineer - Fabric,Data Engineer,City of Moreton Bay,Australia,Brisbane CBD,,,,false,none,USD,Hybrid,Senior,,false,false,2026-02-21,Adzuna
Principal Consultant - Secure AI,AI Consulting / Solutions,CyberCX,Australia,Perth CBD,,,,false,none,USD,Unspecified,Senior,,false,false,2026-02-21,Adzuna
Gen AI Architect Google,AI Engineer,NCS Australia,Australia,Sydney,,,,false,none,USD,Unspecified,Senior,,false,false,2026-02-11,Adzuna
Senior Backend Engineer - Data Engineering team (AU),Data Engineer,DroneShield,Australia,Sydney,,,,false,none,USD,Unspecified,Senior,,false,false,2025-12-13,Adzuna
RAI Specialist,Other / Unclassified,Accenture,Australia,The Rocks,,,,false,none,USD,Unspecified,Mid-level,,false,false,2026-02-20,Adzuna
Data Engineer - SensorFusionAI (AU),Data Engineer,DroneShield,Australia,Sydney,,,,false,none,USD,Unspecified,Lead,,false,false,2025-07-31,Adzuna
Senior Consultant - Secure AI,AI Consulting / Solutions,CyberCX,Australia,Perth CBD,,,,false,none,USD,Unspecified,Senior,,false,false,2026-02-21,Adzuna
Technical Director - Secure AI,Other / Unclassified,CyberCX,Australia,Perth CBD,,,,false,none,USD,Unspecified,Senior,,false,false,2026-02-21,Adzuna
Gen AI Architect Azure,AI Engineer,NCS Australia,Australia,Sydney,,,,false,none,USD,Unspecified,Mid-level,"OpenAI, Azure",false,false,2026-02-20,Adzuna
Data Engineer,Data Engineer,Charterhouse Recruitment,Australia,,91000,104000,97500,false,range,USD,Unspecified,Mid-level,,false,false,2026-02-14,Adzuna
Principal Data Engineer - Fabric,Data Engineer,Moreton Bay Regional Council,Australia,,,,,false,none,USD,Hybrid,Lead,,false,false,2026-02-17,Adzuna
Analytics Engineer,Data Engineer,Airtasker,Australia,Sydney,,,,false,none,USD,Unspecified,Mid-level,,false,false,2025-11-28,Adzuna
Fractional CTO / AI Strategy Council - Remote (Contractor),Other / Unclassified,Human Intelligence,Australia,Middle Park,,,,false,none,USD,Remote,Mid-level,,false,true,2025-12-13,Adzuna
Developer Relations Manager - ANZ,AI Software Engineer,NVIDIA,Australia,,,,,false,none,USD,Unspecified,Management,,false,false,2025-11-06,Adzuna
"AI Sales Specialist, Google Cloud",Other / Unclassified,Google,Australia,Melbourne,,,,false,none,USD,Unspecified,Mid-level,,false,false,2026-02-22,Adzuna
"AI Sales Specialist, Google Cloud",Other / Unclassified,Google,Australia,Sydney,,,,false,none,USD,Unspecified,Mid-level,,false,true,2026-02-22,Adzuna
Principal Data and Application Engineer,Other / Unclassified,City of Moreton Bay,Australia,Brisbane CBD,,,,false,none,USD,Hybrid,Senior,,false,false,2026-02-21,Adzuna
Data Architect,Data Engineer,Innovior Pty,Australia,,,,,false,none,USD,Unspecified,Lead,AWS,false,false,2026-01-31,Adzuna
Senior Deep Learning Engineer (R4258),Machine Learning Engineer,Shield AI,Australia,Melbourne,,,,false,none,USD,Unspecified,Senior,,false,false,2025-12-14,Adzuna
Strategic Analytics Operations Senior Specialist,Data Analyst / BI,Essential Energy,Australia,New South Wales,,,,false,none,USD,Unspecified,Senior,,false,false,2026-02-06,Adzuna
Data Engineer,Data Engineer,MYOB,Australia,,,,,false,none,USD,Unspecified,Mid-level,,false,false,2026-02-05,Adzuna
Customer Data and AI Architect,AI Consulting / Solutions,News Corp,Australia,Surry Hills,,,,false,none,USD,Unspecified,Senior,,false,false,2025-12-21,Adzuna
Solutions Architect,AI Consulting / Solutions,NVIDIA,Australia,,,,,false,none,USD,Unspecified,Mid-level,,false,false,2025-12-02,Adzuna
Principal Solution Engineer,AI Consulting / Solutions,Snowflake,Australia,Sydney,,,,false,none,USD,Unspecified,Lead,,false,false,2025-12-13,Adzuna
Senior Data Engineer,Data Engineer,MYOB,Australia,,,,,false,none,USD,Unspecified,Senior,,false,false,2025-12-20,Adzuna
Principal Solution Engineer,AI Consulting / Solutions,Snowflake,Australia,Melbourne,,,,false,none,USD,Unspecified,Lead,,false,true,2025-12-13,Adzuna
AI/ML Computational Science Sr Manager,AI Engineer,Accenture,Australia,,,,,false,none,USD,Unspecified,Senior,,false,false,2026-02-11,Adzuna
"AI Sales Specialist, Google Cloud",Other / Unclassified,Google,Australia,Canberra Region,,,,false,none,USD,Unspecified,Mid-level,,false,false,2026-01-25,Adzuna
Principal Data and Application Engineer,Other / Unclassified,Moreton Bay Regional Council,Australia,,,,,false,none,USD,Hybrid,Lead,,false,false,2026-02-17,Adzuna
AI Factory / HPA Technical Solutions Architect,AI Consulting / Solutions,World Wide Technology,Australia,Sydney,,,,false,none,USD,Unspecified,Mid-level,,false,false,2025-10-31,Adzuna
Computer Vision Engineer (C++),Computer Vision,Shield AI,Australia,Melbourne,,,,false,none,USD,Unspecified,Mid-level,Computer Vision,false,false,2026-01-17,Adzuna
Senior Software Engineer - Computer Vision,Computer Vision,LexisNexis Risk Solutions,Australia,,,,,false,none,USD,Unspecified,Senior,Computer Vision,false,false,2025-11-23,Adzuna
Senior Software Engineer - Computer Vision,Computer Vision,RELX INC,Australia,North Sydney,,,,false,none,USD,Unspecified,Senior,Computer Vision,false,false,2025-06-08,Adzuna
Senior Software Engineer - Computer Vision,Computer Vision,RELX INC,Australia,Melbourne,,,,false,none,USD,Unspecified,Senior,Computer Vision,false,true,2025-07-02,Adzuna
AI/ML Discipline Lead,AI Engineer,Swordfish HR,Australia,,,,,false,none,USD,Unspecified,Senior,,false,false,2026-01-31,Adzuna
Senior Product Manager - AI Research,AI / ML Research,Canva,Australia,The Rocks,,,,false,none,USD,Unspecified,Senior,,false,false,2026-02-22,Adzuna
AI Research Resident,AI / ML Research,Maincode,Australia,,,,,false,none,USD,Unspecified,Mid-level,Fine-tuning,false,false,2025-10-16,Adzuna
Robotics Scientist,Other / Unclassified,Maincode,Australia,Melbourne,98000,117000,107500,false,range,USD,Unspecified,Mid-level,,false,false,2025-10-12,Adzuna
Mechatronics Scientist,Other / Unclassified,Maincode,Australia,Melbourne,98000,117000,107500,false,range,USD,Unspecified,Mid-level,,false,false,2025-10-12,Adzuna
Medical Expert,Other / Unclassified,Weekday AI,Australia,,,,,false,none,USD,Unspecified,Mid-level,,false,true,2025-10-13,Adzuna
Principal Investigator – AI Residency Program,Other / Unclassified,Maincode,Australia,,,,,false,none,USD,Unspecified,Lead,Fine-tuning,false,false,2025-08-12,Adzuna
Scientific and Analytical Software Expert,Other / Unclassified,Mercor,Australia,Leigh Creek,,,,false,none,USD,Remote,Junior,,false,false,2026-02-06,Adzuna
Creative Software Expert,Other / Unclassified,Mercor,Australia,Barton,,,,false,none,USD,Remote,Junior,,false,false,2026-02-06,Adzuna
"Operating System Expert (Windows, MacOS, Linux)",Other / Unclassified,Mercor,Australia,Perth CBD,,,,false,none,USD,Remote,Junior,,false,false,2026-02-06,Adzuna
Development & Programming Expert,Other / Unclassified,Mercor,Australia,Largs North,,,,false,none,USD,Remote,Junior,,false,false,2026-02-06,Adzuna
Office Suite Expert,Other / Unclassified,Mercor,Australia,Geebung,,,,false,none,USD,Remote,Junior,,false,false,2026-02-06,Adzuna
"Operating System Expert (Windows, MacOS, Linux)",Other / Unclassified,Mercor,Australia,The Rocks,,,,false,none,USD,Remote,Junior,,false,true,2026-02-06,Adzuna
Scientific and Analytical Software Expert,Other / Unclassified,Mercor,Australia,The Rocks,,,,false,none,USD,Remote,Junior,,false,true,2026-02-06,Adzuna
CAD and Engineering Expert,Other / Unclassified,Mercor,Australia,The Rocks,,,,false,none,USD,Remote,Junior,,false,false,2026-02-06,Adzuna
Scientific and Analytical Software Expert,Other / Unclassified,Mercor,Australia,Perth CBD,,,,false,none,USD,Remote,Junior,,false,true,2026-02-06,Adzuna
Creative Software Expert,Other / Unclassified,Mercor,Australia,The Rocks,,,,false,none,USD,Remote,Junior,,false,true,2026-02-06,Adzuna
CAD and Engineering Expert,Other / Unclassified,Mercor,Australia,Geebung,,,,false,none,USD,Remote,Junior,,false,true,2026-02-06,Adzuna
Office Suite Expert,Other / Unclassified,Mercor,Australia,Perth CBD,,,,false,none,USD,Remote,Junior,,false,true,2026-02-06,Adzuna
Creative Software Expert,Other / Unclassified,Mercor,Australia,Largs North,,,,false,none,USD,Remote,Junior,,false,true,2026-02-06,Adzuna
CAD and Engineering Expert,Other / Unclassified,Mercor,Australia,,,,,false,none,USD,Remote,Junior,,false,true,2026-02-06,Adzuna
Development & Programming Expert,Other / Unclassified,Mercor,Australia,Leigh Creek,,,,false,none,USD,Remote,Junior,,false,true,2026-02-06,Adzuna
Scientific and Analytical Software Expert,Other / Unclassified,Mercor,Australia,Largs North,,,,false,none,USD,Remote,Junior,,false,true,2026-02-06,Adzuna
Scientific and Analytical Software Expert,Other / Unclassified,Mercor,Australia,,,,,false,none,USD,Remote,Junior,,false,true,2026-02-06,Adzuna
Office Suite Expert,Other / Unclassified,Mercor,Australia,Leigh Creek,,,,false,none,USD,Remote,Junior,,false,true,2026-02-06,Adzuna
CAD and Engineering Expert,Other / Unclassified,Mercor,Australia,Largs North,,,,false,none,USD,Remote,Junior,,false,true,2026-02-06,Adzuna
Office Suite Expert,Other / Unclassified,Mercor,Australia,,,,,false,none,USD,Remote,Junior,,false,true,2026-02-06,Adzuna
Development & Programming Expert,Other / Unclassified,Mercor,Australia,Barton,,,,false,none,USD,Remote,Junior,,false,true,2026-02-06,Adzuna
Office Suite Expert,Other / Unclassified,Mercor,Australia,Barton,,,,false,none,USD,Remote,Junior,,false,true,2026-02-06,Adzuna
Development & Programming Expert,Other / Unclassified,Mercor,Australia,Geebung,,,,false,none,USD,Remote,Junior,,false,true,2026-02-06,Adzuna
Development & Programming Expert,Other / Unclassified,Mercor,Australia,The Rocks,,,,false,none,USD,Remote,Junior,,false,true,2026-02-06,Adzuna
"Operating System Expert (Windows, MacOS, Linux)",Other / Unclassified,Mercor,Australia,Barton,,,,false,none,USD,Remote,Junior,,false,true,2026-02-06,Adzuna
Office Suite Expert,Other / Unclassified,Mercor,Australia,The Rocks,,,,false,none,USD,Remote,Junior,,false,true,2026-02-06,Adzuna
"Operating System Expert (Windows, MacOS, Linux)",Other / Unclassified,Mercor,Australia,,,,,false,none,USD,Remote,Junior,,false,true,2026-02-06,Adzuna
Development & Programming Expert,Other / Unclassified,Mercor,Australia,Perth CBD,,,,false,none,USD,Remote,Junior,,false,true,2026-02-06,Adzuna
Creative Software Expert,Other / Unclassified,Mercor,Australia,Perth CBD,,,,false,none,USD,Remote,Junior,,false,true,2026-02-06,Adzuna
Scientific and Analytical Software Expert,Other / Unclassified,Mercor,Australia,Geebung,,,,false,none,USD,Remote,Junior,,false,true,2026-02-06,Adzuna
Office Suite Expert,Other / Unclassified,Mercor,Australia,Largs North,,,,false,none,USD,Remote,Junior,,false,true,2026-02-06,Adzuna
"Operating System Expert (Windows, MacOS, Linux)",Other / Unclassified,Mercor,Australia,Largs North,,,,false,none,USD,Remote,Junior,,false,true,2026-02-06,Adzuna
Creative Software Expert,Other / Unclassified,Mercor,Australia,Geebung,,,,false,none,USD,Remote,Junior,,false,true,2026-02-06,Adzuna
"Operating System Expert (Windows, MacOS, Linux)",Other / Unclassified,Mercor,Australia,Leigh Creek,,,,false,none,USD,Remote,Junior,,false,true,2026-02-06,Adzuna
CAD and Engineering Expert,Other / Unclassified,Mercor,Australia,Perth CBD,,,,false,none,USD,Remote,Junior,,false,true,2026-02-06,Adzuna
Creative Software Expert,Other / Unclassified,Mercor,Australia,Leigh Creek,,,,false,none,USD,Remote,Junior,,false,true,2026-02-06,Adzuna
STEM PhDs (Medicine) AI Trainer,AI Training & Annotation,Weekday AI,Australia,,,,,false,none,USD,Unspecified,Mid-level,,false,true,2025-10-01,Adzuna
STEM PhDs (Physics) AI Trainer,AI Training & Annotation,Weekday AI,Australia,,,,,false,none,USD,Unspecified,Mid-level,,false,true,2025-10-01,Adzuna
CAD and Engineering Expert,Other / Unclassified,Mercor,Australia,Leigh Creek,,,,false,none,USD,Remote,Junior,,false,true,2026-02-06,Adzuna
CAD and Engineering Expert,Other / Unclassified,Mercor,Australia,Barton,,,,false,none,USD,Remote,Junior,,false,true,2026-02-06,Adzuna
Creative Software Expert,Other / Unclassified,Mercor,Australia,,,,,false,none,USD,Remote,Junior,,false,true,2026-02-06,Adzuna
Scientific and Analytical Software Expert,Other / Unclassified,Mercor,Australia,Barton,,,,false,none,USD,Remote,Junior,,false,true,2026-02-06,Adzuna
"Operating System Expert (Windows, MacOS, Linux)",Other / Unclassified,Mercor,Australia,Geebung,,,,false,none,USD,Remote,Junior,,false,true,2026-02-06,Adzuna
Development & Programming Expert,Other / Unclassified,Mercor,Australia,,,,,false,none,USD,Remote,Junior,,false,true,2026-02-06,Adzuna
STEM PhDs (Computer Science) AI Trainer,AI Training & Annotation,Weekday AI,Australia,,,,,false,none,USD,Unspecified,Mid-level,,false,true,2025-10-01,Adzuna
STEM PhDs - Math,AI Training & Annotation,Weekday AI,Australia,,,,,false,none,USD,Unspecified,Mid-level,,false,true,2025-10-24,Adzuna
Legal Expert,Other / Unclassified,Weekday AI,Australia,,,,,false,none,USD,Unspecified,Mid-level,,false,true,2025-10-01,Adzuna
Biology PhDs (Wet Lab Experience) AI Trainer,AI Training & Annotation,Weekday AI,Australia,,,,,false,none,USD,Unspecified,Mid-level,,false,true,2025-10-01,Adzuna
Bioinformatics PhDs,AI Training & Annotation,Weekday AI,Australia,,,,,false,none,USD,Unspecified,Mid-level,,false,true,2025-11-11,Adzuna
"Enterprise Account Executive, Digital Native Business",Other / Unclassified,Anthropic,Australia,Sydney,,,,false,none,USD,Unspecified,Mid-level,,false,false,2026-01-18,Adzuna
Senior Software Engineer,AI Software Engineer,Leonardo.ai,Australia,Gold Coast Region,,,,false,none,USD,Unspecified,Senior,,false,false,2026-02-20,Adzuna
Senior Software Engineer,AI Software Engineer,Leonardo.ai,Australia,Brisbane CBD,,,,false,none,USD,Unspecified,Senior,,false,false,2026-02-20,Adzuna
Senior Software Engineer,AI Software Engineer,Leonardo.ai,Australia,The Rocks,,,,false,none,USD,Unspecified,Senior,,false,false,2026-02-20,Adzuna
Sales Development Representative,Other / Unclassified,Darktrace,Australia,The Rocks,,,,false,none,USD,Unspecified,Junior,,false,false,2026-02-21,Adzuna
Finance AI Specialist,AI Engineer,Weekday AI,Australia,,,,,false,none,USD,Unspecified,Mid-level,,false,true,2025-11-03,Adzuna
Financial Advising Expert,Other / Unclassified,Weekday AI,Australia,,,,,false,none,USD,Unspecified,Mid-level,,false,true,2025-10-01,Adzuna
Physics Researcher (Python) - Freelance AI Trainer,AI Training & Annotation,Mindrift,Australia,Queensland,,,,false,none,USD,Unspecified,Mid-level,Python,false,true,2026-02-22,Adzuna
Physics Researcher (Python) - Freelance AI Trainer,AI Training & Annotation,Mindrift,Australia,,,,,false,none,USD,Unspecified,Mid-level,Python,false,true,2026-02-22,Adzuna
Physics Researcher (Python) - Freelance AI Trainer,AI Training & Annotation,Mindrift,Australia,New South Wales,,,,false,none,USD,Unspecified,Mid-level,Python,false,true,2026-02-22,Adzuna
Physics Researcher (Python) - Freelance AI Trainer,AI Training & Annotation,Mindrift,Australia,Victoria,,,,false,none,USD,Unspecified,Mid-level,Python,false,true,2026-02-22,Adzuna
B2B Digital Marketing & AI Strategy Intern (Education Sector) - Melbourne,Other / Unclassified,Study and Work,Australia,Melbourne,,,,false,none,USD,Unspecified,Mid-level,,true,false,2026-02-22,Adzuna
Senior Software Engineer,AI Software Engineer,Leonardo.ai,Australia,Melbourne CBD,,,,false,none,USD,Unspecified,Senior,,false,false,2025-12-01,Adzuna
"Enterprise Account Executive, Industries Generalist",Other / Unclassified,Anthropic,Australia,Sydney,,,,false,none,USD,Unspecified,Mid-level,,false,false,2026-01-18,Adzuna
Startup Account Executive,Other / Unclassified,Anthropic,Australia,Sydney,,,,false,none,USD,Unspecified,Mid-level,,false,false,2026-02-08,Adzuna
Workplace Experience Coordinator,Other / Unclassified,JLL,Australia,The Rocks,,,,false,none,USD,Unspecified,Junior,,false,false,2026-02-20,Adzuna
"Finance & Strategy, Deal Desk (APAC)",Other / Unclassified,Anthropic,Australia,Sydney,,,,false,none,USD,Unspecified,Mid-level,,false,false,2026-02-21,Adzuna
"Solutions Architect, Applied AI",AI Consulting / Solutions,Anthropic,Australia,Sydney,,,,false,none,USD,Unspecified,Mid-level,,false,false,2026-02-15,Adzuna
Senior Software Engineer | AU (Python),AI Software Engineer,Harrison.ai,Australia,The Rocks,,,,false,none,USD,Unspecified,Senior,Python,false,false,2025-07-29,Adzuna
AI Training Expert - Perth,Other / Unclassified,Prolific,Australia,Perth,,,,false,none,USD,Unspecified,Mid-level,,false,false,2026-01-31,Adzuna
AI Training Expert - AUS & NZ,Other / Unclassified,Prolific,Australia,Sydney,,,,false,none,USD,Unspecified,Mid-level,,false,false,2025-11-29,Adzuna
AI Training Expert - Brisbane,Other / Unclassified,Prolific,Australia,East Brisbane,,,,false,none,USD,Unspecified,Mid-level,,false,false,2026-01-31,Adzuna
AI Training Expert - Melbourne,Other / Unclassified,Prolific,Australia,Melbourne,,,,false,none,USD,Unspecified,Mid-level,,false,false,2026-01-31,Adzuna
AI Training Expert - Adelaide,Other / Unclassified,Prolific,Australia,Adelaide,,,,false,none,USD,Unspecified,Mid-level,,false,false,2026-01-31,Adzuna
AI Training Expert - Sydney,Other / Unclassified,Prolific,Australia,Sydney,,,,false,none,USD,Unspecified,Mid-level,,false,false,2026-01-31,Adzuna
AI Trainer - Clinicians (AUS),AI Training & Annotation,Prolific,Australia,Sydney,,,,false,none,USD,Unspecified,Mid-level,,false,false,2026-02-14,Adzuna
"Tech Lead, Web Core Product & Chrome Extension - Melbourne, Australia",Other / Unclassified,Speechify,Australia,Melbourne,,,,false,none,USD,Unspecified,Lead,,false,false,2025-08-23,Adzuna
"Software Engineer, Platform - Melbourne, Australia",AI Software Engineer,Speechify,Australia,Melbourne,,,,false,none,USD,Unspecified,Mid-level,,false,false,2025-08-24,Adzuna
"Tech Lead, Web Core Product & Chrome Extension - Sydney, Australia",Other / Unclassified,Speechify,Australia,Sydney,,,,false,none,USD,Unspecified,Lead,,false,false,2025-08-23,Adzuna
"Customer Success Manager, APAC",Other / Unclassified,Anthropic,Australia,Sydney,,,,false,none,USD,Unspecified,Management,,false,false,2026-01-16,Adzuna
"Software Engineer, Data Infrastructure & Acquisition - Melbourne, Australia",AI Software Engineer,Speechify,Australia,Melbourne,,,,false,none,USD,Unspecified,Mid-level,,false,false,2025-08-23,Adzuna
"Software Engineer, Data Infrastructure & Acquisition - Sydney, Australia",AI Software Engineer,Speechify,Australia,Sydney,,,,false,none,USD,Unspecified,Mid-level,,false,false,2025-08-23,Adzuna
Investor Relations Manager (sales operations),Other / Unclassified,Airtree,Australia,The Rocks,,,,false,none,USD,Unspecified,Management,,false,false,2026-02-20,Adzuna
Senior Software Engineer,AI Software Engineer,Leonardo.Ai,Australia,,,,,false,none,USD,Unspecified,Senior,,false,false,2025-04-06,Adzuna
Sales Development Representative,Other / Unclassified,Darktrace,Australia,Sydney,,,,false,none,USD,Unspecified,Mid-level,,false,false,2026-02-19,Adzuna
AI Content Analyst (0 Experience Required),Data Analyst / BI,Peroptyx,Australia,,,,,false,none,USD,Unspecified,Junior,,false,false,2026-02-20,Adzuna
Solutions Architect,AI Consulting / Solutions,OpenAI,Australia,Sydney,,,,false,none,USD,Unspecified,Mid-level,,false,false,2025-09-02,Adzuna
Revenue Lead - ANZ,Other / Unclassified,ElevenLabs,Australia,,,,,false,none,USD,Unspecified,Lead,,false,false,2026-02-14,Adzuna
Senior Associate - Knowledge Management,Other / Unclassified,Clayton Utz,Australia,Brisbane CBD,,,,false,none,USD,Unspecified,Junior,,false,false,2026-02-20,Adzuna
"Manager, Solutions Engineering - Australia & New Zealand",AI Consulting / Solutions,OpenAI,Australia,Sydney,,,,false,none,USD,Unspecified,Management,OpenAI,false,false,2025-12-08,Adzuna
Solutions Engineer,AI Consulting / Solutions,OpenAI,Australia,Sydney,,,,false,none,USD,Unspecified,Mid-level,OpenAI,false,false,2026-01-15,Adzuna
Workplace Experience Coordinator,Other / Unclassified,JLL,Australia,Sydney,,,,false,none,USD,Unspecified,Mid-level,,false,false,2026-02-16,Adzuna
Head of Design Research,AI / ML Research,Canva,Australia,Melbourne CBD,,,,false,none,USD,Unspecified,Senior,,false,false,2026-01-22,Adzuna
Academic Collaboration,Other / Unclassified,Pluralis Research,Australia,Sydney,,,,false,none,USD,Unspecified,Mid-level,,false,false,2025-11-26,Adzuna
Audio Algorithm Researcher - Immersive Intelligent,AI / ML Research,TikTok,Australia,The Rocks,,,,false,none,USD,Unspecified,Senior,,false,false,2026-02-21,Adzuna
"Security Engineer, Detection and Response",Other / Unclassified,OpenAI,Australia,Sydney,,,,false,none,USD,Unspecified,Mid-level,OpenAI,false,true,2025-09-20,Adzuna
Senior Support Engineer,Other / Unclassified,AssemblyAI,Australia,,109000,124000,116500,false,range,USD,Unspecified,Senior,,false,false,2025-12-06,Adzuna
Senior Account Executive,Other / Unclassified,Leonardo.Ai,Australia,,,,,false,none,USD,Unspecified,Senior,,false,false,2026-01-29,Adzuna
Senior Software Engineer - (Enterprise & Integrations),AI Software Engineer,Leonardo.Ai,Australia,,,,,false,none,USD,Unspecified,Senior,,false,false,2026-02-01,Adzuna
DnA Engineer (Internship),Other / Unclassified,Nokia Global,Australia,,,,,false,none,USD,Unspecified,Mid-level,,true,false,2026-02-15,Adzuna
AI Experience Designer - Australia,Other / Unclassified,Tomoro,Australia,Middle Park,65000,98000,81500,false,range,USD,Unspecified,Mid-level,,false,false,2026-02-18,Adzuna
AI Experience Designer - Australia,Other / Unclassified,Tomoro,Australia,The Rocks,65000,98000,81500,false,range,USD,Unspecified,Mid-level,,false,true,2026-02-18,Adzuna
Head of Design Research,AI / ML Research,Canva,Australia,The Rocks,,,,false,none,USD,Unspecified,Senior,,false,false,2026-02-20,Adzuna
Investor Relations Manager (sales operations),Other / Unclassified,Airtree Ventures,Australia,The Rocks,,,,false,none,USD,Unspecified,Management,,false,false,2026-02-10,Adzuna
Senior UX Researcher,AI / ML Research,Culture Amp,Australia,The Rocks,,,,false,none,USD,Unspecified,Senior,,false,false,2026-02-20,Adzuna
Senior UX Researcher,AI / ML Research,Culture Amp,Australia,Melbourne CBD,,,,false,none,USD,Unspecified,Senior,,false,false,2026-02-20,Adzuna
AI Leadership & Learning Specialist,Other / Unclassified,QBE,Australia,The Rocks,,,,false,none,USD,Hybrid,Mid-level,,false,false,2026-02-20,Adzuna
Applied Scientist - AI Operating System (Agentic AI startup),AI / ML Research,NinjaTech AI,Australia,Sydney,,,,false,none,USD,Unspecified,Mid-level,,false,false,2025-09-20,Adzuna
Postdoctoral Research Associate (Data‑Driven Therapeutic Discovery),AI / ML Research,University of Sydney,Australia,Camperdown,,,,false,none,USD,Unspecified,Junior,,false,false,2026-02-20,Adzuna
"Knowledge & Content Management Specialist – Legal, ESG & Sustainability",Other / Unclassified,Pollination,Australia,The Rocks,,,,false,none,USD,Hybrid,Mid-level,,false,false,2025-11-20,Adzuna
Frontend Engineer (Design Systems),AI Software Engineer,Maincode,Australia,Melbourne,,,,false,none,USD,Unspecified,Mid-level,,false,false,2025-12-07,Adzuna
MOBIUS Postdoctoral Research Officer,AI / ML Research,Details,Australia,Bundoora,,,,false,none,USD,Unspecified,Mid-level,,false,false,2026-02-18,Adzuna
MOBIUS Postdoctoral Research Officer,AI / ML Research,La Trobe University,Australia,Melbourne,,,,false,none,USD,Unspecified,Mid-level,,false,false,2026-01-15,Adzuna
Design Engineer,Other / Unclassified,Maincode,Australia,Melbourne,,,,false,none,USD,Unspecified,Mid-level,,false,false,2025-10-02,Adzuna
Research Fellow,AI / ML Research,University of Sydney,Australia,Camperdown,,,,false,none,USD,Unspecified,Mid-level,,false,false,2026-02-20,Adzuna
Phonetic Linguist - Singing Voice Data Annotation for AI,AI Training & Annotation,Your Personal AI,Australia,,,,,false,none,USD,Unspecified,Mid-level,,false,false,2026-02-15,Adzuna
Senior Android Engineer,Other / Unclassified,Ticketek Entertainment Group,Australia,The Rocks,,,,false,none,USD,Unspecified,Senior,,false,false,2026-01-29,Adzuna
Growth Development Representative,Other / Unclassified,CrowdStrike,Australia,The Rocks,,,,false,none,USD,Unspecified,Junior,,false,false,2026-02-20,Adzuna
Property Acquisitions & Settlements Assistant,Other / Unclassified,Rising Returns,Australia,The Rocks,,,,false,none,USD,Onsite,Junior,,false,false,2025-11-18,Adzuna
Postdoctoral Research Associate (Data‑Driven Therapeutic Discovery),AI / ML Research,University of Sydney,Australia,,74000,79000,76500,false,range,USD,Unspecified,Junior,,false,false,2026-02-13,Adzuna
Software Engineer,AI Software Engineer,Mercor,Australia,Barton,,,,false,none,USD,Unspecified,Junior,,false,false,2026-02-06,Adzuna
Software Engineer,AI Software Engineer,Mercor,Australia,The Rocks,,,,false,none,USD,Unspecified,Junior,,false,true,2026-02-06,Adzuna
Software Engineer,AI Software Engineer,Mercor,Australia,Leigh Creek,,,,false,none,USD,Unspecified,Junior,,false,true,2026-02-06,Adzuna
Software Engineer,AI Software Engineer,Mercor,Australia,Largs North,,,,false,none,USD,Unspecified,Junior,,false,true,2026-02-06,Adzuna
Software Engineer,AI Software Engineer,Mercor,Australia,,,,,false,none,USD,Unspecified,Junior,,false,true,2026-02-06,Adzuna
Software Engineer,AI Software Engineer,Mercor,Australia,Perth CBD,,,,false,none,USD,Unspecified,Junior,,false,true,2026-02-06,Adzuna
Software Engineer,AI Software Engineer,Mercor,Australia,Geebung,,,,false,none,USD,Unspecified,Junior,,false,true,2026-02-06,Adzuna
Product Strategy Manager - REMOTE,Other / Unclassified,Jobgether,Australia,,,,,false,none,USD,Remote,Management,,false,false,2026-02-21,Adzuna
Research Fellow,AI / ML Research,University of Sydney,Australia,,,,,false,none,USD,Unspecified,Mid-level,,false,false,2026-02-14,Adzuna
Head of Design,Other / Unclassified,Pollen,Australia,Surry Hills,,,,false,none,USD,Hybrid,Lead,,false,false,2025-12-13,Adzuna
Risk & Compliance Analyst,Data Analyst / BI,eToro,Australia,The Rocks,,,,false,none,USD,Unspecified,Mid-level,,false,false,2026-01-28,Adzuna
Communications Specialist,Other / Unclassified,Heidi Health,Australia,Melbourne CBD,,,,false,none,USD,Unspecified,Junior,,false,false,2026-02-20,Adzuna
"Senior Manager, Product Delivery",Other / Unclassified,Victorian Government,Australia,Geelong,,,,false,none,USD,Unspecified,Senior,,false,false,2026-02-06,Adzuna
Graduate Sales Development Representative,Other / Unclassified,CrowdStrike,Australia,Sydney,,,,false,none,USD,Unspecified,Mid-level,,false,false,2026-02-02,Adzuna
"Project Lead, AI Member Offer",Other / Unclassified,ELMO,Australia,Melbourne,,,,false,none,USD,Unspecified,Lead,,false,false,2026-02-15,Adzuna
Project Officer,Other / Unclassified,WorkSafe Victoria,Australia,Geelong,,,,false,none,USD,Hybrid,Mid-level,,false,false,2026-02-17,Adzuna
Senior UX Researcher,AI / ML Research,Culture Amp,Australia,Sydney,,,,false,none,USD,Unspecified,Senior,,false,false,2026-02-14,Adzuna
Senior UX Researcher,AI / ML Research,Culture Amp,Australia,Melbourne,,,,false,none,USD,Unspecified,Senior,,false,true,2026-02-14,Adzuna
Enterprise Account Executive (Melbourne),Other / Unclassified,Harness,Australia,Sydney,,,,false,none,USD,Unspecified,Mid-level,,false,false,2026-01-15,Adzuna
Enterprise Account Executive - AppSec,Other / Unclassified,Harness,Australia,Melbourne,,,,false,none,USD,Unspecified,Mid-level,,false,false,2026-01-23,Adzuna
Junior Legal Analyst - AI,Data Analyst / BI,Haast,Australia,Sydney,,,,false,none,USD,Hybrid,Junior,,false,false,2026-02-01,Adzuna
Product Design Lead,Other / Unclassified,Asseti,Australia,The Rocks,,,,false,none,USD,Unspecified,Lead,,false,false,2026-02-17,Adzuna
Senior Project Officer - AI Team,Other / Unclassified,Macquarie University,Australia,North Ryde,,,,false,none,USD,Unspecified,Senior,,false,false,2025-10-20,Adzuna
"Head of School, School of Finance",Other / Unclassified,University of Sydney,Australia,,,,,false,none,USD,Unspecified,Management,,false,false,2026-02-03,Adzuna
Account Executive (Sydney),Other / Unclassified,Riskified,Australia,Sydney,,,,false,none,USD,Unspecified,Mid-level,,false,false,2026-01-21,Adzuna
Prospect Research Specialist/Manager,AI / ML Research,St John of God Health Care,Australia,Perth,81000,90000,85500,false,range,USD,Unspecified,Lead,,false,false,2026-02-08,Adzuna
Strategy Manager (SaaS),Other / Unclassified,CreditorWatch,Australia,The Rocks,,,,false,none,USD,Unspecified,Management,,false,false,2026-01-29,Adzuna
Tender Writer,Other / Unclassified,Certis Group,Australia,Highpoint City,,,,false,none,USD,Unspecified,Mid-level,,false,false,2026-02-20,Adzuna
Digital Growth Specialist,Other / Unclassified,Rapid Circle HR System,Australia,Melbourne,,,,false,none,USD,Unspecified,Mid-level,,false,false,2026-01-22,Adzuna
Product Designer,Other / Unclassified,ELMO Software Limited,Australia,,,,,false,none,USD,Unspecified,Mid-level,,false,false,2026-02-06,Adzuna
Senior Site Reliability Engineer - AI Platform,MLOps / ML Infrastructure,N26 GmbH,Germany,Berlin,,,,false,none,USD,Unspecified,Senior,,false,false,2026-02-10,Adzuna
AI & Medical Data Engineer (m/f/d),Data Engineer,LS medcap GmbH,Germany,Hechingen,,,,false,none,USD,Unspecified,Mid-level,,false,false,2026-02-21,Adzuna
Senior AI Engineer (w/m/d),AI Engineer,BWI GmbH,Germany,Berlin,,,,false,none,USD,Unspecified,Senior,,false,false,2026-02-05,Adzuna
Senior AI Engineer (w/m/d),AI Engineer,BWI GmbH,Germany,München,,,,false,none,USD,Unspecified,Senior,,false,true,2026-02-05,Adzuna
AI Engineer (m/w/d) Translation Management,AI Engineer,Schmieder GmbH,Germany,Ravensburg (Kreis),,,,false,none,USD,Unspecified,Mid-level,,false,false,2026-02-21,Adzuna
AI Engineer for the Analytics Plateau - Inklusiver Job,Data Analyst / BI,Airbus,Germany,Manching,,,,false,none,USD,Unspecified,Mid-level,NLP,false,false,2026-02-17,Adzuna
Data Scientist / AI Engineer (m/f/d)* - Inklusiver Job,Data Scientist,Munich Re,Germany,München,,,,false,none,USD,Unspecified,Lead,,false,false,2026-02-16,Adzuna
Azure AI Engineer mit Fokus Agents (m/w/d),AI Engineer,netgo group GmbH,Germany,Köln,,,,false,none,USD,Unspecified,Mid-level,Azure,false,false,2026-01-07,Adzuna
Azure AI Engineer mit Fokus Agents (m/w/d),AI Engineer,netgo group GmbH,Germany,Berlin,,,,false,none,USD,Unspecified,Mid-level,Azure,false,true,2026-01-07,Adzuna
Azure AI Engineer mit Fokus Agents (m/w/d),AI Engineer,netgo group GmbH,Germany,Frankfurt am Main,,,,false,none,USD,Unspecified,Mid-level,Azure,false,true,2026-01-07,Adzuna
Azure AI Engineer mit Fokus Agents (m/w/d),AI Engineer,netgo group GmbH,Germany,München,,,,false,none,USD,Unspecified,Mid-level,Azure,false,true,2026-01-07,Adzuna
Azure AI Engineer mit Fokus Agents (m/w/d),AI Engineer,netgo group GmbH,Germany,Hamburg,,,,false,none,USD,Unspecified,Mid-level,Azure,false,true,2026-01-07,Adzuna
Duales Studium - Data Science und Künstliche Intelligenz,Data Scientist,RTL2 Fernsehen GmbH & Co. KG,Germany,Grünwald,,,,false,none,USD,Unspecified,Mid-level,,false,false,2026-02-20,Adzuna
PreSales Engineer Data & AI (m/w/d),AI Engineer,OEDIV Oetker Daten- und Informationsverarbeitung KG,Germany,Bielefeld,,,,false,none,USD,Unspecified,Mid-level,,false,false,2026-02-19,Adzuna
AI Implementation Engineer (m/w/d),AI Engineer,Liebherr,Germany,,,,,false,none,USD,Unspecified,Mid-level,,false,false,2026-01-05,Adzuna
AI Solutions Engineer (Customer Projects) (m/f/d),AI Engineer,Gesellschaft für wissenschaftliche Datenverarbeitung mbH Göttingen,Germany,Geismar,,,,false,none,USD,Unspecified,Mid-level,,false,false,2026-02-16,Adzuna
AI Engineer,AI Engineer,DeepRec.ai,Germany,Berlin,76000,130000,103000,false,range,USD,Hybrid,Mid-level,,false,false,2026-02-04,Adzuna
AI Engineer,AI Engineer,TripleTen,Germany,Berlin,,,,false,none,USD,Unspecified,Mid-level,,false,false,2025-12-09,Adzuna
AI Engineer,AI Engineer,Zellerfeld Shoe Company / Zellerfeld R&D,Germany,Bahrenfeld,,,,false,none,USD,Unspecified,Mid-level,,false,false,2025-11-17,Adzuna
AI Engineer,AI Engineer,Hirefive,Germany,,,,,false,none,USD,Unspecified,Junior,,false,false,2025-07-31,Adzuna
AI Engineer,AI Engineer,Flank,Germany,Berlin,,,,false,none,USD,Unspecified,Mid-level,,false,false,2025-08-28,Adzuna
AI Engineer,AI Engineer,IMAP GmbH,Germany,Pempelfort,,,,false,none,USD,Unspecified,Mid-level,,false,false,2025-12-20,Adzuna
AI Engineer,AI Engineer,Knowunity,Germany,Berlin,,,,false,none,USD,Unspecified,Mid-level,,false,false,2025-11-18,Adzuna
AI Engineer,AI Engineer,Knowunity,Germany,,,,,false,none,USD,Unspecified,Mid-level,,false,true,2026-02-11,Adzuna
Generative AI Engineer,AI Engineer,Ahdus technology,Germany,Heidelberg,,,,false,none,USD,Remote,Mid-level,Transformers,false,false,2026-02-12,Adzuna
AI Engineer bei lector.ai,AI Engineer,JUST ADD AI GmbH,Germany,Handelshäfen,,,,false,none,USD,Unspecified,Mid-level,,false,false,2025-11-10,Adzuna
AI Engineer bei lector.ai,AI Engineer,JAAI Group,Germany,Handelshäfen,,,,false,none,USD,Unspecified,Mid-level,,false,false,2024-07-30,Adzuna
Senior AI Engineer,AI Engineer,Fc Technology,Germany,,,,,false,none,USD,Unspecified,Senior,,false,false,2026-02-10,Adzuna
Staff AI Engineer,AI Engineer,Bluefish AI,Germany,,,,,false,none,USD,Unspecified,Lead,,false,false,2025-11-30,Adzuna
Senior AI Engineer,AI Engineer,Bluefish AI,Germany,,,,,false,none,USD,Unspecified,Senior,,false,false,2025-11-30,Adzuna
Deployed AI Engineer,AI Engineer,Helsing,Germany,,,,,false,none,USD,Unspecified,Mid-level,,false,false,2025-01-19,Adzuna
Customer AI Engineer,AI Engineer,telli,Germany,Berlin,,,,false,none,USD,Unspecified,Mid-level,R,false,false,2025-11-09,Adzuna
Senior AI Platform Engineer (w/m/d),MLOps / ML Infrastructure,BWI GmbH,Germany,München,,,,false,none,USD,Unspecified,Senior,,false,false,2026-02-12,Adzuna
Senior AI Platform Engineer (w/m/d),MLOps / ML Infrastructure,BWI GmbH,Germany,Berlin,,,,false,none,USD,Unspecified,Senior,,false,true,2026-02-12,Adzuna
Senior Generative AI Engineer,AI Engineer,Ahdus technology,Germany,München,,,,false,none,USD,Unspecified,Senior,,false,false,2026-02-12,Adzuna
Senior Generative AI Engineer,AI Engineer,Ahdus technology,Germany,Heidelberg,,,,false,none,USD,Remote,Senior,Transformers,false,false,2026-02-12,Adzuna
Forward Deployed AI Engineer,AI Engineer,ICEYE,Germany,Berlin,,,,false,none,USD,Hybrid,Management,,false,false,2026-02-17,Adzuna
Full-Stack Software Engineer | AI Accelerated | (m/w/d),AI Engineer,Merlin Digital Solutions GmbH,Germany,München,,,,false,none,USD,Hybrid,Mid-level,,false,false,2026-02-18,Adzuna
Senior AI Engineer (Azure) / Lead AI Engineer (m/w/d),AI Engineer,GRAYOAK,Germany,Mitte,,,,false,none,USD,Unspecified,Senior,Azure,false,false,2025-12-29,Adzuna
Senior Agentic AI Engineer*,AI Engineer,Accso,Germany,München,,,,false,none,USD,Unspecified,Senior,,false,false,2025-10-29,Adzuna
Senior Agentic AI Engineer*,AI Engineer,Accso,Germany,Altstadt-Nord,,,,false,none,USD,Unspecified,Senior,,false,false,2025-12-20,Adzuna
Senior Agentic AI Engineer*,AI Engineer,Accso,Germany,Arheilgen,,,,false,none,USD,Unspecified,Senior,,false,true,2025-07-29,Adzuna
AI Engineer / MLOps Engineer,MLOps / ML Infrastructure,Revive It Recruitment,Germany,,86000,108000,97000,false,range,USD,Unspecified,Senior,,false,false,2026-01-15,Adzuna
Forward Deployed AI Engineer,AI Engineer,juna.ai,Germany,Berlin,,,,false,none,USD,Unspecified,Mid-level,,false,false,2026-01-22,Adzuna
Full Stack AI Engineer,AI Engineer,Xsolla,Germany,,,,,false,none,USD,Unspecified,Mid-level,,false,false,2025-11-01,Adzuna
AI Engineer (all genders),AI Engineer,ellamind,Germany,Bremen,65000,108000,86500,false,range,USD,Unspecified,Mid-level,,false,false,2025-11-17,Adzuna
Edge AI Engineer (Human),AI Engineer,Neura Robotics,Germany,Metzingen,,,,false,none,USD,Unspecified,Mid-level,,false,false,2025-12-26,Adzuna
Stellenangebot Senior AI Engineer (gn),AI Engineer,LichtBlick SE Intranet,Germany,Hammerbrook,,,,false,none,USD,Unspecified,Senior,,false,false,2025-09-26,Adzuna
AI Engineer (Agentic AI & LLM Systems),NLP / LLM Engineering,Beroe x nnamu,Germany,Wedding,,,,false,none,USD,Unspecified,Mid-level,"NLP, RAG",false,false,2025-11-15,Adzuna
Machine Learning Engineer / AI Engineer,Machine Learning Engineer,Titanom Solutions GmbH,Germany,Germering,,,,false,none,USD,Unspecified,Mid-level,,false,false,2026-02-06,Adzuna
AI Engineer (m/f/d),AI Engineer,Surecomp,Germany,Barmbek-Nord,,,,false,none,USD,Unspecified,Mid-level,,false,false,2026-01-18,Adzuna
AI Engineer (m/f/d),AI Engineer,FLEXOO als Arbeitgeber,Germany,Bergheim,,,,false,none,USD,Unspecified,Mid-level,,false,false,2026-01-29,Adzuna
AI Engineer (m/w/d),AI Engineer,ICB,Germany,,,,,false,none,USD,Unspecified,Mid-level,,false,false,2025-12-24,Adzuna
"Fullstack AI Engineer (Python, JS)",AI Engineer,DL Remote,Germany,Bergheim,,,,false,none,USD,Unspecified,Senior,Python,false,false,2026-02-11,Adzuna
"Fullstack AI Engineer (Python, JS)",AI Engineer,DL Remote,Germany,Altona-Altstadt,,,,false,none,USD,Unspecified,Senior,Python,false,true,2026-02-11,Adzuna
"Fullstack AI Engineer (Python, JS)",AI Engineer,DL Remote,Germany,Au-Haidhausen,,,,false,none,USD,Unspecified,Senior,Python,false,true,2026-02-11,Adzuna
"Fullstack AI Engineer (Python, JS)",AI Engineer,DL Remote,Germany,Bockenheim,,,,false,none,USD,Unspecified,Senior,Python,false,true,2026-02-11,Adzuna
"Fullstack AI Engineer (Python, JS)",AI Engineer,DL Remote,Germany,,,,,false,none,USD,Unspecified,Senior,Python,false,true,2026-02-11,Adzuna
"Fullstack AI Engineer (Python, JS)",AI Engineer,DL Remote,Germany,Laurensberg,,,,false,none,USD,Unspecified,Senior,Python,false,true,2026-02-11,Adzuna
"Fullstack AI Engineer (Python, JS)",AI Engineer,DL Remote,Germany,Wedding,,,,false,none,USD,Unspecified,Senior,Python,false,true,2026-02-11,Adzuna
Forward Deployed AI Engineer Intern,AI Engineer,juna.ai,Germany,Berlin,,,,false,none,USD,Unspecified,Senior,,true,false,2026-01-23,Adzuna
AI Engineer (w/m/d),AI Engineer,Apleona GmbH,Germany,Neu-Isenburg,,,,false,none,USD,Unspecified,Mid-level,,false,false,2025-12-19,Adzuna
AI Engineer bei SCOUTASTIC (all genders),AI Engineer,JUST ADD AI GmbH,Germany,Handelshäfen,,,,false,none,USD,Unspecified,Mid-level,Python,false,false,2025-11-09,Adzuna
AI Engineer bei SCOUTASTIC (all genders),AI Engineer,JAAI Group,Germany,Handelshäfen,,,,false,none,USD,Unspecified,Mid-level,Python,false,false,2025-02-17,Adzuna
(Senior) AI Engineer (all genders),AI Engineer,Nfon Ag,Germany,,,,,false,none,USD,Unspecified,Senior,,false,false,2025-11-24,Adzuna
AI Engineer (m/w/d),AI Engineer,TalentRocket GmbH,Germany,München,,,,false,none,USD,Unspecified,Mid-level,,false,false,2026-02-21,Adzuna
Senior GEN-AI Engineer - Germany,AI Engineer,Klar,Germany,Berlin,,,,false,none,USD,Unspecified,Senior,,false,false,2026-02-21,Adzuna
AI Engineer (f/m/d),AI Engineer,Allianz Global Investors GmbH,Germany,München,,,,false,none,USD,Unspecified,Mid-level,,false,false,2026-02-18,Adzuna
AI Engineer (f/m/d),AI Engineer,Allianz Global Investors GmbH,Germany,Westend-Nord,,,,false,none,USD,Unspecified,Mid-level,,false,true,2026-02-18,Adzuna
(Senior) AI Engineer (all genders),AI Engineer,esentri AG,Germany,Neuhausen-Nymphenburg,,,,false,none,USD,Unspecified,Senior,,false,false,2026-01-19,Adzuna
(Senior) AI Engineer (all genders),AI Engineer,esentri AG,Germany,Ettlingen,,,,false,none,USD,Unspecified,Senior,,false,true,2025-12-04,Adzuna
Senior Ai Engineer (Full-Stack),AI Engineer,Chaptr,Germany,Berlin,,,,false,none,USD,Unspecified,Senior,,false,false,2026-02-06,Adzuna
AI Engineer (m/w/d),AI Engineer,FERCHAU GmbH,Germany,Mitte,,,,false,none,USD,Unspecified,Mid-level,R,false,false,2025-12-12,Adzuna
AI Engineer (m/w/d),AI Engineer,"GNC & TCS Technologie, Cards & Services GmbH",Germany,Neu-Isenburg,,,,false,none,USD,Unspecified,Mid-level,"Python, PyTorch, TensorFlow",false,false,2025-12-02,Adzuna
Senior AI Engineer (all genders),AI Engineer,XITASO GmbH IT & Software Solutions,Germany,Lechhausen,,,,false,none,USD,Unspecified,Senior,,false,false,2026-01-31,Adzuna
AI Engineer (m/w/d),AI Engineer,statworx,Germany,Fechenheim,,,,false,none,USD,Unspecified,Mid-level,,false,false,2026-02-07,Adzuna
AI Engineer (m/w/d),AI Engineer,Obungi,Germany,Hamburg-Altstadt,,,,false,none,USD,Unspecified,Mid-level,,false,false,2025-09-29,Adzuna
Senior AI Engineer – LLMs & Agents,AI Engineer,https://cosuno.jobs.personio.de/,Germany,Friedrichshain,,,,false,none,USD,Unspecified,Senior,RAG,false,false,2025-11-03,Adzuna
(Senior) AI Engineer (all genders),AI Engineer,botario,Germany,Handelshäfen,,,,false,none,USD,Unspecified,Senior,NLP,false,false,2024-12-21,Adzuna
AI Engineer (m/w/d),AI Engineer,Obungi GmbH,Germany,Lübeck,,,,false,none,USD,Unspecified,Mid-level,,false,false,2026-01-27,Adzuna
AI Engineer (m/w/d),AI Engineer,Obungi GmbH,Germany,Hamburg,,,,false,none,USD,Unspecified,Mid-level,,false,true,2026-01-27,Adzuna
AI Engineer (m/w/d),AI Engineer,Obungi GmbH,Germany,Lüneburg (Kreis),,,,false,none,USD,Unspecified,Mid-level,,false,true,2026-01-27,Adzuna
AI Engineer (m/w/d),AI Engineer,Obungi GmbH,Germany,Bremen,,,,false,none,USD,Unspecified,Mid-level,,false,true,2026-01-27,Adzuna
AI Engineer (m/w/d),AI Engineer,Obungi GmbH,Germany,Kiel,,,,false,none,USD,Unspecified,Mid-level,,false,true,2026-02-22,Adzuna
AI Solution Engineer Azure Agent Stack (m/w/d),AI Engineer,netgo group GmbH,Germany,Frankfurt am Main,,,,false,none,USD,Unspecified,Mid-level,Azure,false,false,2026-01-17,Adzuna
AI Solution Engineer Azure Agent Stack (m/w/d),AI Engineer,netgo group GmbH,Germany,Berlin,,,,false,none,USD,Unspecified,Mid-level,Azure,false,true,2026-01-17,Adzuna
AI Solution Engineer Azure Agent Stack (m/w/d),AI Engineer,netgo group GmbH,Germany,Köln,,,,false,none,USD,Unspecified,Mid-level,Azure,false,true,2026-01-17,Adzuna
AI Solution Engineer Azure Agent Stack (m/w/d),AI Engineer,netgo group GmbH,Germany,München,,,,false,none,USD,Unspecified,Mid-level,Azure,false,true,2026-01-17,Adzuna
AI Solution Engineer Azure Agent Stack (m/w/d),AI Engineer,netgo group GmbH,Germany,Hamburg,,,,false,none,USD,Unspecified,Mid-level,Azure,false,true,2026-01-17,Adzuna
"Senior Data & AI Engineer (Munich, Germany)",AI Engineer,D ONE,Germany,München,,,,false,none,USD,Unspecified,Senior,,false,false,2025-12-10,Adzuna
Senior AI Engineer (w/m/d),AI Engineer,Drees & Sommer Digital Services,Germany,München,,,,false,none,USD,Unspecified,Senior,,false,false,2026-02-19,Adzuna
Senior AI Engineer (w/m/d),AI Engineer,Drees & Sommer Digital Services,Germany,Köln,,,,false,none,USD,Unspecified,Senior,,false,true,2026-02-19,Adzuna
Senior AI Engineer (w/m/d),AI Engineer,Drees & Sommer Digital Services,Germany,Frankfurt am Main,,,,false,none,USD,Unspecified,Senior,,false,true,2026-02-19,Adzuna
Senior AI Engineer (w/m/d),AI Engineer,Drees & Sommer Digital Services,Germany,Stuttgart,,,,false,none,USD,Unspecified,Senior,,false,true,2026-02-19,Adzuna
Senior AI Engineer (m/w/d),AI Engineer,"IT, Data & Support",Germany,München,,,,false,none,USD,Unspecified,Senior,,false,false,2024-11-08,Adzuna
Data / AI Engineer (m/w/d),AI Engineer,Thales,Germany,,,,,false,none,USD,Unspecified,Mid-level,,false,false,2025-08-16,Adzuna
Senior AI Engineer (m/f/d),AI Engineer,Voyfai,Germany,Berlin,,,,false,none,USD,Unspecified,Senior,,false,false,2026-01-25,Adzuna
AI Engineer (w/m/x) Germany,AI Engineer,Avanade Deutschland Company,Germany,,,,,false,none,USD,Hybrid,Mid-level,,false,false,2026-01-09,Adzuna
(Senior) AI Engineer (m/w/d),AI Engineer,KI group GmbH,Germany,Köln,,,,false,none,USD,Unspecified,Senior,R,false,false,2026-02-18,Adzuna
(Senior) AI Engineer (m/w/d),AI Engineer,KI group GmbH,Germany,München,,,,false,none,USD,Unspecified,Senior,R,false,true,2026-02-18,Adzuna
AI Engineer (w/m/x) Germany,AI Engineer,Avanade Inc.,Germany,Berlin,,,,false,none,USD,Hybrid,Mid-level,,false,false,2025-12-23,Adzuna
Senior AI Engineer m/f/d,AI Engineer,Allianz Technology SE,Germany,Unterföhring,,,,false,none,USD,Unspecified,Senior,,false,false,2026-01-27,Adzuna
Lead AI Engineer (m/w/d),AI Engineer,Deutscher Landwirtschaftsverlag,Germany,München,,,,false,none,USD,Unspecified,Lead,RAG,false,false,2026-01-27,Adzuna
Senior AI Engineer (m/f/d),AI Engineer,knowis AG,Germany,Galgenberg,,,,false,none,USD,Unspecified,Senior,,false,false,2026-01-21,Adzuna
AI Engineer - FDE (Forward Deployed Engineer),AI Engineer,Databricks,Germany,München,,,,false,none,USD,Unspecified,Mid-level,,false,false,2026-01-31,Adzuna
Junior AI Engineer (m/w/d),AI Engineer,taod Consulting,Germany,Köln,,,,false,none,USD,Unspecified,Junior,,false,false,2026-02-21,Adzuna
Senior AI Engineer (m/f/d),AI Engineer,Resaro AI,Germany,,,,,false,none,USD,Unspecified,Senior,Computer Vision,false,false,2025-12-06,Adzuna
AI-Engineer (m/w/d) | DSIADI,AI Engineer,Atruvia,Germany,Karlsruhe (Kreis),,,,false,none,USD,Unspecified,Mid-level,,false,false,2025-11-14,Adzuna
Senior AI Engineer (f/m/d),AI Engineer,Allianz Global Investors GmbH,Germany,Westend-Nord,,,,false,none,USD,Unspecified,Senior,,false,false,2026-01-31,Adzuna
Senior AI Engineer (f/m/d),AI Engineer,Allianz Global Investors GmbH,Germany,München,,,,false,none,USD,Unspecified,Senior,,false,true,2026-01-31,Adzuna
(Senior) AI Engineer (m/f/d),AI Engineer,Flip,Germany,Berlin,,,,false,none,USD,Unspecified,Senior,,false,false,2025-09-25,Adzuna
Founding AI Engineer (m/w/d),AI Engineer,omnora,Germany,Sachsenhausen,,,,false,none,USD,Unspecified,Mid-level,,false,false,2025-10-17,Adzuna
AI Engineer (f/m/x) - Berlin,AI Engineer,NETCONOMY,Germany,Mitte,54000,97000,75500,false,range,USD,Unspecified,Mid-level,,false,false,2026-02-22,Adzuna
AI Engineer (f/m/x) - Dortmund,AI Engineer,NETCONOMY,Germany,Mitte,54000,97000,75500,false,range,USD,Unspecified,Mid-level,,false,false,2026-02-22,Adzuna
Generative AI Engineer (m/f/x),AI Engineer,appliedAI,Germany,Au-Haidhausen,,,,false,none,USD,Unspecified,Mid-level,,false,false,2026-01-31,Adzuna
Founding AI Engineer (m/w/d),AI Engineer,Omnora,Germany,Frankfurt am Main,,,,false,none,USD,Unspecified,Mid-level,,false,true,2026-02-13,Adzuna
Generative AI Engineer (m/f/x),AI Engineer,appliedAI,Germany,Böckingen,,,,false,none,USD,Unspecified,Mid-level,,false,true,2025-11-24,Adzuna
Senior AI Engineer (f/m/d),AI Engineer,Certivity,Germany,Au-Haidhausen,,,,false,none,USD,Hybrid,Senior,R,false,false,2026-01-15,Adzuna
"AI Engineer, Business and Engineering efficiency",AI Engineer,Harman Becker Automotive Systems Manufacturing Kft,Germany,,,,,false,none,USD,Unspecified,Mid-level,,false,false,2025-10-21,Adzuna
AI Engineer for the Analytics Plateau,Data Analyst / BI,Airbus,Germany,Manching,,,,false,none,USD,Unspecified,Mid-level,NLP,false,false,2026-02-18,Adzuna
Senior AI Engineer – Berlin (On-Site),AI Engineer,mama health,Germany,Prenzlauer Berg,,,,false,none,USD,Onsite,Senior,,false,false,2026-01-03,Adzuna
Senior AI Engineer – Berlin (On-Site),AI Engineer,mama,Germany,Prenzlauer Berg,,,,false,none,USD,Onsite,Senior,,false,false,2025-12-13,Adzuna
Applied AI Engineer Intern (all genders),AI Engineer,revel8,Germany,München,,,,false,none,USD,Unspecified,Mid-level,,true,false,2025-12-25,Adzuna
Robotics AI Engineer (m/f/d),AI Engineer,Agile Robots SE,Germany,Sendling,,,,false,none,USD,Unspecified,Mid-level,,false,false,2025-12-17,Adzuna
KI / AI Engineer (m/w/d),AI Engineer,FERCHAU GmbH,Germany,Beiertheim-Bulach,,,,false,none,USD,Unspecified,Mid-level,R,false,false,2025-12-17,Adzuna
Senior AI Engineer (m/f/d),AI Engineer,Appsfactory GmbH,Germany,Zentrum,,,,false,none,USD,Unspecified,Senior,Python,false,false,2026-01-16,Adzuna
Google Cloud AI Engineer (all genders),AI Engineer,Accenture,Germany,,,,,false,none,USD,Unspecified,Mid-level,,false,false,2025-11-20,Adzuna
Senior Field AI Engineer (Forward Deployed),AI Engineer,Cognite,Germany,,,,,false,none,USD,Unspecified,Senior,,false,false,2026-02-05,Adzuna
Senior AI Engineer (m/w/d),AI Engineer,statworx,Germany,Fechenheim,,,,false,none,USD,Unspecified,Senior,,false,false,2026-02-06,Adzuna
Trainee AI Engineer (m/w/d),AI Engineer,statworx,Germany,Fechenheim,,,,false,none,USD,Unspecified,Mid-level,,false,false,2025-11-13,Adzuna
Edge AI Engineer (m/w/d),AI Engineer,autonomous-teaming,Germany,,,,,false,none,USD,Unspecified,Mid-level,,false,false,2026-02-13,Adzuna
Senior AI Engineer (m/f/d),AI Engineer,Appsfactory,Germany,,,,,false,none,USD,Unspecified,Senior,Python,false,false,2025-12-07,Adzuna
Senior AI Engineer (w/m/d),AI Engineer,Codari,Germany,,,,,false,none,USD,Unspecified,Senior,,false,false,2025-11-06,Adzuna
Azure AI Engineer (m/w/d),AI Engineer,netgo group GmbH,Germany,München,43000,70000,56500,false,range,USD,Unspecified,Mid-level,"Python, OpenAI, Azure",false,false,2026-02-22,Adzuna
SATCOM Ground Station & AI Software Engineer (d/f/m) - Inklusiver Job,AI Engineer,Airbus,Germany,München,,,,false,none,USD,Unspecified,Mid-level,,false,false,2026-01-02,Adzuna
"AIML Engineer, AI for Science - Inklusiver Job",AI Engineer,GSK,Germany,Heidelberg,,,,false,none,USD,Unspecified,Mid-level,,false,false,2026-02-21,Adzuna
"AI Engineer - NLP, Gen AI (m/w/d)",NLP / LLM Engineering,Bergfreunde,Germany,Im Hengstrain,,,,false,none,USD,Unspecified,Mid-level,NLP,false,false,2026-01-28,Adzuna
AI Engineer – LLMs & Generative AI (m/w/d),AI Engineer,Impower GmbH,Germany,München,,,,false,none,USD,Remote,Mid-level,,false,false,2025-09-27,Adzuna
AI Engineer – LLMs & Generative AI (m/w/d),AI Engineer,Impower,Germany,,,,,false,none,USD,Remote,Mid-level,,false,false,2025-11-18,Adzuna
AI Research Engineer - AI Safety,AI / ML Research,Helsing,Germany,,,,,false,none,USD,Unspecified,Mid-level,,false,false,2025-06-28,Adzuna
Systems DevOps AI Engineer (w/m/d),AI Engineer,B. Braun Avitum AG,Germany,Melsungen,,,,false,none,USD,Unspecified,Mid-level,,false,false,2025-12-20,Adzuna
KI‑Entwickler / AI Engineer | m/w/d,AI Engineer,Westermann Gruppe,Germany,Braunschweig,,,,false,none,USD,Unspecified,Mid-level,RAG,false,false,2026-02-06,Adzuna
Digital Experience & AI Engineer (m/w/d),AI Engineer,ewimed,Germany,,,,,false,none,USD,Unspecified,Mid-level,,false,false,2026-02-14,Adzuna
AI Engineer (PHP/Go) (m/w/d),AI Engineer,apo.com Group GmbH,Germany,Markkleeberg,,,,false,none,USD,Unspecified,Mid-level,,false,false,2025-10-23,Adzuna
AI Engineer (PHP/Go) (m/w/d),AI Engineer,apo.com Group,Germany,,,,,false,none,USD,Unspecified,Mid-level,,false,false,2025-10-23,Adzuna
Senior AI Engineer/ LLM & ML Specialist (gn),NLP / LLM Engineering,workidentity GmbH,Germany,Hammerbrook,103000,162000,132500,false,range,USD,Unspecified,Senior,,false,false,2025-12-20,Adzuna
Senior AI Engineer/ LLM & ML Specialist (gn),NLP / LLM Engineering,workidentity,Germany,,,,,false,none,USD,Unspecified,Senior,,false,false,2025-12-20,Adzuna
Senior Applied AI Engineer (m/f/d),AI Engineer,Agile Robots SE,Germany,,,,,false,none,USD,Unspecified,Senior,,false,false,2026-02-19,Adzuna
[EXTERNAL] (Senior) AI Engineer (m/w/d),AI Engineer,Picus Capital,Germany,,,,,false,none,USD,Unspecified,Senior,,false,false,2025-07-31,Adzuna
AI Engineer bei der JUST ADD AI (all genders),AI Engineer,JUST ADD AI GmbH,Germany,Handelshäfen,,,,false,none,USD,Unspecified,Mid-level,,false,false,2026-01-28,Adzuna
AI Engineer bei der JUST ADD AI (all genders),AI Engineer,JAAI Group,Germany,Handelshäfen,,,,false,none,USD,Unspecified,Mid-level,,false,false,2026-02-13,Adzuna
(Senior) AI Engineer - Consultant (w/m/d),AI Engineer,pmOne,Germany,,,,,false,none,USD,Unspecified,Senior,,false,false,2025-12-11,Adzuna
Full Stack AI Engineer (all) - React / NodeJS,AI Engineer,XO Life,Germany,,,,,false,none,USD,Unspecified,Mid-level,,false,false,2025-12-20,Adzuna
(Senior) Robotics AI Engineer (m/f/d),AI Engineer,Agile Robots SE,Germany,,,,,false,none,USD,Unspecified,Senior,,false,false,2025-12-19,Adzuna
ERP Automation & AI Engineer (m/w/d),AI Engineer,Alphapet Ventures GmbH,Germany,Laim,,,,false,none,USD,Unspecified,Mid-level,,false,false,2025-12-18,Adzuna
(Senior) Generative AI Engineer (m/w/d),AI Engineer,Alexander Thamm,Germany,,,,,false,none,USD,Unspecified,Senior,,false,false,2026-02-03,Adzuna
(Senior) Generative AI Engineer (m/w/d),AI Engineer,Alexander Thamm GmbH,Germany,Moosach,,,,false,none,USD,Unspecified,Senior,,false,false,2026-02-03,Adzuna
Computer Vision & AI Engineer (m/f/d),Computer Vision,Energy Robotics GmbH,Germany,Arheilgen,,,,false,none,USD,Unspecified,Mid-level,Computer Vision,false,false,2026-01-26,Adzuna
Senior Data- & AI-Engineer (m/w/d),AI Engineer,Prof. Thome Gruppe,Germany,,,,,false,none,USD,Unspecified,Senior,Fine-tuning,false,false,2025-12-11,Adzuna
Senior AI Engineer (Azure) (m/w/d),AI Engineer,Grayoak,Germany,Mitte,,,,false,none,USD,Unspecified,Senior,Azure,false,false,2026-02-19,Adzuna
Praktikant - AI Engineer - STACKIT (m/w/d),AI Engineer,STACKIT,Germany,Heilbronn,,,,false,none,USD,Unspecified,Mid-level,,true,false,2025-11-06,Adzuna
Azure AI Engineer (m/w/d) - Berlin,AI Engineer,netgo group GmbH,Germany,Schöneberg,43000,70000,56500,false,range,USD,Unspecified,Mid-level,"Python, OpenAI, Azure",false,false,2026-02-22,Adzuna
"AI Application Engineer (m/w/d) – Full-Stack, Schwerpunkt Backend - Inklusiver Job",AI Engineer,MCI Deutschland GmbH,Germany,Berlin,,,,false,none,USD,Unspecified,Mid-level,,false,false,2026-01-26,Adzuna
AI Engineer (Libra - Legal AI Assistant) (m/f/d),AI Engineer,Wolters Kluwer,Germany,,,,,false,none,USD,Unspecified,Mid-level,,false,false,2026-01-25,Adzuna
AI Engineer (Libra - Legal AI Assistant) (m/f/d),AI Engineer,Libra Technology GmbH,Germany,Berlin,,,,false,none,USD,Unspecified,Mid-level,,false,false,2026-01-22,Adzuna
Senior AI Engineer / Consultant – (agentic AI) - 90% Home-office,AI Engineer,Optimus sea,Germany,Bergheim,,,,false,none,USD,Unspecified,Senior,,false,false,2026-02-15,Adzuna
AI Data Engineer,Data Engineer,MLabs,Germany,,,,,false,none,USD,Unspecified,Senior,,false,false,2026-02-02,Adzuna
"AIML Software Engineer, AI for Science - Inklusiver Job",AI Engineer,GSK,Germany,Heidelberg,,,,false,none,USD,Unspecified,Mid-level,,false,false,2026-02-21,Adzuna
AI Engineer (m/w/d) with German (Regensburg),AI Engineer,Bertrandt Technologie Reg,Germany,Wenzenbach,,,,false,none,USD,Unspecified,Mid-level,RAG,false,false,2026-01-29,Adzuna
AI Engineer (m/w/d) with German (Munich),AI Engineer,Bertrandt Technologie Reg,Germany,München,,,,false,none,USD,Unspecified,Mid-level,RAG,false,false,2026-01-29,Adzuna
Senior Full-Stack AI Engineer (Backend/Frontend Focus),AI Engineer,docusketch,Germany,Berlin,,,,false,none,USD,Unspecified,Senior,,false,false,2025-12-06,Adzuna
Senior AI Engineer (Libra - Legal AI Assistant) (m/f/d),AI Engineer,Wolters Kluwer,Germany,,,,,false,none,USD,Unspecified,Senior,,false,false,2026-01-25,Adzuna
Senior AI Engineer (Libra - Legal AI Assistant) (m/f/d),AI Engineer,Libra Technology GmbH,Germany,Berlin,,,,false,none,USD,Unspecified,Senior,,false,false,2026-02-10,Adzuna
Senior AI Engineer Embedded Systems (m/w/d),AI Engineer,CGI,Germany,Haar,,,,false,none,USD,Unspecified,Senior,,false,false,2025-12-18,Adzuna
Azure AI Engineer mit Fokus Agents (m/w/d),AI Engineer,netgo group,Germany,,,,,false,none,USD,Unspecified,Mid-level,Azure,false,false,2026-01-09,Adzuna
Azure AI Engineer mit Fokus Agents (m/w/d),AI Engineer,netgo,Germany,,,,,false,none,USD,Unspecified,Mid-level,Azure,false,false,2026-01-22,Adzuna
"AI-Engineer (m/w/d) | DSIADI - Anwendungsentwicklung, Ingenieur",AI Engineer,Atruvia AG,Germany,Aschheim,,,,false,none,USD,Unspecified,Mid-level,,false,false,2026-02-16,Adzuna
"AI-Engineer (m/w/d) | DSIADI - Anwendungsentwicklung, Ingenieur",AI Engineer,Atruvia AG,Germany,Karlsruhe,,,,false,none,USD,Unspecified,Mid-level,,false,true,2026-02-16,Adzuna
AI Engineer (m/f/x) - Focus: Software Engineering,AI Engineer,appliedAI,Germany,Böckingen,,,,false,none,USD,Unspecified,Mid-level,,false,false,2025-11-07,Adzuna
"Senior AI Engineer, Device Intelligence (m/f/d)",AI Engineer,Danaher Corporation,Germany,Düsseldorf,,,,false,none,USD,Unspecified,Senior,,false,false,2025-10-25,Adzuna
"Senior AI Engineer, Device Intelligence (m/f/d)",AI Engineer,Danaher,Germany,,,,,false,none,USD,Unspecified,Senior,,false,false,2025-12-17,Adzuna
Senior AI Engineer Finance & Insurance (m/w/d),AI Engineer,CGI,Germany,Haar,,,,false,none,USD,Unspecified,Senior,,false,false,2025-12-18,Adzuna
AI Engineer (m/f/x) - Focus: Software Engineering,AI Engineer,appliedAI,Germany,Au-Haidhausen,,,,false,none,USD,Unspecified,Mid-level,,false,true,2025-11-09,Adzuna
Senior AI Engineer - Banking Operations (f/m/d),AI Engineer,Solaris,Germany,Berlin,,,,false,none,USD,Unspecified,Senior,,false,false,2026-02-14,Adzuna
Sr AI Engineer | Remote - Europe | TS/Vue/NodeJS,AI Engineer,n8n,Germany,Bernau bei Berlin,,,,false,none,USD,Remote,Senior,,false,false,2026-01-02,Adzuna
Principal Generative AI Engineer (m/w/d) - Schweiz,AI Engineer,Alexander Thamm GmbH,Germany,Bahnhofsviertel,,,,false,none,USD,Unspecified,Lead,,false,false,2026-02-06,Adzuna
Senior Generative AI Engineer (m/w/d) - Schweiz,AI Engineer,Alexander Thamm GmbH,Germany,Bahnhofsviertel,,,,false,none,USD,Unspecified,Senior,,false,false,2026-02-05,Adzuna
Internship / Apprenticeship – Data & AI Engineer (Python / LangChain / LLMs),AI Engineer,Itonics,Germany,,,,,false,none,USD,Unspecified,Mid-level,"Python, LangChain, Docker",true,false,2026-02-19,Adzuna
(Senior) AI Engineer / MLOps Engineer (m/f/d),MLOps / ML Infrastructure,VESTIGAS,Germany,Sendling,,,,false,none,USD,Unspecified,Senior,,false,false,2025-10-24,Adzuna
Microsoft Azure Cloud & AI Engineer (m/w/d),AI Engineer,CGI,Germany,,,,,false,none,USD,Unspecified,Mid-level,Azure,false,false,2026-01-03,Adzuna
Azure AI Engineer Fokus Agents (m/w/d),AI Engineer,netgo group GmbH,Germany,Charlottenburg,43000,70000,56500,false,range,USD,Unspecified,Mid-level,"Python, OpenAI, Azure",false,false,2026-02-22,Adzuna
Azure AI Engineer mit Fokus auf Agents (m/w/d),AI Engineer,netgo group GmbH,Germany,HafenCity,43000,70000,56500,false,range,USD,Unspecified,Mid-level,"Python, OpenAI, Azure",false,false,2026-02-22,Adzuna
Founding AI Engineer - Full-Stack - Alago Technologies UG,AI Engineer,Alago Technologies UG,Germany,München,,,,false,none,USD,Unspecified,Mid-level,,false,false,2026-02-17,Adzuna
Ai-Ops Engineer bei lector.ai,AI Engineer,JUST ADD AI GmbH,Germany,Handelshäfen,,,,false,none,USD,Unspecified,Mid-level,,false,false,2026-02-17,Adzuna
Ai-Ops Engineer bei lector.ai,AI Engineer,JAAI Group,Germany,Handelshäfen,,,,false,none,USD,Unspecified,Mid-level,,false,false,2026-02-18,Adzuna
AI Ops Engineer,AI Engineer,Leap29,Germany,,,,,false,none,USD,Unspecified,Mid-level,,false,false,2025-08-23,Adzuna
AI Software Engineer,AI Engineer,asklio,Germany,,,,,false,none,USD,Unspecified,Mid-level,,false,false,2025-12-17,Adzuna
AI Automation Engineer,AI Engineer,Cosuno Ventures GmbH,Germany,Mitte,,,,false,none,USD,Unspecified,Mid-level,,false,false,2026-02-17,Adzuna
Machine Learning Engineer,Machine Learning Engineer,Reliant AI,Germany,Berlin,,,,false,none,USD,Unspecified,Mid-level,,false,false,2026-02-19,Adzuna
Machine Learning Engineer,Machine Learning Engineer,Your Personal AI,Germany,,,,,false,none,USD,Unspecified,Mid-level,,false,true,2026-01-24,Adzuna
Machine learning Engineer,Machine Learning Engineer,Zoom,Germany,,,,,false,none,USD,Unspecified,Mid-level,R,false,false,2026-01-23,Adzuna
Machine Learning Engineer,Machine Learning Engineer,Almedia,Germany,Berlin,130000,227000,178500,false,range,USD,Unspecified,Mid-level,,false,true,2025-12-11,Adzuna
Machine Learning Engineer,Machine Learning Engineer,super.AI,Germany,Mitte,,,,false,none,USD,Unspecified,Mid-level,,false,false,2024-09-20,Adzuna
Machine Learning Engineer,Machine Learning Engineer,FREE NOW,Germany,Berlin,,,,false,none,USD,Unspecified,Mid-level,,false,false,2025-11-14,Adzuna
Cloud Machine Learning Engineer,Machine Learning Engineer,Jobgether,Germany,,,,,false,none,USD,Unspecified,Mid-level,,false,false,2026-02-14,Adzuna
Senior Machine Learning Engineer,Machine Learning Engineer,FactoryPal,Germany,,,,,false,none,USD,Unspecified,Senior,,false,false,2026-02-15,Adzuna
Senior Machine Learning Engineer,Machine Learning Engineer,Freenow,Germany,Hamburg,,,,false,none,USD,Unspecified,Senior,,false,false,2025-07-04,Adzuna
Senior Machine Learning Engineer,Machine Learning Engineer,Freenow,Germany,Berlin,,,,false,none,USD,Unspecified,Senior,,false,true,2025-07-04,Adzuna
"Machine Learning Engineer, Dash",Machine Learning Engineer,Dropbox,Germany,,,,,false,none,USD,Unspecified,Mid-level,,false,false,2026-02-21,Adzuna
Senior Machine Learning Engineer,Machine Learning Engineer,Knowlix,Germany,,,,,false,none,USD,Unspecified,Senior,,false,false,2025-12-04,Adzuna
Machine Learning Engineer (all),Machine Learning Engineer,mediaire GmbH,Germany,Kreuzberg,,,,false,none,USD,Unspecified,Senior,Computer Vision,false,false,2026-01-14,Adzuna
Senior Machine Learning Engineer,Machine Learning Engineer,Cresta,Germany,Berlin,,,,false,none,USD,Unspecified,Senior,,false,true,2026-01-25,Adzuna
Sr. Machine Learning Engineer,Machine Learning Engineer,Typeform,Germany,,,,,false,none,USD,Remote,Senior,,false,false,2025-12-07,Adzuna
Applied Machine Learning Engineer,Machine Learning Engineer,Strava,Germany,Berlin,103000,113000,108000,false,range,USD,Unspecified,Mid-level,,false,false,2026-02-18,Adzuna
Embedded Machine Learning Engineer,Machine Learning Engineer,SpiNNcloud Systems,Germany,Friedrichstadt,,,,false,none,USD,Unspecified,Mid-level,,false,false,2024-11-08,Adzuna
Senior Machine Learning Engineer,Machine Learning Engineer,Zendesk,Germany,,,,,false,none,USD,Unspecified,Senior,RAG,false,false,2025-12-22,Adzuna
Lead/Staff Machine Learning Engineer,Machine Learning Engineer,CloudFactory,Germany,Berlin,,,,false,none,USD,Unspecified,Lead,,false,false,2025-12-19,Adzuna
Senior Machine Learning Engineer - Munich,Machine Learning Engineer,Conxai Technologies GmbH,Germany,Moosach,,,,false,none,USD,Unspecified,Senior,Computer Vision,false,false,2025-09-24,Adzuna
Senior Machine Learning Engineer I,Machine Learning Engineer,SumUp,Germany,Berlin,,,,false,none,USD,Unspecified,Senior,,false,false,2025-12-14,Adzuna
Machine Learning Engineer (all genders),Machine Learning Engineer,Avelios Medical,Germany,,,,,false,none,USD,Unspecified,Mid-level,,false,false,2026-02-18,Adzuna
Senior Applied Machine Learning Engineer,Machine Learning Engineer,Strava,Germany,Berlin,151000,162000,156500,false,range,USD,Unspecified,Senior,,false,false,2026-02-18,Adzuna
Machine Learning Engineer (NLP) - Intern,NLP / LLM Engineering,Intapp,Germany,Berlin,,,,false,none,USD,Onsite,Mid-level,NLP,true,false,2026-02-07,Adzuna
Machine Learning Engineer (m/w/d),Machine Learning Engineer,FERCHAU Austria GmbH,Germany,,,,,false,none,USD,Unspecified,Mid-level,"NLP, Computer Vision",false,false,2025-11-11,Adzuna
Staff Machine Learning Engineer (AI Platform),MLOps / ML Infrastructure,Smartly,Germany,Berlin,,,,false,none,USD,Unspecified,Lead,,false,false,2025-03-21,Adzuna
Senior Machine Learning Engineer (AI Platform),MLOps / ML Infrastructure,Smartly,Germany,Berlin,,,,false,none,USD,Unspecified,Senior,,false,false,2025-10-26,Adzuna
Senior Machine Learning Engineer (All Genders),Machine Learning Engineer,Zalando,Germany,Berlin,,,,false,none,USD,Unspecified,Senior,Airflow,false,false,2026-01-28,Adzuna
Machine Learning Engineer (m/w/d),Machine Learning Engineer,Vivecti Group,Germany,Berlin,,,,false,none,USD,Unspecified,Mid-level,,false,false,2025-09-18,Adzuna
"Senior Machine Learning Engineer, Diffusion & Reconstruction",Machine Learning Engineer,Parallel Domain,Germany,Karlsruhe,,,,false,none,USD,Unspecified,Senior,Computer Vision,false,true,2026-01-14,Adzuna
Machine Learning Engineer (m/f/d),Machine Learning Engineer,Data Space Solutions,Germany,,,,,false,none,USD,Unspecified,Mid-level,,false,false,2026-02-20,Adzuna
Senior Machine Learning Engineer (NLP) (all),NLP / LLM Engineering,Sonia,Germany,Mitte,,,,false,none,USD,Unspecified,Senior,NLP,false,false,2025-12-12,Adzuna
"Senior Machine Learning Engineer, Pose Estimation",Machine Learning Engineer,Parallel Domain,Germany,Karlsruhe,,,,false,none,USD,Unspecified,Senior,,false,true,2026-01-14,Adzuna
Senior Machine Learning Engineer (Computer Vision),Computer Vision,Scandit,Germany,,,,,false,none,USD,Unspecified,Senior,Computer Vision,false,true,2026-01-29,Adzuna
Databricks Platform Engineer (m/w/d),AI Software Engineer,Union Investment,Germany,Frankfurt am Main,,,,false,none,USD,Unspecified,Mid-level,,false,false,2026-02-19,Adzuna
(Senior) Machine Learning Engineer (m/f/d),Machine Learning Engineer,DocuWare,Germany,Merzig,,,,false,none,USD,Unspecified,Senior,,false,false,2026-02-07,Adzuna
Senior Machine Learning Engineer for AI Product,Machine Learning Engineer,Qonto,Germany,,,,,false,none,USD,Unspecified,Senior,,false,false,2026-02-19,Adzuna
Senior Machine Learning Engineer (m/f/d),Machine Learning Engineer,Mindpeak GmbH,Germany,Altona-Altstadt,,,,false,none,USD,Unspecified,Senior,,false,false,2025-02-03,Adzuna
Senior Machine Learning Engineer (d/f/m),Machine Learning Engineer,Aignostics,Germany,Tiergarten,,,,false,none,USD,Unspecified,Senior,,false,false,2025-11-27,Adzuna
Staff Machine Learning Engineer (d/f/m),Machine Learning Engineer,Aignostics,Germany,Tiergarten,,,,false,none,USD,Unspecified,Lead,,false,false,2025-11-27,Adzuna
Machine Learning Engineer - NLP (m/f/d),NLP / LLM Engineering,Merantix Momentum,Germany,Wedding,,,,false,none,USD,Unspecified,Mid-level,NLP,false,false,2026-02-15,Adzuna
(Senior) Machine Learning Engineer (m/w/d),Machine Learning Engineer,PROFI Engineering Systems AG,Germany,Arheilgen,,,,false,none,USD,Unspecified,Senior,,false,false,2026-01-24,Adzuna
Early-Career Machine Learning Engineer - Accelerator Programme,Machine Learning Engineer,SumUp,Germany,Berlin,,,,false,none,USD,Onsite,Mid-level,,false,false,2026-02-13,Adzuna
Machine Learning Engineer - Talent Pool (m/f/d),Machine Learning Engineer,Merantix Momentum,Germany,Wedding,,,,false,none,USD,Unspecified,Mid-level,,false,false,2025-12-25,Adzuna
DATA / MACHINE LEARNING ENGINEER / OPS (m/w/d),Machine Learning Engineer,sprylab technologies GmbH,Germany,Berlin,,,,false,none,USD,Unspecified,Mid-level,,false,false,2025-05-11,Adzuna
Artificial Intelligence / Machine Learning Engineer in Rheine (m/w/d),Machine Learning Engineer,secova & Co. KG,Germany,Wietesch/Schleupe,,,,false,none,USD,Unspecified,Mid-level,,false,false,2025-06-11,Adzuna
Senior Robotics and Machine Learning Engineer (m/f/d),Machine Learning Engineer,Quantum- Systems GmbH,Germany,Gilching,,,,false,none,USD,Unspecified,Senior,,false,false,2026-01-09,Adzuna
Senior Machine Learning Engineer -Computer Vision (m/f/d),Computer Vision,Merantix Momentum,Germany,Wedding,,,,false,none,USD,Unspecified,Senior,Computer Vision,false,false,2026-01-30,Adzuna
Senior Data Scientist – Quantitative Finance (w/m/d),Data Scientist,HUK-COBURG Versicherungsgruppe,Germany,Coburg,,,,false,none,USD,Unspecified,Senior,,false,false,2026-02-10,Adzuna
Senior Data Scientist,Data Scientist,N26 GmbH,Germany,Berlin,,,,false,none,USD,Unspecified,Senior,,false,false,2026-02-10,Adzuna
Lead Machine Learning Engineer (m/w/d) - PDR.cloud GmbH,Machine Learning Engineer,PDR.cloud GmbH,Germany,Berlin,,,,false,none,USD,Unspecified,Lead,,false,false,2026-02-18,Adzuna
Senior Machine Learning Engineer (m/w/d) - PDR.cloud GmbH,Machine Learning Engineer,PDR.cloud GmbH,Germany,Berlin,,,,false,none,USD,Unspecified,Senior,,false,false,2026-02-17,Adzuna
Machine Learning Engineer (m/w/d) – KI | Signalverarbeitung | Industrial Analytics,Machine Learning Engineer,Skalbach GmbH,Germany,Flugfeld,,,,false,none,USD,Unspecified,Mid-level,,false,false,2026-02-11,Adzuna
Machine Learning Engineer (m/w/d) – KI | Signalverarbeitung | Industrial Analytics,Machine Learning Engineer,Skalbach,Germany,Böblingen,,,,false,none,USD,Unspecified,Mid-level,,false,false,2026-02-11,Adzuna
Machine Learning Ops Engineer,Other / Unclassified,Almedia,Germany,Berlin,119000,205000,162000,false,range,USD,Unspecified,Mid-level,,false,false,2026-01-27,Adzuna
Machine Learning Software Engineer,AI Software Engineer,Freenow,Germany,Hamburg,,,,false,none,USD,Unspecified,Mid-level,,false,false,2025-11-14,Adzuna
Machine Learning Software Engineer,AI Software Engineer,Applied Intuition,Germany,Stuttgart,,,,false,none,USD,Unspecified,Mid-level,,false,false,2025-10-26,Adzuna
"(Junior) Machine Learning Engineer (m/w/d) - System Engineering / Admin, Ingenieur",Machine Learning Engineer,Reply Deutschland SE,Germany,München,,,,false,none,USD,Unspecified,Junior,,false,false,2026-02-18,Adzuna
"(Junior) Machine Learning Engineer (m/w/d) - System Engineering / Admin, Ingenieur",Machine Learning Engineer,Reply Deutschland SE,Germany,Berlin,,,,false,none,USD,Unspecified,Junior,,false,true,2026-02-18,Adzuna
Praktikant/Werkstudent Python Daten Analyse / Machine Learning Engineer (m/w/d),Machine Learning Engineer,Grant Thornton Deutschland,Germany,Düsseldorf,,,,false,none,USD,Unspecified,Mid-level,Python,true,false,2026-02-21,Adzuna
Erfahrener Machine Learning Engineer (m/w/d) im Bereich Klassifikation von Funksignalen Pforzheim,Machine Learning Engineer,Procitec,Germany,Pforzheim,,,,false,none,USD,Unspecified,Mid-level,,false,false,2025-05-15,Adzuna
"Machine Learning Engineer (m/w/d) – AI-Features, Agenten & Multi Agenten Workflows",Machine Learning Engineer,DMRZ,Germany,Düsseldorf,,,,false,none,USD,Unspecified,Mid-level,RAG,false,false,2026-02-11,Adzuna
Search Machine Learning Research Engineer,AI / ML Research,Perplexity,Germany,Berlin,,,,false,none,USD,Unspecified,Senior,PyTorch,false,false,2025-11-17,Adzuna
Internship - Machine Learning Research Engineer,AI / ML Research,Perplexity,Germany,Berlin,,,,false,none,USD,Unspecified,Mid-level,PyTorch,true,false,2026-01-14,Adzuna
Freelance Machine Learning Research Engineer (Python),AI / ML Research,Mindrift,Germany,,,,,false,none,USD,Unspecified,Mid-level,Python,false,true,2026-02-18,Adzuna
"Machine Learning Data Engineer, Replica Pipelines",Data Engineer,Parallel Domain,Germany,Karlsruhe,,,,false,none,USD,Unspecified,Mid-level,Computer Vision,false,true,2026-01-14,Adzuna
Bachelor of Science Studiengang Data Science und Künstliche Intelligenz (w/m/div.),Data Scientist,Bosch Rexroth,Germany,Lohr am Main,,,,false,none,USD,Unspecified,Mid-level,,false,false,2025-10-30,Adzuna
Machine Learning Operations Engineer (m/w/d),MLOps / ML Infrastructure,CGI,Germany,,,,,false,none,USD,Unspecified,Mid-level,,false,false,2025-10-04,Adzuna
Senior Machine Learning Ops Engineer (f/m/x),Other / Unclassified,Enpal B.V.,Germany,Berlin,,,,false,none,USD,Unspecified,Senior,,false,false,2026-02-14,Adzuna
Machine Learning / AI Engineer (m/w/d) remote Deutschland,AI Engineer,Taxy.io,Germany,,,,,false,none,USD,Remote,Mid-level,RAG,false,false,2026-02-17,Adzuna
"Junior Machine Learning / AI Engineer (m/w/d) - System Engineering / Admin, Ingenieur",AI Engineer,Reply Deutschland SE,Germany,Berlin,,,,false,none,USD,Unspecified,Junior,"NLP, RAG",false,false,2026-02-16,Adzuna
"Junior Machine Learning / AI Engineer (m/w/d) - System Engineering / Admin, Ingenieur",AI Engineer,Reply Deutschland SE,Germany,München,,,,false,none,USD,Unspecified,Junior,"NLP, RAG",false,true,2026-02-16,Adzuna
Senior Engineer Machine Learning (gn),Other / Unclassified,workidentity GmbH,Germany,Altona-Altstadt,,,,false,none,USD,Unspecified,Senior,,false,false,2025-02-18,Adzuna
Senior Data Scientist – Quantitative Finance (w/m/d) JVRS1_DE,Data Scientist,HUK-COBURG Versicherungsgruppe,Germany,Coburg,,,,false,none,USD,Unspecified,Senior,,false,false,2026-01-28,Adzuna
"Senior Research Engineer Machine Learning, AI for Science",AI / ML Research,Microsoft Corporation,Germany,Berlin,,,,false,none,USD,Unspecified,Senior,,false,false,2026-02-12,Adzuna
(Senior) Applied ML Engineer IPAI (m/w/d),Machine Learning Engineer,Schwarz Corporate Solutions,Germany,Heilbronn,,,,false,none,USD,Unspecified,Senior,,false,false,2025-12-23,Adzuna
(Senior) Applied ML Engineer IPAI (m/f/d),Machine Learning Engineer,Schwarz Corporate Solutions,Germany,Heilbronn,,,,false,none,USD,Unspecified,Senior,,false,false,2025-12-23,Adzuna
Senior Data Scientist JVRS1_DE,Data Scientist,N26 GmbH,Germany,Berlin,,,,false,none,USD,Unspecified,Senior,,false,false,2025-11-25,Adzuna
Computer Science M.Sc. ð¨âð» (Duales Studium 2026) | HAM,Other / Unclassified,Hochschule für angewandtes Management,Germany,Leipzig (Kreis),,,,false,none,USD,Unspecified,Mid-level,,false,false,2025-10-30,Adzuna
"Staff Engineer, Developer AI, Machine Learning",AI Engineer,Google,Germany,München,,,,false,none,USD,Unspecified,Lead,,false,false,2026-01-29,Adzuna
"Staff Engineer, Developer AI, Machine Learning - Inklusiver Job",AI Engineer,Google,Germany,München,,,,false,none,USD,Unspecified,Lead,Python,false,false,2026-01-28,Adzuna
AI & ML Engineer (m/w/d),Machine Learning Engineer,Olmatic,Germany,,,,,false,none,USD,Unspecified,Mid-level,,false,false,2025-07-13,Adzuna
Senior AI / ML Engineer (w/m/d),Machine Learning Engineer,Cofinpro AG,Germany,,,,,false,none,USD,Unspecified,Senior,,false,false,2024-11-08,Adzuna
Senior ML Engineer - Fraud,Machine Learning Engineer,Qonto,Germany,,,,,false,none,USD,Unspecified,Senior,,false,false,2026-02-12,Adzuna
Senior Full-Stack ML Engineer (m/w/d),Machine Learning Engineer,Cint,Germany,Berlin,,,,false,none,USD,Hybrid,Senior,,false,false,2026-02-21,Adzuna
Data Scientist - Quick Commerce,Data Scientist,Delivery Hero,Germany,Berlin,,,,false,none,USD,Unspecified,Mid-level,,false,false,2026-02-11,Adzuna
Senior Data Scientist (f/m/d),Data Scientist,Cinemo,Germany,,,,,false,none,USD,Unspecified,Senior,,false,false,2025-10-16,Adzuna
Senior Manager Data Science,Data Scientist,Publicis Sapient,Germany,Fechenheim,,,,false,none,USD,Unspecified,Senior,,false,false,2026-01-26,Adzuna
Principal Product Manager AI (m/w/d),AI Product & Program,Chrono24,Germany,Hagsfeld,,,,false,none,USD,Unspecified,Lead,,false,false,2025-12-23,Adzuna
Data Scientist (m/w/d),Data Scientist,AFC-Gruppe,Germany,Neustadt,,,,false,none,USD,Unspecified,Mid-level,,false,false,2026-01-28,Adzuna
(Junior) Conversational AI Developer (m/w/d),NLP / LLM Engineering,MUUUH! GmbH,Germany,Hellern,,,,false,none,USD,Unspecified,Junior,,false,false,2026-01-22,Adzuna
AI Platform Engineer (m/w/d),MLOps / ML Infrastructure,Sopra-Steria,Germany,,,,,false,none,USD,Unspecified,Mid-level,,false,false,2025-09-03,Adzuna
Data Scientist - Machine Learning (m/w/d),Data Scientist,HUK-COBURG Versicherungsgruppe,Germany,Coburg,,,,false,none,USD,Unspecified,Mid-level,,false,false,2026-01-28,Adzuna
Mathematiker als Data Scientist (m/w/d),Data Scientist,HUK-COBURG Versicherungsgruppe,Germany,Coburg,,,,false,none,USD,Unspecified,Mid-level,,false,false,2026-01-28,Adzuna
(Senior) Conversational AI Architect (m/w/d),NLP / LLM Engineering,MUUUH! GmbH,Germany,Hellern,,,,false,none,USD,Unspecified,Senior,,false,false,2026-01-23,Adzuna
Senior Data Scientist – Quantitative Finance (w/m/d) - HUK-COBURG Versicherungsgruppe,Data Scientist,HUK-COBURG Versicherungsgruppe,Germany,Coburg,,,,false,none,USD,Unspecified,Senior,,false,false,2026-01-28,Adzuna
(Senior) ML Engineer,Machine Learning Engineer,Clue,Germany,Kreuzberg,,,,false,none,USD,Unspecified,Senior,,false,false,2026-01-25,Adzuna
Principal Software Engineer - Applied AI,AI Engineer,Emerson,Germany,Äußere Neustadt,,,,false,none,USD,Unspecified,Lead,,false,false,2026-02-11,Adzuna
Data Scientist - Risikomanagement (m/w/d),Data Scientist,HUK-COBURG Versicherungsgruppe,Germany,Coburg,,,,false,none,USD,Unspecified,Mid-level,,false,false,2026-01-28,Adzuna
Senior Software Engineer - Python/AI/ML Infrastructure,MLOps / ML Infrastructure,Celonis,Germany,München,,,,false,none,USD,Unspecified,Senior,Python,false,false,2025-06-12,Adzuna
"Senior Software Engineer, Backend (Berlin)",AI Software Engineer,Cresta,Germany,,,,,false,none,USD,Unspecified,Senior,,false,false,2025-05-05,Adzuna
Data Scientist – Quantitatives Risikomanagement / Asset Liability Management (w/m/d),Data Scientist,HUK-COBURG Versicherungsgruppe,Germany,Coburg,,,,false,none,USD,Unspecified,Mid-level,,false,false,2026-01-28,Adzuna
Data Scientist – Quantitatives Risikomanagement / Asset Liability Management (w/m/d) - HUK-COBURG Versicherungsgruppe,Data Scientist,HUK-COBURG Versicherungsgruppe,Germany,Coburg,,,,false,none,USD,Unspecified,Mid-level,,false,false,2026-01-28,Adzuna
ML Engineer,Machine Learning Engineer,Ailoys GmbH,Germany,Mitte,,,,false,none,USD,Unspecified,Mid-level,,false,false,2025-01-20,Adzuna
Legal Solutions Architect (Libra - Legal AI Assistant) (m/f/d),AI Consulting / Solutions,Wolters Kluwer,Germany,,,,,false,none,USD,Unspecified,Mid-level,,false,false,2026-02-07,Adzuna
Legal Solutions Architect (Libra - Legal AI Assistant) (m/f/d),AI Consulting / Solutions,Libra Technology GmbH,Germany,Berlin,,,,false,none,USD,Unspecified,Mid-level,,false,false,2026-02-05,Adzuna
Principal Machine Learning Expert/ Development Architect (f/m/d),AI Consulting / Solutions,SAP,Germany,Walldorf,,,,false,none,USD,Unspecified,Lead,,false,false,2026-02-12,Adzuna
Principal Machine Learning (Senior/ Expert)/ Development (Senior/ Expert) (f/m/d),Other / Unclassified,SAP,Germany,Walldorf,,,,false,none,USD,Unspecified,Senior,,false,false,2026-02-17,Adzuna
Senior Data Scientist,Data Scientist,Smartly,Germany,Berlin,,,,false,none,USD,Unspecified,Senior,,false,false,2026-02-07,Adzuna
"Senior Manager, Applied Science",Other / Unclassified,Zillow,Germany,,,,,false,none,USD,Unspecified,Senior,Computer Vision,false,false,2026-02-04,Adzuna
"Senior Engineering Manager, Ad Performance Recommendation team",Other / Unclassified,Smartly,Germany,Berlin,,,,false,none,USD,Unspecified,Senior,,false,false,2025-11-09,Adzuna
Principal Software Engineer - Applied AI,AI Engineer,Emerson,Germany,Dresden,,,,false,none,USD,Unspecified,Lead,,false,false,2026-02-12,Adzuna
Senior AI/ML Engineer,Machine Learning Engineer,SumUp,Germany,Berlin,,,,false,none,USD,Unspecified,Senior,,false,false,2025-11-30,Adzuna
Fachverantwortliche*r Künstliche Intelligenz,Other / Unclassified,Berner Fachhochschule BFH,Germany,,140000,173000,156500,false,range,USD,Unspecified,Mid-level,"R, Azure",false,false,2026-02-22,Adzuna
Scientific Engagement Manager,Other / Unclassified,Bioptimus,Germany,,,,,false,none,USD,Remote,Management,,false,false,2025-12-18,Adzuna
Senior ML/AI Solutions Engineer (m/f/d),AI Engineer,Moonfare,Germany,Berlin,,,,false,none,USD,Unspecified,Senior,,false,false,2026-01-23,Adzuna
"Lead Software Engineer (MLOps, GCP)",MLOps / ML Infrastructure,Visium SA,Germany,München,,,,false,none,USD,Unspecified,Lead,GCP,false,false,2026-02-11,Adzuna
"You are interested in a job at QuantPi, but the position is not available?",Other / Unclassified,QuantPi,Germany,Eschberg,,,,false,none,USD,Unspecified,Mid-level,,false,false,2024-12-08,Adzuna
Neutronics Engineer,Other / Unclassified,Proxima Fusion,Germany,,,,,false,none,USD,Unspecified,Mid-level,,false,false,2026-01-09,Adzuna
Full Stack Engineer,AI Software Engineer,Revive It Recruitment,Germany,,81000,108000,94500,false,range,USD,Hybrid,Senior,,false,false,2026-01-30,Adzuna
Foundation and generative models for biomolecules,Other / Unclassified,Inceptive,Germany,,146000,259000,202500,false,range,USD,Unspecified,Mid-level,,false,false,2025-10-31,Adzuna
Drone Pilot for AI Training and Data Collection,Other / Unclassified,TSMG,Germany,Berlin,,,,false,none,USD,Unspecified,Mid-level,Computer Vision,false,false,2024-12-14,Adzuna
Full-Stack Software Engineer,AI Software Engineer,super.AI,Germany,Mitte,,,,false,none,USD,Unspecified,Mid-level,,false,false,2024-09-20,Adzuna
(Sr.) Software Engineer (Berlin),AI Software Engineer,super.AI,Germany,Mitte,,,,false,none,USD,Unspecified,Senior,,false,false,2024-11-08,Adzuna
"Senior Research Engineer, Data Engine",AI / ML Research,Intrinsic,Germany,München,,,,false,none,USD,Unspecified,Senior,,false,false,2025-12-06,Adzuna
Senior AI Product Manager,AI Product & Program,Intercom,Germany,Berlin,,,,false,none,USD,Unspecified,Senior,,false,false,2025-12-14,Adzuna
Member of Technical Staff,Other / Unclassified,Ambrosys,Germany,Babelsberg Süd,,,,false,none,USD,Unspecified,Lead,,false,false,2024-07-30,Adzuna
Senior Infrastructure Engineer - AI/ML,AI Engineer,Mitratech,Germany,,,,,false,none,USD,Unspecified,Senior,,false,false,2025-12-25,Adzuna
Senior MLOps Engineer,MLOps / ML Infrastructure,Talon.One LinkedIn Jobs,Germany,Berlin,,,,false,none,USD,Unspecified,Senior,,false,false,2026-01-06,Adzuna
C-JADC2 SME CMS Project 1032 (Strategic Planner 3) - 26901,Other / Unclassified,Huntington Ingalls Industries,Germany,Ramstein-Miesenbach,,,,false,none,USD,Unspecified,Mid-level,,false,false,2026-01-31,Adzuna
Senior MLOps Engineer,MLOps / ML Infrastructure,Talon.One,Germany,Berlin,,,,false,none,USD,Unspecified,Senior,,false,false,2026-01-08,Adzuna
Technical Project Manager - TASS (Mgr Project Management 2) - 26873,AI Product & Program,Huntington Ingalls Industries,Germany,Ramstein-Miesenbach,,,,false,none,USD,Unspecified,Management,,false,false,2026-01-31,Adzuna
Senior Logistician - TASS (Logistics Management Analyst 3) - 26871,Data Analyst / BI,Huntington Ingalls Industries,Germany,Ramstein-Miesenbach,,,,false,none,USD,Unspecified,Senior,,false,false,2026-01-30,Adzuna
Project Manager - CMS (Mgr Project Management 2) - 26950,AI Product & Program,Huntington Ingalls Industries,Germany,Ramstein-Miesenbach,,,,false,none,USD,Unspecified,Management,,false,false,2026-02-04,Adzuna
Certified Lead Technology Installer - CST (Engineer Field 3) - 27030,Other / Unclassified,Huntington Ingalls Industries,Germany,Ramstein-Miesenbach,,,,false,none,USD,Unspecified,Lead,,false,false,2026-02-08,Adzuna
Knowledge Manager (Systems Administrator 3) - 27170,Other / Unclassified,Huntington Ingalls Industries,Germany,Ramstein-Miesenbach,,,,false,none,USD,Unspecified,Management,,false,false,2026-02-18,Adzuna
CMS Senior Information Operations Planner (Engineer Network 4)- 27199,Other / Unclassified,Huntington Ingalls Industries,Germany,Ramstein-Miesenbach,,,,false,none,USD,Unspecified,Senior,,false,false,2026-02-19,Adzuna
Enterprise Architect CMS Project 1113(Engineer Systems Architect 4) - 26580,AI Consulting / Solutions,Huntington Ingalls Industries,Germany,Ramstein-Miesenbach,,,,false,none,USD,Unspecified,Senior,,false,false,2026-01-11,Adzuna
Project Manager - USAFE (SkillBridge Intern) - 26541,AI Product & Program,Huntington Ingalls Industries,Germany,Ramstein-Miesenbach,,,,false,none,USD,Unspecified,Management,,true,false,2026-01-09,Adzuna
Senior Research Data Engineer,AI / ML Research,DeepL,Germany,Berlin,,,,false,none,USD,Unspecified,Senior,,false,false,2026-02-01,Adzuna
AI Data Scientist (m/w/d),Data Scientist,bbg Betriebsberatungs GmbH,Germany,Bayreuth,,,,false,none,USD,Unspecified,Mid-level,,false,false,2026-02-20,Adzuna
Senior Data Scientist mit Schwerpunkt E-Commerce (m/w/d),Data Scientist,Ernsting's family,Germany,,,,,false,none,USD,Unspecified,Senior,,false,false,2026-02-21,Adzuna
Data Scientist – Prozess-Analytiker (m/w/d) mit betriebswirtschaftlichem Schwerpunkt,Data Scientist,DOMICIL Senioren-Residenzen Hamburg SE,Germany,Hamburg,,,,false,none,USD,Unspecified,Mid-level,,false,false,2026-02-22,Adzuna
(Senior) Principal Clinical Data Scientist - Inklusiver Job,Data Scientist,Boehringer Ingelheim,Germany,Biberach an der Riß,,,,false,none,USD,Unspecified,Senior,,false,false,2026-02-20,Adzuna
Senior Data Scientist - Data Analytics & AI (w/m/d),Data Scientist,TÜV SÜD AG,Germany,München,,,,false,none,USD,Unspecified,Senior,,false,false,2026-02-20,Adzuna
Actuarial Data Scientist / Aktuar:in / Mathematiker:in im Pricing (w/m/d),Data Scientist,HUK-COBURG Versicherungsgruppe,Germany,Coburg,,,,false,none,USD,Unspecified,Mid-level,,false,false,2026-02-13,Adzuna
AI Data Scientist (m/w/d) JVRS1_DE,Data Scientist,bbg Betriebsberatungs GmbH,Germany,Bayreuth,,,,false,none,USD,Unspecified,Mid-level,,false,false,2026-02-20,Adzuna
Senior Data Engineer/Architect (m/w/d),Data Engineer,Ernsting's family,Germany,,,,,false,none,USD,Unspecified,Senior,,false,false,2026-02-12,Adzuna
Senior/Principal Clinical Data Scientist HTA - Inklusiver Job,Data Scientist,Boehringer Ingelheim,Germany,Biberach an der Riß,,,,false,none,USD,Unspecified,Senior,,false,false,2026-02-20,Adzuna
"Data Scientist als Trainee - Data Analytics, Reporting & Finanzcontrolling w|m|d",Data Scientist,SRH,Germany,Heidelberg,,,,false,none,USD,Unspecified,Mid-level,R,false,false,2026-01-27,Adzuna
Big Data Scientist for the Services Analytics Plateau - Inklusiver Job,Data Scientist,Airbus,Germany,Manching,,,,false,none,USD,Unspecified,Mid-level,,false,false,2026-02-17,Adzuna
Data Scientist Supply Chain Management (f/m/d) - Inklusiver Job,Data Scientist,Siemens Healthineers,Germany,Erlangen,,,,false,none,USD,Unspecified,Mid-level,,false,false,2026-01-25,Adzuna
Informatiker als Trainee Data Scientist - Konzeption und Realisierung / Azure Cloud (m/w/d),Data Scientist,ISR Information Products AG,Germany,Hamburg,,,,false,none,USD,Unspecified,Mid-level,Azure,false,false,2025-08-27,Adzuna
Data Scientist als Trainee Business & IT – Digitale Lösungen Steuern w|m|d,Data Scientist,SRH,Germany,Heidelberg,,,,false,none,USD,Unspecified,Mid-level,R,false,false,2026-02-02,Adzuna
Senior Data Scientist mit Schwerpunkt E-Commerce (m/w/d) JVRS1_DE,Data Scientist,Ernsting's family,Germany,,,,,false,none,USD,Unspecified,Senior,,false,false,2026-02-04,Adzuna
Senior Revisor (m/w/d) Schwerpunkt Methoden,Other / Unclassified,DZ HYP,Germany,Hamburg,,,,false,none,USD,Unspecified,Senior,,false,false,2026-02-21,Adzuna
PhD Position – Representation and Active Learning for Multi-Scale Scientific Imaging,Other / Unclassified,Forschungszentrum Jülich GmbH,Germany,Jülich,,,,false,none,USD,Unspecified,Mid-level,,false,false,2026-02-19,Adzuna
Data Scientist,Data Scientist,Almedia,Germany,Berlin,130000,216000,173000,false,range,USD,Unspecified,Mid-level,,false,true,2026-01-08,Adzuna
Data Scientist*,Data Scientist,DAW,Germany,,,,,false,none,USD,Unspecified,Mid-level,,false,false,2026-02-21,Adzuna
Data Scientist,Data Scientist,Seedtag Advertising SL,Germany,,,,,false,none,USD,Unspecified,Lead,Computer Vision,false,false,2026-01-10,Adzuna
Data Scientist,Data Scientist,IMAP GmbH,Germany,Pempelfort,,,,false,none,USD,Unspecified,Mid-level,,false,false,2025-12-20,Adzuna
Data Scientist,Data Scientist,Peec AI,Germany,Berlin,81000,130000,105500,false,range,USD,Unspecified,Mid-level,,false,false,2025-08-01,Adzuna
Data Scientist*,Data Scientist,b.telligent Gruppe,Germany,,,,,false,none,USD,Unspecified,Mid-level,,false,false,2024-12-25,Adzuna
Customer Data Engineer-(w/m/d),Data Engineer,MAINGAU Energie GmbH,Germany,Obertshausen,,,,false,none,USD,Unspecified,Mid-level,,false,false,2026-02-20,Adzuna
Staff Data Scientist,Data Scientist,Vestiaire Collective,Germany,Berlin,,,,false,none,USD,Unspecified,Lead,,false,false,2025-11-27,Adzuna
Creative Data Scientist,Data Scientist,Almedia,Germany,Berlin,108000,151000,129500,false,range,USD,Unspecified,Mid-level,,false,false,2026-01-21,Adzuna
Chemical Data Scientist,Data Scientist,Dunia Innovations,Germany,Berlin,,,,false,none,USD,Unspecified,Mid-level,,false,false,2026-02-07,Adzuna
Chemical Data Scientist,Data Scientist,Dunia Innovations GmbH,Germany,Adlershof,,,,false,none,USD,Unspecified,Mid-level,,false,false,2026-02-05,Adzuna
Senior Data Scientist,Data Scientist,Just Eat,Germany,,,,,false,none,USD,Unspecified,Senior,,false,false,2026-02-20,Adzuna
Senior Data Scientist,Data Scientist,N26 GmbH,Germany,,,,,false,none,USD,Unspecified,Senior,,false,false,2026-02-20,Adzuna
(Senior) Product Manager GenAI & Multiagentensysteme (m/w/d),AI Engineer,Würth Deutschland,Germany,Künzelsau,,,,false,none,USD,Unspecified,Senior,,false,false,2026-02-21,Adzuna
Praktikant*in im MO360 Product Owner Team,AI Product & Program,Mercedes-Benz AG,Germany,Sindelfingen,,,,false,none,USD,Unspecified,Mid-level,,true,false,2026-02-20,Adzuna
Senior Aktuar (m/w/d),Other / Unclassified,AXA Konzern AG,Germany,Köln,,,,false,none,USD,Unspecified,Senior,,false,false,2026-02-20,Adzuna
Senior AI Data Scientist,Data Scientist,MLabs,Germany,,,,,false,none,USD,Remote,Senior,,false,false,2026-02-13,Adzuna
Data Scientist - Databricks (Deutsch),Data Scientist,Interval,Germany,Berlin,,,,false,none,USD,Remote,Mid-level,,false,false,2026-02-21,Adzuna
Data Scientist (all genders),Data Scientist,AbbVie,Germany,Wiesbaden,,,,false,none,USD,Unspecified,Mid-level,,false,false,2026-02-04,Adzuna
Senior Associate Data Scientist,Data Scientist,Publicis Sapient,Germany,Fechenheim,,,,false,none,USD,Unspecified,Junior,,false,false,2026-01-26,Adzuna
Data Scientist (all genders),Data Scientist,Eurowings Digital,Germany,Köln,,,,false,none,USD,Unspecified,Mid-level,,false,false,2026-02-21,Adzuna
Data Scientist (all genders),Data Scientist,Expleo,Germany,München,,,,false,none,USD,Unspecified,Mid-level,,false,false,2026-01-08,Adzuna
Data Scientist (all genders),Data Scientist,Expleo,Germany,,,,,false,none,USD,Unspecified,Mid-level,,false,false,2026-01-13,Adzuna
Data Scientist - Remote Sensing,Data Scientist,Kpler,Germany,,,,,false,none,USD,Remote,Mid-level,,false,false,2026-02-01,Adzuna
Data Scientist - Generative AI,Data Scientist,enercity,Germany,,,,,false,none,USD,Unspecified,Mid-level,,false,false,2026-01-29,Adzuna
Senior GenAI Architect - Internal Projects & Efficiency (m/w/d),AI Engineer,in-tech,Germany,Garching bei München,,,,false,none,USD,Unspecified,Senior,,false,false,2026-02-21,Adzuna
Sr Data Scientist- Stuttgart Germany,Data Scientist,BAE Systems,Germany,Wiesbaden,,,,false,none,USD,Unspecified,Senior,,false,false,2026-01-31,Adzuna
Sr Data Scientist- Stuttgart Germany,Data Scientist,BAE Systems,Germany,Stuttgart,,,,false,none,USD,Unspecified,Senior,,false,true,2026-02-22,Adzuna
Data Scientist (m/w/d),Data Scientist,Rheinland Kraftstoff,Germany,Beckhausen,,,,false,none,USD,Unspecified,Mid-level,,false,false,2026-02-03,Adzuna
Data Scientist (m/w/d),Data Scientist,NEUMÜLLER Unternehmensgruppe,Germany,Kleinreuth h d Veste,,,,false,none,USD,Unspecified,Mid-level,,false,false,2025-12-24,Adzuna
Data Scientist (m/w/d),Data Scientist,anacision,Germany,,,,,false,none,USD,Unspecified,Mid-level,,false,false,2026-02-21,Adzuna
Senior Data Scientist (all genders),Data Scientist,HelloFresh,Germany,Berlin,,,,false,none,USD,Unspecified,Senior,,false,false,2026-01-29,Adzuna
Data Scientist (m/w/d),Data Scientist,EMA-Vermittlung GmbH,Germany,Mitte,,,,false,none,USD,Unspecified,Mid-level,,false,false,2026-02-07,Adzuna
Data Scientist (m/w/d),Data Scientist,EMA-Vermittlung GmbH,Germany,Friedrichstadt,,,,false,none,USD,Unspecified,Mid-level,,false,true,2026-02-07,Adzuna
Data Scientist (m/w/d),Data Scientist,EMA-Vermittlung GmbH,Germany,Hamburg-Altstadt,,,,false,none,USD,Unspecified,Mid-level,,false,true,2026-02-10,Adzuna
Data Scientist (m/w/d),Data Scientist,EMA-Vermittlung GmbH,Germany,Altstadt-Nord,,,,false,none,USD,Unspecified,Mid-level,,false,true,2026-02-10,Adzuna
Data Scientist (m/w/d),Data Scientist,EMA-Vermittlung GmbH,Germany,Frankfurt am Main,,,,false,none,USD,Unspecified,Mid-level,,false,true,2026-02-10,Adzuna
Stellenangebot SENIOR DATA SCIENTIST* bei New Yorker,Data Scientist,New Yorker,Germany,Watenbüttel,,,,false,none,USD,Unspecified,Senior,,false,false,2025-12-20,Adzuna
Data Scientist (w/m/d),Data Scientist,Highberg,Germany,Hamburg,,,,false,none,USD,Unspecified,Mid-level,,false,false,2024-07-30,Adzuna
Data Scientist (w/m/d),Data Scientist,Highberg DACH,Germany,HafenCity,,,,false,none,USD,Unspecified,Mid-level,,false,false,2023-10-05,Adzuna
Stellenangebot STAFF DATA SCIENTIST* bei New Yorker,Data Scientist,New Yorker,Germany,Watenbüttel,,,,false,none,USD,Unspecified,Lead,,false,false,2025-05-15,Adzuna
(Senior) Principal Clinical Data Scientist,Data Scientist,Boehringer Ingelheim,Germany,Biberach,,,,false,none,USD,Unspecified,Senior,,false,false,2026-02-21,Adzuna
(Senior) Principal Clinical Data Scientist,Data Scientist,Boehringer Ingelheim,Germany,Ingelheim am Rhein,,,,false,none,USD,Unspecified,Senior,,false,true,2026-02-21,Adzuna
Data Scientist (m/w/d),Data Scientist,"AMAZONEN-Werke H. Dreyer SE & Co. KG, Werk Gaste",Germany,Hasbergen,,,,false,none,USD,Unspecified,Mid-level,,false,false,2026-01-22,Adzuna
Data Scientist (m/w/d),Data Scientist,adnomaly technologies,Germany,Düsseldorf,,,,false,none,USD,Unspecified,Mid-level,,false,false,2024-11-08,Adzuna
Data Scientist (m/f/d),Data Scientist,AutoScout24,Germany,München,,,,false,none,USD,Unspecified,Mid-level,,false,false,2026-01-07,Adzuna
Senior Data Scientist (m/w),Data Scientist,KI group,Germany,Köln,,,,false,none,USD,Unspecified,Senior,,false,false,2025-05-03,Adzuna
"Senior Data Scientist, Ads & Monetisation",Data Scientist,Bolt Technology,Germany,Berlin,,,,false,none,USD,Unspecified,Senior,,false,false,2026-02-21,Adzuna
Data Scientist (m/w/d),Data Scientist,IBM,Germany,Magdeburg,,,,false,none,USD,Hybrid,Mid-level,,false,false,2026-01-19,Adzuna
Data Scientist (m/f/x),Data Scientist,finn,Germany,,1000,1000,1000,true,point_estimate,USD,Unspecified,Mid-level,,false,false,2026-02-14,Adzuna
Geospatial Data Scientist (French speaking),Data Scientist,VIDA,Germany,Schwabing-Freimann,,,,false,none,USD,Unspecified,Mid-level,,false,false,2025-11-22,Adzuna
Data Scientist (m/w/d),Data Scientist,Akka Technologies,Germany,Mitte,,,,false,none,USD,Unspecified,Mid-level,,false,false,2022-05-11,Adzuna
Data Scientist (m/w/d),Data Scientist,1Komma5° GmbH,Germany,Neustadt,,,,false,none,USD,Unspecified,Mid-level,R,false,false,2025-12-05,Adzuna
Data Scientist (f/m/d),Data Scientist,aevoloop,Germany,Zentrum,,,,false,none,USD,Unspecified,Mid-level,R,false,false,2025-12-17,Adzuna
Data Scientist – ML & Predictive Analytics *,Data Scientist,Tri.Merge GmbH,Germany,Schnetzenhausen,,,,false,none,USD,Unspecified,Mid-level,,false,false,2025-08-16,Adzuna
Data Scientist (m/f/x),Data Scientist,Valyria Technology GmbH,Germany,Berlin,,,,false,none,USD,Unspecified,Mid-level,,false,false,2026-01-07,Adzuna
Data Scientist m/w/d,Data Scientist,Miele,Germany,,,,,false,none,USD,Unspecified,Mid-level,,false,false,2026-01-24,Adzuna
Data Scientist (m/f/d),Data Scientist,Dersche,Germany,Stuttgart,,,,false,none,USD,Unspecified,Mid-level,,false,false,2024-11-08,Adzuna
Senior Data Scientist - AI Tooling,Data Scientist,Intercom,Germany,Berlin,,,,false,none,USD,Unspecified,Senior,,false,false,2025-11-04,Adzuna
Data Scientist (m/f/d),Data Scientist,OMMAX,Germany,München,,,,false,none,USD,Unspecified,Mid-level,,false,false,2025-10-20,Adzuna
Data Scientist (m/w/d),Data Scientist,Deutscher Reisesicherungsfonds,Germany,Berlin,,,,false,none,USD,Unspecified,Mid-level,,false,false,2025-11-17,Adzuna
Data Scientist – ML & Predictive Analytics *,Data Scientist,Tri.Merge,Germany,Friedrichshafen,,,,false,none,USD,Unspecified,Mid-level,,false,false,2025-08-17,Adzuna
Annotation & Quality Manager (m/w/d) – KI & Straßeninfrastruktur,AI Training & Annotation,HOCHTIEF PPP Solutions GmbH,Germany,Essen,,,,false,none,USD,Unspecified,Management,,false,false,2026-02-13,Adzuna
Senior Data Scientist (m/f/d),Data Scientist,Axel Springer National Media & Tech GmbH & Co. KG,Germany,Berlin,,,,false,none,USD,Unspecified,Senior,,false,false,2026-02-21,Adzuna
Product Data Scientist owning Personalisation & Recommendations,Data Scientist,10Folders,Germany,Bremen,,,,false,none,USD,Remote,Mid-level,,false,false,2026-01-15,Adzuna
Software Architect (all genders welcome) for cloud based solutions in the field of Water Line Integrity Solutions,AI Consulting / Solutions,Rosenxt Group,Germany,,,,,false,none,USD,Unspecified,Mid-level,,false,false,2026-02-18,Adzuna
Senior Data Scientist (m/w/d),Data Scientist,Fincon Reply GmbH,Germany,,,,,false,none,USD,Unspecified,Senior,,false,false,2024-06-10,Adzuna
Senior Data Scientist (m/f/d),Data Scientist,AutoScout24,Germany,München,,,,false,none,USD,Unspecified,Senior,,false,false,2026-02-13,Adzuna
Principal Data Scientist (m/f/d),Data Scientist,AutoScout24,Germany,München,,,,false,none,USD,Unspecified,Lead,,false,false,2025-12-02,Adzuna
Senior Data Scientist (f/m/x),Data Scientist,Tourlane,Germany,Berlin,,,,false,none,USD,Unspecified,Senior,,false,false,2026-01-08,Adzuna
Wirtschaftsinformatiker als Data Scientist (m/w/d),Data Scientist,finAPI GmbH,Germany,München,,,,false,none,USD,Unspecified,Mid-level,,false,false,2026-02-19,Adzuna
Data Scientist - FinTech (m/w/d),Data Scientist,finAPI GmbH,Germany,München,,,,false,none,USD,Unspecified,Mid-level,,false,false,2026-02-19,Adzuna
Senior Data Scientist (m/w/d),Data Scientist,JANSON,Germany,Innenstadt,49000,65000,57000,false,range,USD,Unspecified,Senior,"Python, PyTorch, TensorFlow, Scikit-learn",false,false,2026-02-22,Adzuna
Data Scientist - VC Backed startup (Munich),Data Scientist,Cherry Ventures,Germany,München,,,,false,none,USD,Unspecified,Mid-level,,false,false,2026-02-06,Adzuna
Data Scientist (m/w/d) Vertriebsdaten,Data Scientist,S Rating und Risikosysteme GmbH,Germany,Mitte,,,,false,none,USD,Unspecified,Senior,,false,false,2026-02-02,Adzuna
Early Career Data Scientist - Accelerator Programme,Data Scientist,SumUp,Germany,Berlin,,,,false,none,USD,Onsite,Mid-level,,false,false,2026-02-13,Adzuna
KI Data Scientist (m/w/d),Data Scientist,DATASEC information factory,Germany,Weidenau,,,,false,none,USD,Unspecified,Mid-level,,false,false,2025-08-18,Adzuna
Senior Data Scientist – Berlin (On-Site),Data Scientist,mama,Germany,Prenzlauer Berg,,,,false,none,USD,Onsite,Senior,,false,false,2026-01-07,Adzuna
(Senior) Data Scientist (d/f/m),Data Scientist,Risk.Ident GmbH,Germany,HafenCity,,,,false,none,USD,Unspecified,Senior,,false,false,2026-01-30,Adzuna
"Senior Data Scientist, Rides Dynamic Pricing",Data Scientist,Bolt Technology,Germany,Berlin,,,,false,none,USD,Unspecified,Senior,,false,false,2026-02-04,Adzuna
Senior/Principal Clinical Data Scientist HTA,Data Scientist,Boehringer Ingelheim,Germany,Ingelheim am Rhein,,,,false,none,USD,Unspecified,Senior,,false,false,2026-02-21,Adzuna
Senior/Principal Clinical Data Scientist HTA,Data Scientist,Boehringer Ingelheim,Germany,Biberach,,,,false,none,USD,Unspecified,Senior,,false,true,2026-02-21,Adzuna
Senior Data Scientist (m/f/d),Data Scientist,talpasolutions GmbH,Germany,Südostviertel,,,,false,none,USD,Unspecified,Senior,,false,false,2026-02-06,Adzuna
Data Scientist and Process Mining Architect,Data Scientist,Processand GmbH,Germany,Ludwigsvorstadt-Isarvorstadt,,,,false,none,USD,Unspecified,Senior,,false,false,2026-02-18,Adzuna
Data Scientist als Aktuar (m/w/d),Data Scientist,HUK-COBURG Versicherungsgruppe,Germany,Coburg,,,,false,none,USD,Unspecified,Mid-level,,false,false,2026-02-10,Adzuna
Data Scientist (Student / Working Student) – Cloover ⚡,Data Scientist,Cloover,Germany,Berlin,,,,false,none,USD,Unspecified,Mid-level,,false,false,2025-10-17,Adzuna
Data Scientist im Fertigungsbereich (w/m/d),Data Scientist,Siemens Healthineers AG,Germany,Erlangen,,,,false,none,USD,Remote,Mid-level,,false,false,2025-11-27,Adzuna
Data Scientist - Defense (m/w/d),Data Scientist,IBM,Germany,Frankfurt am Main,,,,false,none,USD,Hybrid,Mid-level,,false,false,2026-01-19,Adzuna
Data Scientist - Defense (m/w/d),Data Scientist,IBM,Germany,,,,,false,none,USD,Hybrid,Mid-level,,false,true,2026-01-19,Adzuna
Data Scientist - Defense (m/w/d),Data Scientist,IBM,Germany,Magdeburg,,,,false,none,USD,Hybrid,Mid-level,,false,true,2026-02-03,Adzuna
Senior Data Scientist (w/m/d),Data Scientist,Billie,Germany,Berlin,,,,false,none,USD,Unspecified,Senior,,false,false,2026-01-24,Adzuna
(Senior) Data Scientist (f/m/x),Data Scientist,exmox,Germany,Hamburg-Altstadt,,,,false,none,USD,Unspecified,Senior,,false,false,2025-09-25,Adzuna
Senior Data Scientist (m/f/d),Data Scientist,EGYM,Germany,Au-Haidhausen,,,,false,none,USD,Unspecified,Senior,,false,false,2025-11-29,Adzuna
Data Scientist & AI Educator (alle Geschlechter),Data Scientist,statworx,Germany,Fechenheim,,,,false,none,USD,Unspecified,Mid-level,,false,false,2025-12-23,Adzuna
Senior Data Scientist (m/w/d),Data Scientist,Akka Technologies,Germany,Mitte,,,,false,none,USD,Unspecified,Senior,Computer Vision,false,false,2025-02-24,Adzuna
Lead Data Scientist (m/w/d),Data Scientist,Faszination,Germany,Baden-Württemberg,,,,false,none,USD,Unspecified,Lead,,false,false,2025-05-10,Adzuna
Senior Data Scientist (f/m/d),Data Scientist,Zenjob,Germany,Berlin,,,,false,none,USD,Unspecified,Senior,,false,false,2025-12-19,Adzuna
Weather Data Scientist d/f/m,Data Scientist,RWE,Germany,Frillendorf,,,,false,none,USD,Unspecified,Mid-level,,false,false,2026-02-11,Adzuna
Chemical Data Scientist (w/m/d),Data Scientist,DELO,Germany,Windach,,,,false,none,USD,Unspecified,Mid-level,,false,false,2026-02-04,Adzuna
Energy Data Scientist (m/f/x),Data Scientist,Valyria Technology GmbH,Germany,Berlin,,,,false,none,USD,Unspecified,Mid-level,,false,false,2025-11-10,Adzuna
Ai Data Scientist (m/w/d),Data Scientist,bbg Betriebsberatungs GmbH,Germany,Altstadt,,,,false,none,USD,Unspecified,Mid-level,,false,false,2026-02-21,Adzuna
Senior Data Scientist M/F/X,Data Scientist,N26 GmbH,Germany,Mitte,65000,106000,85500,false,range,USD,Unspecified,Senior,,false,false,2026-02-22,Adzuna
Data Scientist & Applied Machine Learning Expert:in,Data Scientist,SBI - Support by Improvement GmbH,Germany,Eschborn,50000,50000,50000,true,point_estimate,USD,Unspecified,Mid-level,"Python, SQL, PyTorch, TensorFlow, Keras, Scikit-learn, AWS, Azure",false,false,2026-02-22,Adzuna
Data Scientist als Prüfungskorrektor (m/w/d),Data Scientist,IU Internationale Hochschule,Germany,,,,,false,none,USD,Remote,Mid-level,R,false,false,2026-02-18,Adzuna
Data Scientist als Dozent (m/w/d),Data Scientist,IU Internationale Hochschule,Germany,Friedrichstadt,,,,false,none,USD,Unspecified,Mid-level,R,false,false,2026-01-13,Adzuna
Data Scientist als Korrektor (m/w/d),Data Scientist,IU Internationale Hochschule,Germany,,,,,false,none,USD,Remote,Mid-level,R,false,false,2026-02-17,Adzuna
Senior Data Scientist - Data Analytics & AI (w/m/d),Data Scientist,TÜV Süd,Germany,München,,,,false,none,USD,Unspecified,Senior,,false,false,2026-02-17,Adzuna
Junior Data Scientist / Data Analyst - Controlling (m/w/d),Data Scientist,Kaufland,Germany,Neckarsulm,,,,false,none,USD,Unspecified,Junior,,false,false,2026-01-22,Adzuna
Freelance Data Scientist (Python & SQL) - AI Trainer,AI Training & Annotation,Mindrift,Germany,Hamburg,,,,false,none,USD,Unspecified,Mid-level,"Python, SQL",false,true,2026-02-17,Adzuna
Freelance Data Scientist (Python & SQL) - AI Trainer,AI Training & Annotation,Mindrift,Germany,Berlin,,,,false,none,USD,Unspecified,Mid-level,"Python, SQL",false,true,2026-02-17,Adzuna
Freelance Data Scientist (Python & SQL) - AI Trainer,AI Training & Annotation,Mindrift,Germany,,,,,false,none,USD,Unspecified,Mid-level,"Python, SQL",false,true,2026-02-17,Adzuna
Freelance Data Scientist (Python & SQL) - AI Trainer,AI Training & Annotation,Mindrift,Germany,Köln,,,,false,none,USD,Unspecified,Mid-level,"Python, SQL",false,true,2026-02-17,Adzuna
Praktikum Data Scientist - Pricing (m/w/d),Data Scientist,Schwarz IT,Germany,Berlin,,,,false,none,USD,Unspecified,Mid-level,,true,false,2026-02-17,Adzuna
Data Scientist Full Stack (m/w/d),Data Scientist,Neue Westfälische,Germany,Innenstadt,,,,false,none,USD,Unspecified,Mid-level,,false,false,2026-02-20,Adzuna
Internship: Data Scientist - Pricing (m/f/d),Data Scientist,Schwarz IT,Germany,Berlin,,,,false,none,USD,Unspecified,Mid-level,Python,true,false,2026-02-17,Adzuna
Senior SRM Data Scientist (m/w/d),Data Scientist,Coty,Germany,Darmstadt,,,,false,none,USD,Unspecified,Senior,,false,false,2026-02-07,Adzuna
Senior Data Scientist AI (m/w/d),Data Scientist,IBM,Germany,Frankfurt am Main,,,,false,none,USD,Unspecified,Senior,,false,false,2025-02-24,Adzuna
Data Scientist - Pre-Sales (F/M/X),Data Scientist,Acuity Analytics,Germany,München (Kreis),,,,false,none,USD,Unspecified,Mid-level,,false,false,2025-12-20,Adzuna
(Senior) Data Scientist Analytics (m/w/d),Data Scientist,Konzernzentrale,Germany,Braunsfeld,,,,false,none,USD,Unspecified,Senior,,false,false,2025-12-25,Adzuna
Senior AI & Data Scientist (m/f/d),Data Scientist,Trelleborg Group,Germany,,,,,false,none,USD,Unspecified,Senior,R,false,false,2026-01-10,Adzuna
Data Scientist / KI-Engineer (m/w/d),Data Scientist,SBK Siemens-Betriebskrankenkasse,Germany,München,,,,false,none,USD,Unspecified,Mid-level,,false,false,2026-01-31,Adzuna
Senior Data Scientist in der Verfahrenstechnik (m/w/d),Data Scientist,Basf France,Germany,Schwarzheide,,,,false,none,USD,Unspecified,Senior,,false,false,2025-02-24,Adzuna
Data Scientist Life Science (m/w/d),Data Scientist,FERCHAU GmbH,Germany,Biberach an der Riß,,,,false,none,USD,Unspecified,Mid-level,,false,false,2025-10-08,Adzuna
(Junior) Data Scientist (w/m/d) - Inklusiver Job,Data Scientist,KfW Bankengruppe,Germany,Frankfurt am Main,,,,false,none,USD,Unspecified,Junior,,false,false,2026-01-28,Adzuna
AI Data Scientist Payments (m/w/d),Data Scientist,CGI,Germany,,,,,false,none,USD,Unspecified,Mid-level,,false,false,2025-11-28,Adzuna
Senior GenAI Data Scientist (m/f/d),Data Scientist,AutoScout24,Germany,München,,,,false,none,USD,Unspecified,Senior,,false,false,2026-01-19,Adzuna
Data Scientist Machine Learning (m/w/d),Data Scientist,FERCHAU GmbH,Germany,Biberach an der Riß,,,,false,none,USD,Unspecified,Mid-level,R,false,false,2023-11-14,Adzuna
Lead Data Scientist (m/w/d) in Böblingen,Data Scientist,Skalbach GmbH,Germany,Flugfeld,,,,false,none,USD,Unspecified,Lead,,false,false,2025-12-09,Adzuna
Data Scientist / KI-Expert (w/m/d),Data Scientist,Starpool Finanz,Germany,,,,,false,none,USD,Unspecified,Mid-level,,false,false,2026-02-07,Adzuna
Credit Risk Data Scientist (m/f/d),Data Scientist,Bees & Bears,Germany,Mitte,,,,false,none,USD,Unspecified,Management,,false,false,2025-12-11,Adzuna
Data Analyst / Data Scientist (m/w/d),Data Scientist,M&L Corporate Group,Germany,,,,,false,none,USD,Unspecified,Mid-level,,false,false,2025-10-11,Adzuna
Lead Data Scientist (m/w/d) in Böblingen,Data Scientist,Skalbach,Germany,Böblingen,,,,false,none,USD,Unspecified,Lead,,false,false,2025-12-10,Adzuna
Data Scientist als KI-Beauftragter (m/w/d),Data Scientist,UGA Biopharma GmbH,Germany,Hennigsdorf,,,,false,none,USD,Unspecified,Mid-level,,false,false,2026-02-13,Adzuna
Data Scientist as Lecturer (m/f/d),Data Scientist,IU Internationale Hochschule,Germany,Friedrichshain,,,,false,none,USD,Unspecified,Mid-level,,false,false,2026-02-03,Adzuna
Data Scientist als KI Spezialist (m/w/d),Data Scientist,Naturenergie Hochrhein AG,Germany,Rheinfelden (Baden),,,,false,none,USD,Unspecified,Mid-level,,false,false,2026-02-05,Adzuna
Data Scientist / Analyst Big Data Automotive (m/w/d),Data Scientist,FERCHAU GmbH,Germany,Mitte,,,,false,none,USD,Unspecified,Mid-level,R,false,false,2023-11-14,Adzuna
Senior Product Manager - Onboarding & KYC,AI Product & Program,N26 GmbH,Germany,Berlin,,,,false,none,USD,Unspecified,Senior,,false,false,2026-02-10,Adzuna
Senior Data Scientist – Vertriebsprozesse und KI (m/w/d),Data Scientist,R+V Allgemeine Versicherung AG,Germany,Wiesbaden,,,,false,none,USD,Unspecified,Senior,,false,false,2026-02-10,Adzuna
(Senior) Data Scientist (m/w/d) Retail Media,Data Scientist,jobvalley,Germany,Köln,,,,false,none,USD,Unspecified,Senior,,false,false,2025-10-01,Adzuna
! GD_2025_102 Data Scientist (m/w/d),Data Scientist,Generali Deutschland AG,Germany,Saarbrücken,,,,false,none,USD,Unspecified,Mid-level,,false,false,2025-10-22,Adzuna
Data Scientist - Public Sektor / Defense (m/w/d),Data Scientist,IBM,Germany,Magdeburg,,,,false,none,USD,Unspecified,Mid-level,,false,false,2026-01-10,Adzuna
Data Scientist - Public Sektor / Defense (m/w/d),Data Scientist,IBM,Germany,,,,,false,none,USD,Unspecified,Mid-level,,false,true,2026-01-10,Adzuna
Data Scientist - Public Sektor / Defense (m/w/d),Data Scientist,IBM,Germany,Frankfurt am Main,,,,false,none,USD,Unspecified,Mid-level,,false,true,2026-01-10,Adzuna
! GD_2025_127 Data Scientist (m/w/d),Data Scientist,Generali Deutschland AG,Germany,,,,,false,none,USD,Unspecified,Mid-level,,false,false,2025-11-05,Adzuna
Data Scientist (m/w/d) – Fintech Data Intelligence,Data Scientist,finAPI GmbH,Germany,München,,,,false,none,USD,Unspecified,Mid-level,,false,false,2026-02-20,Adzuna
Data Scientist (m/f/d) - Sales Forecasting & Pricing,Data Scientist,home24 SE,Germany,Berlin,,,,false,none,USD,Unspecified,Mid-level,,false,false,2026-02-08,Adzuna
Data Scientist/Analyst Power BI (m/w/d),Data Scientist,Weleda,Germany,Schwäbisch Gmünd,,,,false,none,USD,Unspecified,Mid-level,,false,false,2026-02-13,Adzuna
Senior Data Scientist (m/f/d) - AMAI GmbH,Data Scientist,AMAI GmbH,Germany,Karlsruhe,,,,false,none,USD,Unspecified,Senior,,false,false,2026-02-15,Adzuna
Big Data Scientist for the Services Analytics Plateau,Data Scientist,Airbus,Germany,Manching,,,,false,none,USD,Unspecified,Mid-level,,false,false,2026-02-18,Adzuna
Data Scientist (m/w/d) (Analytics & Dashboarding) im Consulting,Data Scientist,DRIVE Consulting,Germany,Feldmoching-Hasenbergl,,,,false,none,USD,Unspecified,Mid-level,,false,false,2025-08-29,Adzuna
mySugr Digital Biomarker Data Scientist (m/f/d),Data Scientist,Roche,Germany,Penzberg,,,,false,none,USD,Unspecified,Mid-level,,false,false,2025-12-18,Adzuna
Senior Data Scientist – Schwerpunkt KI (m/w/d),Data Scientist,areto Gruppe,Germany,Buchheim,,,,false,none,USD,Hybrid,Senior,,false,false,2025-12-02,Adzuna
Senior Data Scientist – Schwerpunkt KI (m/w/d),Data Scientist,areto consulting,Germany,,,,,false,none,USD,Hybrid,Senior,,false,false,2025-10-02,Adzuna
Professional/Senior Bioinformatiker / Data Scientist (m/w/x),Data Scientist,MVZ Martinsried GmbH,Germany,Planegg,,,,false,none,USD,Unspecified,Senior,,false,false,2026-02-22,Adzuna
Masterarbeit / Bachelorarbeit - Data Scientist / KI im Konfigurationsmanagement (m/w/d),Data Scientist,Bert. Technology Germany,Germany,Münchnerau,,,,false,none,USD,Unspecified,Mid-level,,false,false,2025-08-28,Adzuna
LLM Engineer (m/w/d),NLP / LLM Engineering,Codari,Germany,,,,,false,none,USD,Unspecified,Mid-level,,false,false,2025-11-11,Adzuna
Chatbot LLM Engineer (all genders),NLP / LLM Engineering,botario,Germany,Handelshäfen,,,,false,none,USD,Unspecified,Mid-level,,false,false,2024-12-21,Adzuna
LLM Engineer bei der JUST ADD AI (all genders),NLP / LLM Engineering,JUST ADD AI GmbH,Germany,Handelshäfen,,,,false,none,USD,Unspecified,Mid-level,RAG,false,false,2026-01-28,Adzuna
AI Specialist / LLM Application Engineer (m/f/x),NLP / LLM Engineering,SuitePad GmbH,Germany,Kreuzberg,,,,false,none,USD,Unspecified,Mid-level,,false,false,2026-01-29,Adzuna
Staff LLM Interaction Engineer (Europe remote - TS/Vue/NodeJS),NLP / LLM Engineering,n8n,Germany,Bernau bei Berlin,,,,false,none,USD,Remote,Lead,,false,false,2026-01-28,Adzuna
(Senior) LLM / AI Engineer (m/f/d) Predictive Maintenance Agent,NLP / LLM Engineering,Agile Robots SE,Germany,Sendling,,,,false,none,USD,Unspecified,Senior,,false,false,2026-01-09,Adzuna
(Senior) LLM / AI Engineer (m/f/d) Predictive Maintenance Agent,NLP / LLM Engineering,Agile Robots SE,Germany,,,,,false,none,USD,Unspecified,Senior,,false,true,2026-01-10,Adzuna
Product Engineer - Langfuse,Other / Unclassified,Tec Partners Limited,Germany,Prenzlauer Berg,,,,false,none,USD,Onsite,Mid-level,,false,false,2025-11-23,Adzuna
Senior Full-Stack Developer,AI Software Engineer,TripleTen,Germany,Berlin,,,,false,none,USD,Unspecified,Senior,,false,false,2026-01-27,Adzuna
Director Data Science,Data Scientist,Peec AI,Germany,Berlin,151000,173000,162000,false,range,USD,Unspecified,Lead,,false,false,2026-01-15,Adzuna
Product Engineer,Other / Unclassified,Flank,Germany,Berlin,,,,false,none,USD,Unspecified,Mid-level,,false,false,2025-07-29,Adzuna
"Tech Lead, LLM & Generative AI (Full Remote - Germany)",NLP / LLM Engineering,EverAI,Germany,,,,,false,none,USD,Remote,Lead,,false,false,2025-11-30,Adzuna
Prompt Engineer (m/w/d) Translation Management,NLP / LLM Engineering,Schmieder GmbH,Germany,Fronreute,,,,false,none,USD,Unspecified,Mid-level,,false,false,2026-02-19,Adzuna
Prompt Engineer (m/w/d) Translation Management,NLP / LLM Engineering,Schmieder GmbH,Germany,Ravensburg (Kreis),,,,false,none,USD,Unspecified,Junior,,false,false,2026-02-21,Adzuna
AI Prompt Engineer (f/m/d),NLP / LLM Engineering,Sonar,Germany,Bochum,,,,false,none,USD,Unspecified,Mid-level,,false,false,2025-12-04,Adzuna
Senior Copywriter & AI Prompt Engineer (m/f/d),NLP / LLM Engineering,HUGO BOSS,Germany,Metzingen,,,,false,none,USD,Unspecified,Senior,,false,false,2026-02-19,Adzuna
Quereinstieg als Prompt Engineer (m/w/d) – 100% remote,NLP / LLM Engineering,mycareernow GmbH,Germany,Bietigheim-Bissingen,,,,false,none,USD,Remote,Mid-level,,false,false,2026-02-13,Adzuna
Quereinstieg als Prompt Engineer (m/w/d) – 100% remote,NLP / LLM Engineering,mycareernow GmbH,Germany,Altstadt,,,,false,none,USD,Remote,Mid-level,,false,true,2026-02-13,Adzuna
Quereinstieg als Prompt Engineer (m/w/d) – 100% remote,NLP / LLM Engineering,mycareernow GmbH,Germany,Bergkamen,,,,false,none,USD,Remote,Mid-level,,false,true,2026-02-13,Adzuna
Quereinstieg als Prompt Engineer (m/w/d) – 100% remote,NLP / LLM Engineering,mycareernow GmbH,Germany,,,,,false,none,USD,Remote,Mid-level,,false,true,2026-02-13,Adzuna
Quereinstieg als Prompt Engineer (m/w/d) – 100% remote,NLP / LLM Engineering,mycareernow GmbH,Germany,Flugfeld,,,,false,none,USD,Remote,Mid-level,,false,true,2026-02-13,Adzuna
Quereinstieg als Prompt Engineer (m/w/d) – 100% remote,NLP / LLM Engineering,mycareernow GmbH,Germany,Dachau,,,,false,none,USD,Remote,Mid-level,,false,true,2026-02-13,Adzuna
Quereinstieg als Prompt Engineer (m/w/d) – 100% remote,NLP / LLM Engineering,mycareernow GmbH,Germany,Gemeinde Odenthal,,,,false,none,USD,Remote,Mid-level,,false,true,2026-02-13,Adzuna
Quereinstieg als Prompt Engineer (m/w/d) – 100% remote,NLP / LLM Engineering,mycareernow GmbH,Germany,Außenbereich,,,,false,none,USD,Remote,Mid-level,,false,true,2026-02-13,Adzuna
Quereinstieg als Prompt Engineer (m/w/d) – 100% remote,NLP / LLM Engineering,mycareernow GmbH,Germany,Wildensorg,,,,false,none,USD,Remote,Mid-level,,false,true,2026-02-13,Adzuna
Quereinstieg als Prompt Engineer (m/w/d) – 100% remote,NLP / LLM Engineering,mycareernow GmbH,Germany,Groden,,,,false,none,USD,Remote,Mid-level,,false,true,2026-02-13,Adzuna
Quereinstieg als Prompt Engineer (m/w/d) – 100% remote,NLP / LLM Engineering,mycareernow GmbH,Germany,Dülmen,,,,false,none,USD,Remote,Mid-level,,false,true,2026-02-13,Adzuna
Quereinstieg als Prompt Engineer (m/w/d) – 100% remote,NLP / LLM Engineering,mycareernow GmbH,Germany,Eschweiler,,,,false,none,USD,Remote,Mid-level,,false,true,2026-02-13,Adzuna
Quereinstieg als Prompt Engineer (m/w/d) – 100% remote,NLP / LLM Engineering,mycareernow GmbH,Germany,Schötmar,,,,false,none,USD,Remote,Mid-level,,false,true,2026-02-13,Adzuna
Quereinstieg als Prompt Engineer (m/w/d) – 100% remote,NLP / LLM Engineering,mycareernow GmbH,Germany,Am Stapp,,,,false,none,USD,Remote,Mid-level,,false,true,2026-02-13,Adzuna
Quereinstieg als Prompt Engineer (m/w/d) – 100% remote,NLP / LLM Engineering,mycareernow GmbH,Germany,Anger,,,,false,none,USD,Remote,Mid-level,,false,true,2026-02-13,Adzuna
Quereinstieg als Prompt Engineer (m/w/d) – 100% remote,NLP / LLM Engineering,mycareernow GmbH,Germany,Dormagen-Nord,,,,false,none,USD,Remote,Mid-level,,false,true,2026-02-13,Adzuna
KI Prompt Engineer/AI Consultant (m/w/d) – 100% remote,NLP / LLM Engineering,mycareernow GmbH,Germany,,,,,false,none,USD,Remote,Mid-level,,false,false,2026-02-14,Adzuna
KI Prompt Engineer/AI Consultant (m/w/d) – 100% remote,NLP / LLM Engineering,mycareernow GmbH,Germany,Altgarbsen,,,,false,none,USD,Remote,Mid-level,,false,true,2026-02-13,Adzuna
KI Prompt Engineer/AI Consultant (m/w/d) – 100% remote,NLP / LLM Engineering,mycareernow GmbH,Germany,Innenstadt,,,,false,none,USD,Remote,Mid-level,,false,true,2026-02-13,Adzuna
KI Prompt Engineer/AI Consultant (m/w/d) – 100% remote,NLP / LLM Engineering,mycareernow GmbH,Germany,Hochschulviertel,,,,false,none,USD,Remote,Mid-level,,false,true,2026-02-13,Adzuna
KI Prompt Engineer/AI Consultant (m/w/d) – 100% remote,NLP / LLM Engineering,mycareernow GmbH,Germany,Herzogenrath,,,,false,none,USD,Remote,Mid-level,,false,true,2026-02-13,Adzuna
KI Prompt Engineer/AI Consultant (m/w/d) – 100% remote,NLP / LLM Engineering,mycareernow GmbH,Germany,Kaufbeuren,,,,false,none,USD,Remote,Mid-level,,false,true,2026-02-13,Adzuna
KI Prompt Engineer/AI Consultant (m/w/d) – 100% remote,NLP / LLM Engineering,mycareernow GmbH,Germany,Disteln,,,,false,none,USD,Remote,Mid-level,,false,true,2026-02-13,Adzuna
KI Prompt Engineer/AI Consultant (m/w/d) – 100% remote,NLP / LLM Engineering,mycareernow GmbH,Germany,Altstadt,,,,false,none,USD,Remote,Mid-level,,false,true,2026-02-13,Adzuna
KI Prompt Engineer/AI Consultant (m/w/d) – 100% remote,NLP / LLM Engineering,mycareernow GmbH,Germany,Bult,,,,false,none,USD,Remote,Mid-level,,false,true,2026-02-13,Adzuna
KI Prompt Engineer/AI Consultant (m/w/d) – 100% remote,NLP / LLM Engineering,mycareernow GmbH,Germany,Gifhorn,,,,false,none,USD,Remote,Mid-level,,false,true,2026-02-13,Adzuna
KI Prompt Engineer/AI Consultant (m/w/d) – 100% remote,NLP / LLM Engineering,mycareernow GmbH,Germany,Gotha,,,,false,none,USD,Remote,Mid-level,,false,true,2026-02-13,Adzuna
KI Prompt Engineer/AI Consultant (m/w/d) – 100% remote,NLP / LLM Engineering,mycareernow GmbH,Germany,Cracau,,,,false,none,USD,Remote,Mid-level,,false,true,2026-02-13,Adzuna
KI Prompt Engineer/AI Consultant (m/w/d) – 100% remote,NLP / LLM Engineering,mycareernow GmbH,Germany,Steinbecker Vorstadt,,,,false,none,USD,Remote,Mid-level,,false,true,2026-02-13,Adzuna
KI Prompt Engineer/AI Consultant (m/w/d) – 100% remote,NLP / LLM Engineering,mycareernow GmbH,Germany,Holthausen,,,,false,none,USD,Remote,Mid-level,,false,true,2026-02-13,Adzuna
KI Prompt Engineer/AI Consultant (m/w/d) – 100% remote,NLP / LLM Engineering,mycareernow GmbH,Germany,Strombach,,,,false,none,USD,Remote,Mid-level,,false,true,2026-02-13,Adzuna
KI Prompt Engineer/AI Consultant (m/w/d) – 100% remote,NLP / LLM Engineering,mycareernow GmbH,Germany,Faurndau,,,,false,none,USD,Remote,Mid-level,,false,true,2026-02-13,Adzuna
KI Prompt Engineer/AI Consultant (m/w/d) – 100% remote,NLP / LLM Engineering,mycareernow GmbH,Germany,Unterbach,,,,false,none,USD,Remote,Mid-level,,false,true,2026-02-13,Adzuna
KI Prompt Engineer/AI Consultant (m/w/d) – 100% remote,NLP / LLM Engineering,mycareernow GmbH,Germany,Haidt,,,,false,none,USD,Remote,Mid-level,,false,true,2026-02-13,Adzuna
KI Prompt Engineer/AI Consultant (m/w/d) – 100% remote,NLP / LLM Engineering,mycareernow GmbH,Germany,Niederbolheim,,,,false,none,USD,Remote,Mid-level,,false,true,2026-02-13,Adzuna
Ai Video Editor,Other / Unclassified,Soar With Us,Germany,,,,,false,none,USD,Remote,Mid-level,,false,false,2026-01-17,Adzuna
Berater für Digitale Transformation & KI (m/w/d) – Ideal für Quereinsteiger,AI Engineer,mycareernow GmbH,Germany,Malstatt,,,,false,none,USD,Unspecified,Mid-level,,false,false,2026-02-13,Adzuna
Berater für Digitale Transformation & KI (m/w/d) – Ideal für Quereinsteiger,AI Engineer,mycareernow GmbH,Germany,Brötzingen,,,,false,none,USD,Unspecified,Mid-level,,false,true,2026-02-13,Adzuna
Berater für Digitale Transformation & KI (m/w/d) – Ideal für Quereinsteiger,AI Engineer,mycareernow GmbH,Germany,Happing,,,,false,none,USD,Unspecified,Mid-level,,false,true,2026-02-13,Adzuna
Berater für Digitale Transformation & KI (m/w/d) – Ideal für Quereinsteiger,AI Engineer,mycareernow GmbH,Germany,,,,,false,none,USD,Unspecified,Mid-level,,false,true,2026-02-13,Adzuna
Berater für Digitale Transformation & KI (m/w/d) – Ideal für Quereinsteiger,AI Engineer,mycareernow GmbH,Germany,Angelhof I und II,,,,false,none,USD,Unspecified,Mid-level,,false,true,2026-02-13,Adzuna
Berater für Digitale Transformation & KI (m/w/d) – Ideal für Quereinsteiger,AI Engineer,mycareernow GmbH,Germany,Straubing,,,,false,none,USD,Unspecified,Mid-level,,false,true,2026-02-13,Adzuna
Berater für Digitale Transformation & KI (m/w/d) – Ideal für Quereinsteiger,AI Engineer,mycareernow GmbH,Germany,Pulheim,,,,false,none,USD,Unspecified,Mid-level,,false,true,2026-02-13,Adzuna
Berater für Digitale Transformation & KI (m/w/d) – Ideal für Quereinsteiger,AI Engineer,mycareernow GmbH,Germany,Stadtmitte,,,,false,none,USD,Unspecified,Mid-level,,false,true,2026-02-13,Adzuna
Berater für Digitale Transformation & KI (m/w/d) – Ideal für Quereinsteiger,AI Engineer,mycareernow GmbH,Germany,Pinneberg,,,,false,none,USD,Unspecified,Mid-level,,false,true,2026-02-13,Adzuna
Berater für Digitale Transformation & KI (m/w/d) – Ideal für Quereinsteiger,AI Engineer,mycareernow GmbH,Germany,Innenstadt,,,,false,none,USD,Unspecified,Mid-level,,false,true,2026-02-13,Adzuna
Berater für Digitale Transformation & KI (m/w/d) – Ideal für Quereinsteiger,AI Engineer,mycareernow GmbH,Germany,Weidenau,,,,false,none,USD,Unspecified,Mid-level,,false,true,2026-02-13,Adzuna
Berater für Digitale Transformation & KI (m/w/d) – Ideal für Quereinsteiger,AI Engineer,mycareernow GmbH,Germany,Elberfeld,,,,false,none,USD,Unspecified,Mid-level,,false,true,2026-02-13,Adzuna
Berater für Digitale Transformation & KI (m/w/d) – Ideal für Quereinsteiger,AI Engineer,mycareernow GmbH,Germany,Betzenried,,,,false,none,USD,Unspecified,Mid-level,,false,true,2026-02-13,Adzuna
Berater für Digitale Transformation & KI (m/w/d) – Ideal für Quereinsteiger,AI Engineer,mycareernow GmbH,Germany,Sonnenberg,,,,false,none,USD,Unspecified,Mid-level,,false,true,2026-02-13,Adzuna
Berater für Digitale Transformation & KI (m/w/d) – Ideal für Quereinsteiger,AI Engineer,mycareernow GmbH,Germany,Villingen,,,,false,none,USD,Unspecified,Mid-level,,false,true,2026-02-13,Adzuna
Berater für Digitale Transformation & KI (m/w/d) – Ideal für Quereinsteiger,AI Engineer,mycareernow GmbH,Germany,Bant,,,,false,none,USD,Unspecified,Mid-level,,false,true,2026-02-13,Adzuna
Berater für Digitale Transformation & KI (m/w/d) – Ideal für Quereinsteiger,AI Engineer,mycareernow GmbH,Germany,Bommern,,,,false,none,USD,Unspecified,Mid-level,,false,true,2026-02-13,Adzuna
Berater für Digitale Transformation & KI (m/w/d) – Ideal für Quereinsteiger,AI Engineer,mycareernow GmbH,Germany,Beberich,,,,false,none,USD,Unspecified,Mid-level,,false,true,2026-02-13,Adzuna
Berater für Digitale Transformation & KI (m/w/d) – Ideal für Quereinsteiger,AI Engineer,mycareernow GmbH,Germany,Oberlar,,,,false,none,USD,Unspecified,Mid-level,,false,true,2026-02-13,Adzuna
Berater für Digitale Transformation & KI (m/w/d) – Ideal für Quereinsteiger,AI Engineer,mycareernow GmbH,Germany,Neustadt,,,,false,none,USD,Unspecified,Mid-level,,false,true,2026-02-13,Adzuna
Berater für Digitale Transformation & KI (m/w/d) – Ideal für Quereinsteiger,AI Engineer,mycareernow GmbH,Germany,Eichelkamp,,,,false,none,USD,Unspecified,Mid-level,,false,true,2026-02-13,Adzuna
Berater für Digitale Transformation & KI (m/w/d) – Ideal für Quereinsteiger,AI Engineer,mycareernow GmbH,Germany,Neuhausen,,,,false,none,USD,Unspecified,Mid-level,,false,true,2026-02-13,Adzuna
Berater für Digitale Transformation & KI (m/w/d) – Ideal für Quereinsteiger,AI Engineer,mycareernow GmbH,Germany,Juliusstadt,,,,false,none,USD,Unspecified,Mid-level,,false,true,2026-02-13,Adzuna
Berater für Digitale Transformation & KI (m/w/d) – Ideal für Quereinsteiger,AI Engineer,mycareernow GmbH,Germany,Rosenthal,,,,false,none,USD,Unspecified,Mid-level,,false,true,2026-02-13,Adzuna
Berater für Digitale Transformation & KI (m/w/d) – Ideal für Quereinsteiger,AI Engineer,mycareernow GmbH,Germany,Wenzenbach,,,,false,none,USD,Unspecified,Mid-level,,false,true,2026-02-13,Adzuna
Berater für Digitale Transformation & KI (m/w/d) – Ideal für Quereinsteiger,AI Engineer,mycareernow GmbH,Germany,Feldstadt,,,,false,none,USD,Unspecified,Mid-level,,false,true,2026-02-13,Adzuna
Senior AI Agent Engineer (m/w/d),AI Engineer,Beam AI,Germany,Berlin,,,,false,none,USD,Unspecified,Senior,,false,false,2025-11-18,Adzuna
Senior Solutions Engineer (m/w/d),AI Consulting / Solutions,Beam AI,Germany,Berlin,,,,false,none,USD,Unspecified,Senior,,false,false,2025-11-18,Adzuna
Contamination Control Engineer (m/w/d) for semiconductor industry,Other / Unclassified,Applied Materials,Germany,,,,,false,none,USD,Unspecified,Mid-level,,false,false,2026-01-07,Adzuna
Process Engineer - cleaning processes (m/w/d) for semiconductor industry,Other / Unclassified,Applied Materials,Germany,,,,,false,none,USD,Unspecified,Mid-level,,false,false,2026-01-08,Adzuna
UX Architect / Senior Product Designer,AI Consulting / Solutions,Xsolla,Germany,,,,,false,none,USD,Unspecified,Senior,,false,false,2025-12-17,Adzuna
AI Governance Specialist (m/w/d),Other / Unclassified,Schwarz IT,Germany,Heilbronn,,,,false,none,USD,Unspecified,Mid-level,,false,false,2026-02-21,Adzuna
Lead IT Expert DevOps & Platform Engineering (m/w/d),AI Software Engineer,BWI GmbH,Germany,,,,,false,none,USD,Unspecified,Lead,,false,false,2026-02-21,Adzuna
Senior Manager Decision Intelligence (m/w/d),Other / Unclassified,Kuraray Europe GmbH,Germany,Hattersheim am Main,,,,false,none,USD,Unspecified,Senior,,false,false,2026-02-20,Adzuna
Senior Developer (w/d/m) Cloud & Automation,AI Software Engineer,EWE NETZ GmbH,Germany,Oldenburg,,,,false,none,USD,Unspecified,Senior,,false,false,2026-02-10,Adzuna
Azure OpenAI Entwickler MLOps Fokus (m/w/d),MLOps / ML Infrastructure,netgo group GmbH,Germany,Berlin,,,,false,none,USD,Unspecified,Mid-level,"OpenAI, Azure",false,false,2026-01-17,Adzuna
Azure OpenAI Entwickler MLOps Fokus (m/w/d),MLOps / ML Infrastructure,netgo group GmbH,Germany,Frankfurt am Main,,,,false,none,USD,Unspecified,Mid-level,"OpenAI, Azure",false,true,2026-01-17,Adzuna
Azure OpenAI Entwickler MLOps Fokus (m/w/d),MLOps / ML Infrastructure,netgo group GmbH,Germany,München,,,,false,none,USD,Unspecified,Mid-level,"OpenAI, Azure",false,true,2026-01-17,Adzuna
Azure OpenAI Entwickler MLOps Fokus (m/w/d),MLOps / ML Infrastructure,netgo group GmbH,Germany,Köln,,,,false,none,USD,Unspecified,Mid-level,"OpenAI, Azure",false,true,2026-01-17,Adzuna
Azure OpenAI Entwickler MLOps Fokus (m/w/d),MLOps / ML Infrastructure,netgo group GmbH,Germany,Hamburg,,,,false,none,USD,Unspecified,Mid-level,"OpenAI, Azure",false,true,2026-01-17,Adzuna
Wissenschaftliche Mitarbeiterin oder Wissenschaftlicher Mitarbeiter (w/m/d) Künstliche Intelligenz und Technologietransfer,Other / Unclassified,Hochschule für angewandte Wissenschaften Kempten,Germany,Marktoberdorf,,,,false,none,USD,Unspecified,Mid-level,,false,false,2026-02-20,Adzuna
Senior Softwareentwickler Glang / Kubernetes (mwd),Other / Unclassified,Vesterling AG,Germany,Heilbronn,,,,false,none,USD,Unspecified,Senior,Kubernetes,false,false,2026-02-22,Adzuna
MLOps Engineer,MLOps / ML Infrastructure,Compredict,Germany,,,,,false,none,USD,Unspecified,Mid-level,,false,false,2025-10-31,Adzuna
MLOps Engineer,MLOps / ML Infrastructure,JScoutX Global Talent Recruiters,Germany,Bremen,43000,54000,48500,false,range,USD,Unspecified,Mid-level,,false,false,2026-02-19,Adzuna
Principal Data Platform Architect (m/w/d),Data Engineer,GFT Technologies,Germany,Karlsruhe,,,,false,none,USD,Unspecified,Lead,,false,false,2026-02-12,Adzuna
Data & AI Solution Architect - Forward Deployed (m/w/d),AI Consulting / Solutions,Atos,Germany,München,,,,false,none,USD,Unspecified,Mid-level,,false,false,2026-02-20,Adzuna
DevOps / MLOps Engineer,MLOps / ML Infrastructure,ramblr.ai,Germany,Äußere Neustadt,,,,false,none,USD,Unspecified,Mid-level,,false,false,2024-11-08,Adzuna
MLOps Engineer (Human),MLOps / ML Infrastructure,Neura Robotics,Germany,Metzingen,,,,false,none,USD,Unspecified,Mid-level,,false,false,2025-08-06,Adzuna
Senior Expert (m/f/d) Artificial Intelligence (AI),Other / Unclassified,Diehl Defence GmbH & Co. KG,Germany,,,,,false,none,USD,Unspecified,Senior,,false,false,2026-02-16,Adzuna
MLOps Engineer (m/w/d),MLOps / ML Infrastructure,S Rating und Risikosysteme GmbH,Germany,Mitte,,,,false,none,USD,Unspecified,Senior,,false,false,2026-02-10,Adzuna
MLOps Engineer (m/w/d),MLOps / ML Infrastructure,n value group,Germany,Süd,,,,false,none,USD,Unspecified,Mid-level,,false,false,2024-09-12,Adzuna
Senior MLOps Engineer (m/w/d),MLOps / ML Infrastructure,Alexander Thamm,Germany,,,,,false,none,USD,Unspecified,Senior,,false,false,2026-02-19,Adzuna
(Associate) Consultant MLOps Engineering (m/w/d),MLOps / ML Infrastructure,Comma Soft AG,Germany,Bonn,,,,false,none,USD,Unspecified,Junior,,false,false,2025-11-14,Adzuna
(Associate) Consultant MLOps Engineering (m/w/d),MLOps / ML Infrastructure,Comma Soft AG,Germany,,,,,false,none,USD,Unspecified,Junior,,false,true,2025-11-16,Adzuna
Senior Consultant MLOps Engineering (m/w/d),MLOps / ML Infrastructure,Comma Soft AG,Germany,Bonn,,,,false,none,USD,Unspecified,Senior,R,false,false,2026-01-13,Adzuna
Senior Consultant MLOps Engineering (m/w/d),MLOps / ML Infrastructure,Comma Soft AG,Germany,,,,,false,none,USD,Unspecified,Senior,R,false,true,2025-09-05,Adzuna
AI Developer (m/w/d) - Fokus MLOps,MLOps / ML Infrastructure,coeo Group,Germany,,,,,false,none,USD,Unspecified,Mid-level,Docker,false,false,2025-08-07,Adzuna
Lead IT Expert DevOps & Platform Engineering (m/w/d),AI Software Engineer,BWI GmbH,Germany,Leipzig,,,,false,none,USD,Unspecified,Lead,,false,false,2025-12-19,Adzuna
Lead IT Expert DevOps & Platform Engineering (m/w/d),AI Software Engineer,BWI GmbH,Germany,Nürnberg,,,,false,none,USD,Unspecified,Lead,,false,true,2025-12-19,Adzuna
Lead IT Expert DevOps & Platform Engineering (m/w/d),AI Software Engineer,BWI GmbH,Germany,Hamburg,,,,false,none,USD,Unspecified,Lead,,false,true,2025-12-19,Adzuna
Lead IT Expert DevOps & Platform Engineering (m/w/d),AI Software Engineer,BWI GmbH,Germany,Bonn,,,,false,none,USD,Unspecified,Lead,,false,true,2025-12-19,Adzuna
Lead IT Expert DevOps & Platform Engineering (m/w/d),AI Software Engineer,BWI GmbH,Germany,Ulm,,,,false,none,USD,Unspecified,Lead,,false,true,2025-12-19,Adzuna
Lead IT Expert DevOps & Platform Engineering (m/w/d),AI Software Engineer,BWI GmbH,Germany,Frankfurt am Main,,,,false,none,USD,Unspecified,Lead,,false,true,2025-12-19,Adzuna
Lead IT Expert DevOps & Platform Engineering (m/w/d),AI Software Engineer,BWI GmbH,Germany,Berlin,,,,false,none,USD,Unspecified,Lead,,false,true,2025-12-19,Adzuna
Lead IT Expert DevOps & Platform Engineering (m/w/d),AI Software Engineer,BWI GmbH,Germany,Hannover,,,,false,none,USD,Unspecified,Lead,,false,true,2025-12-19,Adzuna
Lead IT Expert DevOps & Platform Engineering (m/w/d),AI Software Engineer,BWI GmbH,Germany,München,,,,false,none,USD,Unspecified,Lead,,false,true,2025-12-19,Adzuna
Senior Datenarchitekt (m/w/d) Data & AI Strategie,Other / Unclassified,INFOMOTION GmbH,Germany,Frankfurt am Main,,,,false,none,USD,Unspecified,Senior,,false,false,2026-02-21,Adzuna
Cloud Data & MLOps Senior Engineer (m/w/d),MLOps / ML Infrastructure,prenode,Germany,Karlsruhe,,,,false,none,USD,Hybrid,Senior,"AWS, Azure",false,false,2025-12-13,Adzuna
Cloud Data & MLOps Senior Engineer (m/w/d),MLOps / ML Infrastructure,prenode GmbH,Germany,Hagsfeld,,,,false,none,USD,Hybrid,Senior,"AWS, Azure",false,false,2026-01-08,Adzuna
"(Senior) Data & MLOps Engineer (m/f/d), Bucharest (Romania)",MLOps / ML Infrastructure,Tchibo GmbH,Germany,,,,,false,none,USD,Unspecified,Senior,,false,false,2025-08-28,Adzuna
MLOps Engineer für CI / CD & Inference Services (m/w/d),MLOps / ML Infrastructure,Finanz Informatik & Co. KG,Germany,Bemerode,,,,false,none,USD,Unspecified,Mid-level,,false,false,2025-12-26,Adzuna
MLOps Engineer für CI / CD & Inference Services (m/w/d),MLOps / ML Infrastructure,Finanz Informatik GmbH & Co. KG,Germany,,,,,false,none,USD,Unspecified,Mid-level,,false,false,2026-02-08,Adzuna
MLOps Engineer für CI / CD & Inference Services (m/w/d),MLOps / ML Infrastructure,Finanz Informatik GmbH & Co. KG,Germany,Münster,,,,false,none,USD,Unspecified,Mid-level,,false,true,2026-02-22,Adzuna
Senior Manager Decision Intelligence (m/w/d),Other / Unclassified,Kuraray Europe GmbH,Germany,Oberlar,,,,false,none,USD,Unspecified,Senior,,false,false,2026-02-20,Adzuna
Senior MLOps / DevOps Engineer AI (Computer Vision) (m/w/d),MLOps / ML Infrastructure,Schwarz IT,Germany,Heilbronn,,,,false,none,USD,Unspecified,Senior,Computer Vision,false,false,2026-02-11,Adzuna
"Data Engineer / Cloud-Engineer für Data, AI & MLOps (m/w/d)",MLOps / ML Infrastructure,prenode,Germany,Karlsruhe,,,,false,none,USD,Unspecified,Mid-level,Azure,false,false,2025-06-14,Adzuna
"Data Engineer / Cloud-Engineer für Data, AI & MLOps (m/w/d)",MLOps / ML Infrastructure,prenode GmbH,Germany,Hagsfeld,,,,false,none,USD,Unspecified,Mid-level,Azure,false,false,2026-01-23,Adzuna
AI Governance Specialist (m/w/d) JVRS1_DE,Other / Unclassified,Schwarz IT,Germany,Heilbronn,,,,false,none,USD,Unspecified,Mid-level,,false,false,2026-02-21,Adzuna
"Senior Cloud Native Solution Architect (all genders welcome) – Kubernetes, CNCF, MlOps",MLOps / ML Infrastructure,Rosenxt,Germany,,,,,false,none,USD,Remote,Senior,Kubernetes,false,false,2026-02-21,Adzuna
Senior AI Platform Engineer (Multi-tenant SaaS & MLOps) (m/f/d),MLOps / ML Infrastructure,Simon-Kucher & Partners,Germany,Hamburg,,,,false,none,USD,Unspecified,Senior,,false,false,2026-01-15,Adzuna
Senior AI Platform Engineer (Multi-tenant SaaS & MLOps) (m/f/d),MLOps / ML Infrastructure,Simon-Kucher & Partners,Germany,München,,,,false,none,USD,Unspecified,Senior,,false,true,2026-01-28,Adzuna
Senior AI Platform Engineer (Multi-tenant SaaS & MLOps) (m/f/d),MLOps / ML Infrastructure,Simon-Kucher & Partners,Germany,Bonn,,,,false,none,USD,Unspecified,Senior,,false,true,2026-01-28,Adzuna
Senior AI Platform Engineer (Multi-tenant SaaS & MLOps) (m/f/d),MLOps / ML Infrastructure,Simon-Kucher & Partners,Germany,Köln,,,,false,none,USD,Unspecified,Senior,,false,true,2026-01-28,Adzuna
Senior AI Platform Engineer (Multi-tenant SaaS & MLOps) (m/f/d),MLOps / ML Infrastructure,Simon-Kucher & Partners,Germany,Berlin,,,,false,none,USD,Unspecified,Senior,,false,true,2026-01-28,Adzuna
Senior AI Platform Engineer (Multi-tenant SaaS & MLOps) (m/f/d),MLOps / ML Infrastructure,Simon-Kucher & Partners,Germany,Eschborn,,,,false,none,USD,Unspecified,Senior,,false,true,2026-01-28,Adzuna
Senior AI Platform Engineer (Multi-tenant SaaS & MLOps) (m/f/d),MLOps / ML Infrastructure,master-TMS,Germany,,,,,false,none,USD,Unspecified,Senior,,false,false,2025-12-18,Adzuna
Senior GenAI Architect - Internal Projects & Efficiency (m/w/d),AI Engineer,in-tech GmbH,Germany,Garching bei München,,,,false,none,USD,Unspecified,Senior,,false,false,2026-02-05,Adzuna
Azure Agent Orchestrierung Engineer (m/w/d),Other / Unclassified,netgo group GmbH,Germany,München,,,,false,none,USD,Unspecified,Mid-level,Azure,false,false,2026-01-17,Adzuna
Azure AI Developer Multi-Agent-Systeme (m/w/d),AI Engineer,netgo group GmbH,Germany,Köln,,,,false,none,USD,Unspecified,Mid-level,Azure,false,false,2026-01-17,Adzuna
Azure Agent Orchestrierung Engineer (m/w/d),Other / Unclassified,netgo group GmbH,Germany,Hamburg,,,,false,none,USD,Unspecified,Mid-level,Azure,false,true,2026-01-17,Adzuna
Azure AI Developer Multi-Agent-Systeme (m/w/d),AI Engineer,netgo group GmbH,Germany,München,,,,false,none,USD,Unspecified,Mid-level,Azure,false,true,2026-01-17,Adzuna
Azure Agent Orchestrierung Engineer (m/w/d),Other / Unclassified,netgo group GmbH,Germany,Berlin,,,,false,none,USD,Unspecified,Mid-level,Azure,false,true,2026-01-17,Adzuna
Azure AI Developer Multi-Agent-Systeme (m/w/d),AI Engineer,netgo group GmbH,Germany,Hamburg,,,,false,none,USD,Unspecified,Mid-level,Azure,false,true,2026-01-17,Adzuna
Azure Agent Orchestrierung Engineer (m/w/d),Other / Unclassified,netgo group GmbH,Germany,Frankfurt am Main,,,,false,none,USD,Unspecified,Mid-level,Azure,false,true,2026-01-17,Adzuna
Azure AI Developer Multi-Agent-Systeme (m/w/d),AI Engineer,netgo group GmbH,Germany,Frankfurt am Main,,,,false,none,USD,Unspecified,Mid-level,Azure,false,true,2026-01-17,Adzuna
Azure AI Developer Multi-Agent-Systeme (m/w/d),AI Engineer,netgo group GmbH,Germany,Berlin,,,,false,none,USD,Unspecified,Mid-level,Azure,false,true,2026-01-17,Adzuna
Azure Agent Orchestrierung Engineer (m/w/d),Other / Unclassified,netgo group GmbH,Germany,Köln,,,,false,none,USD,Unspecified,Mid-level,Azure,false,true,2026-01-17,Adzuna
Senior Manager Decision Intelligence (m/w/d) JVRS1_DE,Other / Unclassified,Kuraray Europe GmbH,Germany,Hattersheim am Main,,,,false,none,USD,Unspecified,Senior,,false,false,2026-02-20,Adzuna
"Senior MLOps / DevOps Engineer AI (Computer Vision) (m/w/d) - System Engineering / Admin, Ingenieur",MLOps / ML Infrastructure,Schwarz IT,Germany,Heilbronn,,,,false,none,USD,Unspecified,Senior,Computer Vision,false,false,2026-02-16,Adzuna
Senior Site Reliability Engineer - AI Platform JVRS1_DE,MLOps / ML Infrastructure,N26 GmbH,Germany,Berlin,,,,false,none,USD,Unspecified,Senior,,false,false,2025-11-07,Adzuna
Principal Data Platform Architect (m/w/d) JVRS1_DE,Data Engineer,GFT Technologies,Germany,Karlsruhe,,,,false,none,USD,Unspecified,Lead,,false,false,2026-02-06,Adzuna
Team Lead - Center of Competence AI (w/m/d),Other / Unclassified,Aareal Bank AG,Germany,Wiesbaden,,,,false,none,USD,Unspecified,Lead,,false,false,2026-02-13,Adzuna
Senior IT Expert Plattform Automation (m/w/d),Other / Unclassified,BWI GmbH,Germany,Ulm,,,,false,none,USD,Unspecified,Senior,,false,false,2025-12-19,Adzuna
Senior IT Expert Plattform Automation (m/w/d),Other / Unclassified,BWI GmbH,Germany,Berlin,,,,false,none,USD,Unspecified,Senior,,false,true,2025-12-19,Adzuna
Senior IT Expert Plattform Automation (m/w/d),Other / Unclassified,BWI GmbH,Germany,Frankfurt am Main,,,,false,none,USD,Unspecified,Senior,,false,true,2025-12-19,Adzuna
Senior IT Expert Plattform Automation (m/w/d),Other / Unclassified,BWI GmbH,Germany,München,,,,false,none,USD,Unspecified,Senior,,false,true,2025-12-19,Adzuna
Senior IT Expert Plattform Automation (m/w/d),Other / Unclassified,BWI GmbH,Germany,Hamburg,,,,false,none,USD,Unspecified,Senior,,false,true,2025-12-19,Adzuna
Senior IT Expert Plattform Automation (m/w/d),Other / Unclassified,BWI GmbH,Germany,Hannover,,,,false,none,USD,Unspecified,Senior,,false,true,2025-12-19,Adzuna
Senior IT Expert Plattform Automation (m/w/d),Other / Unclassified,BWI GmbH,Germany,Nürnberg,,,,false,none,USD,Unspecified,Senior,,false,true,2025-12-19,Adzuna
Senior IT Expert Plattform Automation (m/w/d),Other / Unclassified,BWI GmbH,Germany,Leipzig,,,,false,none,USD,Unspecified,Senior,,false,true,2025-12-19,Adzuna
Senior IT Expert Plattform Automation (m/w/d),Other / Unclassified,BWI GmbH,Germany,Bonn,,,,false,none,USD,Unspecified,Senior,,false,true,2025-12-19,Adzuna
Wissenschaftliche Mitarbeiterin oder Wissenschaftlicher Mitarbeiter (w/m/d) Künstliche Intelligenz und Technologietransfer JVRS1_DE,Other / Unclassified,Hochschule für angewandte Wissenschaften Kempten,Germany,Marktoberdorf,,,,false,none,USD,Unspecified,Mid-level,,false,false,2026-02-19,Adzuna
Senior GenAI Architect - Internal Projects & Efficiency (m/w/d) JVRS1_DE,AI Engineer,in-tech,Germany,Garching bei München,,,,false,none,USD,Unspecified,Senior,,false,false,2026-01-26,Adzuna
Data & AI Solution Architect - Forward Deployed (m/w/d) JVRS1_DE,AI Consulting / Solutions,Atos,Germany,,,,,false,none,USD,Unspecified,Mid-level,,false,false,2026-02-19,Adzuna
Senior Software Engineer for Pricing Platform (f/m/d),AI Software Engineer,HUK-COBURG Versicherungsgruppe,Germany,Coburg,,,,false,none,USD,Unspecified,Senior,,false,false,2026-02-21,Adzuna
Senior Data Engineer (m/w/d),Data Engineer,SThree Germany,Germany,Düsseldorf,76000,108000,92000,false,range,USD,Unspecified,Senior,,false,false,2026-02-05,Adzuna
Solution Architect Analytics AI (m/w/d),Data Analyst / BI,Deutsche Bundesbank,Germany,Bockenheim,,,,false,none,USD,Unspecified,Mid-level,,false,false,2026-02-20,Adzuna
Cloud Platform Engineer - KI & Simulation (d/f/m) - Inklusiver Job,AI Engineer,Airbus,Germany,Kluftern,,,,false,none,USD,Unspecified,Mid-level,,false,false,2026-02-17,Adzuna
Senior Software Engineer für Pricing-Plattform (w/m/d),AI Software Engineer,HUK-COBURG Versicherungsgruppe,Germany,Coburg,,,,false,none,USD,Unspecified,Senior,R,false,false,2026-02-21,Adzuna
Professional Machine Learning Entwickler (m/w/d) Gen AI & Recommender Systems Explorer,AI Engineer,CHECK24 Travel,Germany,Erfurt,,,,false,none,USD,Unspecified,Mid-level,,false,false,2026-02-04,Adzuna
Solution Architect Analytics & AI (m/w/d) - Inklusiver Job,Data Analyst / BI,Deutsche Bundesbank,Germany,Frankfurt am Main,,,,false,none,USD,Unspecified,Mid-level,,false,false,2026-02-17,Adzuna
Senior Systemintegrator für KI-Anwendungen (m/w/d),AI Engineer,BWI GmbH,Germany,Bonn,,,,false,none,USD,Unspecified,Senior,,false,false,2025-12-23,Adzuna
Senior AI Platform Expert Kubernetes GPU/HPC Workloads (m/w/d),MLOps / ML Infrastructure,BWI GmbH,Germany,Leipzig,,,,false,none,USD,Unspecified,Senior,Kubernetes,false,false,2025-12-19,Adzuna
Senior AI Platform Expert Kubernetes GPU/HPC Workloads (m/w/d),MLOps / ML Infrastructure,BWI GmbH,Germany,München,,,,false,none,USD,Unspecified,Senior,Kubernetes,false,true,2025-12-19,Adzuna
Senior Systemintegrator für KI-Anwendungen (m/w/d),AI Engineer,BWI GmbH,Germany,München,,,,false,none,USD,Unspecified,Senior,,false,true,2025-12-23,Adzuna
Senior Systemintegrator für KI-Anwendungen (m/w/d),AI Engineer,BWI GmbH,Germany,Hamburg,,,,false,none,USD,Unspecified,Senior,,false,true,2025-12-23,Adzuna
Senior AI Platform Expert Kubernetes GPU/HPC Workloads (m/w/d),MLOps / ML Infrastructure,BWI GmbH,Germany,Hamburg,,,,false,none,USD,Unspecified,Senior,Kubernetes,false,true,2025-12-19,Adzuna
Senior AI Platform Expert Kubernetes GPU/HPC Workloads (m/w/d),MLOps / ML Infrastructure,BWI GmbH,Germany,Bonn,,,,false,none,USD,Unspecified,Senior,Kubernetes,false,true,2025-12-19,Adzuna
Senior AI Platform Expert Kubernetes GPU/HPC Workloads (m/w/d),MLOps / ML Infrastructure,BWI GmbH,Germany,Berlin,,,,false,none,USD,Unspecified,Senior,Kubernetes,false,true,2025-12-19,Adzuna
Senior AI Platform Expert Kubernetes GPU/HPC Workloads (m/w/d),MLOps / ML Infrastructure,BWI GmbH,Germany,Ulm,,,,false,none,USD,Unspecified,Senior,Kubernetes,false,true,2025-12-19,Adzuna
Senior Systemintegrator für KI-Anwendungen (m/w/d),AI Engineer,BWI GmbH,Germany,Frankfurt am Main,,,,false,none,USD,Unspecified,Senior,,false,true,2025-12-23,Adzuna
Senior Systemintegrator für KI-Anwendungen (m/w/d),AI Engineer,BWI GmbH,Germany,Leipzig,,,,false,none,USD,Unspecified,Senior,,false,true,2025-12-23,Adzuna
Senior Systemintegrator für KI-Anwendungen (m/w/d),AI Engineer,BWI GmbH,Germany,Ulm,,,,false,none,USD,Unspecified,Senior,,false,true,2025-12-23,Adzuna
Senior Systemintegrator für KI-Anwendungen (m/w/d),AI Engineer,BWI GmbH,Germany,Nürnberg,,,,false,none,USD,Unspecified,Senior,,false,true,2025-12-23,Adzuna
Senior Systemintegrator für KI-Anwendungen (m/w/d),AI Engineer,BWI GmbH,Germany,Berlin,,,,false,none,USD,Unspecified,Senior,,false,true,2025-12-23,Adzuna
Senior AI Platform Expert Kubernetes GPU/HPC Workloads (m/w/d),MLOps / ML Infrastructure,BWI GmbH,Germany,Frankfurt am Main,,,,false,none,USD,Unspecified,Senior,Kubernetes,false,true,2025-12-19,Adzuna
Senior AI Platform Expert Kubernetes GPU/HPC Workloads (m/w/d),MLOps / ML Infrastructure,BWI GmbH,Germany,Nürnberg,,,,false,none,USD,Unspecified,Senior,Kubernetes,false,true,2025-12-19,Adzuna
(Senior) Product Manager GenAI & Multiagentensysteme (m/w/d) JVRS1_DE,AI Engineer,Würth Deutschland,Germany,Künzelsau,,,,false,none,USD,Unspecified,Senior,,false,false,2026-02-17,Adzuna
Senior Datenarchitekt (m/w/d) Data & AI Strategie JVRS1_DE,Other / Unclassified,INFOMOTION GmbH,Germany,,,,,false,none,USD,Unspecified,Senior,,false,false,2025-12-19,Adzuna
Senior Expert (m/f/d) Artificial Intelligence (AI) JVRS1_DE,Other / Unclassified,Diehl Defence GmbH & Co. KG,Germany,,,,,false,none,USD,Unspecified,Senior,,false,false,2026-01-29,Adzuna
Azure OpenAI Entwickler (m/w/d) - Hamburg,Other / Unclassified,netgo group GmbH,Germany,HafenCity,43000,70000,56500,false,range,USD,Unspecified,Mid-level,"Python, OpenAI, Azure",false,false,2026-02-22,Adzuna
Azure OpenAI Entwickler (m/w/d) - Berlin,Other / Unclassified,netgo group GmbH,Germany,Schöneberg,43000,70000,56500,false,range,USD,Unspecified,Mid-level,"Python, OpenAI, Azure",false,false,2026-02-22,Adzuna
Azure Orchestrierung Engineer (m/w/d),Other / Unclassified,netgo group GmbH,Germany,Charlottenburg,43000,70000,56500,false,range,USD,Unspecified,Mid-level,"Python, OpenAI, Azure",false,false,2026-02-22,Adzuna
AI Solution Engineer Azure (m/w/d) - Frankfurt am Main,AI Engineer,netgo group GmbH,Germany,Niederrad,43000,70000,56500,false,range,USD,Unspecified,Mid-level,"Python, OpenAI, Azure",false,false,2026-02-22,Adzuna
Azure AI Developer (m/w/d),AI Engineer,netgo group GmbH,Germany,München,43000,70000,56500,false,range,USD,Unspecified,Mid-level,"Python, OpenAI, Azure",false,false,2026-02-22,Adzuna
Azure AI Developer (m/w/d) - Hamburg,AI Engineer,netgo group GmbH,Germany,HafenCity,43000,70000,56500,false,range,USD,Unspecified,Mid-level,"Python, OpenAI, Azure",false,false,2026-02-22,Adzuna
Azure AI Developer Multi-Agent-Systeme (m/w/d) - Frankfurt am Main,AI Engineer,netgo group GmbH,Germany,Niederrad,43000,70000,56500,false,range,USD,Unspecified,Mid-level,"Python, OpenAI, Azure",false,false,2026-02-22,Adzuna
Azure Orchestrierung Engineer (m/w/d) - Berlin,Other / Unclassified,netgo group GmbH,Germany,Schöneberg,43000,70000,56500,false,range,USD,Unspecified,Mid-level,"Python, OpenAI, Azure",false,false,2026-02-22,Adzuna
Azure OpenAI Entwickler (m/w/d),Other / Unclassified,netgo group GmbH,Germany,München,43000,70000,56500,false,range,USD,Unspecified,Mid-level,"Python, OpenAI, Azure",false,false,2026-02-22,Adzuna
Azure AI Developer (m/w/d) - Berlin,AI Engineer,netgo group GmbH,Germany,Schöneberg,43000,70000,56500,false,range,USD,Unspecified,Mid-level,"Python, OpenAI, Azure",false,false,2026-02-22,Adzuna
Azure OpenAI Entwickler (m/w/d) - Frankfurt am Main,Other / Unclassified,netgo group GmbH,Germany,Niederrad,43000,70000,56500,false,range,USD,Unspecified,Mid-level,"Python, OpenAI, Azure",false,false,2026-02-22,Adzuna
Azure Agent Orchestrierung Engineer (m/w/d),Other / Unclassified,netgo group GmbH,Germany,Niederrad,43000,70000,56500,false,range,USD,Unspecified,Mid-level,"Python, OpenAI, Azure",false,false,2026-02-22,Adzuna
Azure AI Developer (m/w/d) - Köln,AI Engineer,netgo group GmbH,Germany,Charlottenburg,43000,70000,56500,false,range,USD,Unspecified,Mid-level,"Python, OpenAI, Azure",false,false,2026-02-22,Adzuna
Azure Orchestrierung Engineer (m/w/d) - Munich,Other / Unclassified,netgo group GmbH,Germany,München,43000,70000,56500,false,range,USD,Unspecified,Mid-level,"Python, OpenAI, Azure",false,false,2026-02-22,Adzuna
AI Solution Engineer Azure (m/w/d) - Berlin,AI Engineer,netgo group GmbH,Germany,Schöneberg,43000,70000,56500,false,range,USD,Unspecified,Mid-level,"Python, OpenAI, Azure",false,false,2026-02-22,Adzuna
Azure OpenAI Entwickler (m/w/d) - Köln,Other / Unclassified,netgo group GmbH,Germany,Charlottenburg,43000,70000,56500,false,range,USD,Unspecified,Mid-level,"Python, OpenAI, Azure",false,false,2026-02-22,Adzuna
AI Solution Engineer Azure Agent Stack (m/w/d) - Hamburg,AI Engineer,netgo group GmbH,Germany,HafenCity,43000,70000,56500,false,range,USD,Unspecified,Mid-level,"Python, OpenAI, Azure",false,false,2026-02-22,Adzuna
AI Solution Engineer Azure Agent Stack (m/w/d),AI Engineer,netgo group GmbH,Germany,Charlottenburg,43000,70000,56500,false,range,USD,Unspecified,Mid-level,"Python, OpenAI, Azure",false,false,2026-02-22,Adzuna
Azure Orchestrierung Engineer (m/w/d) - Hamburg,Other / Unclassified,netgo group GmbH,Germany,HafenCity,43000,70000,56500,false,range,USD,Unspecified,Mid-level,"Python, OpenAI, Azure",false,false,2026-02-22,Adzuna
AI Solution Engineer Azure (m/w/d),AI Engineer,netgo group GmbH,Germany,München,43000,70000,56500,false,range,USD,Unspecified,Mid-level,"Python, OpenAI, Azure",false,false,2026-02-22,Adzuna
Azure AI Engineer mit Fokus auf Agents (m/w/d) - Frankfurt am Main,AI Engineer,netgo group GmbH,Germany,Niederrad,43000,70000,56500,false,range,USD,Unspecified,Mid-level,"Python, OpenAI, Azure",false,false,2026-02-22,Adzuna
Praktikant / Studentische Hilfskraft (m/w/d) IT-Forschungsprojekt,Other / Unclassified,Robert Bosch Gesellschaft für Medizinische Forschung,Germany,Stuttgart,,,,false,none,USD,Unspecified,Mid-level,"Python, PyTorch, MLflow",true,false,2026-01-31,Adzuna
Databricks Automation & AI Platform Engineer,MLOps / ML Infrastructure,Xenon7,Germany,,,,,false,none,USD,Unspecified,Mid-level,,false,false,2026-01-22,Adzuna
Head of CoE AI Innovation im Data Innovation Lab (m/w/d) - Inklusiver Job,Other / Unclassified,AXA Deutschland,Germany,Köln,,,,false,none,USD,Unspecified,Management,,false,false,2026-02-18,Adzuna
Head of CoE AI PnC im Data Innovation Lab (m/w/d) - Inklusiver Job,Other / Unclassified,AXA Deutschland,Germany,Köln,,,,false,none,USD,Unspecified,Management,,false,false,2026-02-18,Adzuna
AI Architect (m/f/d) Full-time / Part-time,AI Consulting / Solutions,Techem Metering GmbH,Germany,Eschborn,,,,false,none,USD,Unspecified,Mid-level,R,false,false,2026-01-28,Adzuna
AI Solution Architect (all genders),AI Consulting / Solutions,Expleo,Germany,Eil,,,,false,none,USD,Unspecified,Mid-level,,false,false,2026-01-09,Adzuna
JUNIOR SITE RELIABILITY ENGINEER MIT FOKUS AUF KI-THEMEN (m/w/d),AI Engineer,Kaiser X Labs,Germany,,,,,false,none,USD,Unspecified,Junior,,false,false,2025-07-02,Adzuna
Head of Chapter AI Technical Capabilities im Data Innovation Lab (m/w/d) - Inklusiver Job,Other / Unclassified,AXA Deutschland,Germany,Köln,,,,false,none,USD,Unspecified,Management,,false,false,2026-02-18,Adzuna
AI Solution Architect (all genders),AI Consulting / Solutions,Expleo,Germany,,,,,false,none,USD,Unspecified,Mid-level,R,false,false,2026-01-13,Adzuna
IT Architekt - Public Sektor/ Defense,Other / Unclassified,IBM,Germany,Magdeburg,,,,false,none,USD,Hybrid,Mid-level,,false,false,2026-01-10,Adzuna
IT Architekt - Public Sektor/ Defense,Other / Unclassified,IBM,Germany,Frankfurt am Main,,,,false,none,USD,Hybrid,Mid-level,,false,true,2026-01-10,Adzuna
IT Architekt - Public Sektor/ Defense,Other / Unclassified,IBM,Germany,,,,,false,none,USD,Hybrid,Mid-level,,false,true,2026-01-10,Adzuna
Software Developer (m/w/d) Java & IBS Financials,AI Software Engineer,Peak One GmbH,Germany,Burg,76000,97000,86500,false,range,USD,Unspecified,Mid-level,,false,false,2026-02-05,Adzuna
Bell Labs AI/ML PhD Intern,AI Engineer,Nokia Global,Germany,,,,,false,none,USD,Unspecified,Mid-level,,true,false,2026-02-17,Adzuna
"AWS AI & Data Engineer (m/w/d) - Datenbankentwicklung/BI, Ingenieur",Data Engineer,Reply Deutschland SE,Germany,München,,,,false,none,USD,Unspecified,Mid-level,"AWS, RAG",false,false,2026-02-20,Adzuna
"Senior ML Ops Engineer, AI Platform Team",MLOps / ML Infrastructure,GetYourGuide,Germany,Berlin,,,,false,none,USD,Unspecified,Senior,,false,false,2026-02-08,Adzuna
Solutions Architect,AI Consulting / Solutions,ClearML,Germany,,,,,false,none,USD,Unspecified,Mid-level,R,false,false,2026-01-09,Adzuna
Teamleiter (m/w/d) Fullstack Softwareentwicklung Search & AI Services,AI Software Engineer,Check24,Germany,München,,,,false,none,USD,Unspecified,Mid-level,,false,false,2025-11-21,Adzuna
Teamleiter (m/w/d) Fullstack Softwareentwicklung Search & AI Services,AI Software Engineer,CHECK24,Germany,München,,,,false,none,USD,Unspecified,Mid-level,,false,true,2026-02-22,Adzuna
Core & ML Ops Team Lead,MLOps / ML Infrastructure,Jobgether,Germany,,,,,false,none,USD,Unspecified,Lead,,false,false,2026-02-19,Adzuna
Senior Developer (w/d/m) Cloud & Automation,AI Software Engineer,EWE,Germany,,,,,false,none,USD,Unspecified,Senior,,false,false,2025-12-21,Adzuna
Stellenangebot AI Platform & Cloud Engineer (m/w/d) bei AKDB,MLOps / ML Infrastructure,AKDB,Germany,Buchheim,,,,false,none,USD,Unspecified,Mid-level,,false,false,2026-02-20,Adzuna
Senior Developer (w/d/m) Cloud & Automation,AI Software Engineer,EWE NETZ GmbH,Germany,Eversten,,,,false,none,USD,Unspecified,Senior,,false,false,2026-02-09,Adzuna
Senior Microsoft Azure AI Engineer (m/w/d) - Devoteam GmbH,AI Engineer,Devoteam GmbH,Germany,Frankfurt am Main,,,,false,none,USD,Unspecified,Senior,Azure,false,false,2026-02-21,Adzuna
"Senior Software Engineer, ML Ops & Infrastructure",MLOps / ML Infrastructure,Intrinsic,Germany,München,,,,false,none,USD,Unspecified,Senior,,false,false,2025-12-24,Adzuna
Senior Data Engineer - Yoshi en (all genders),Data Engineer,Yoshi en,Germany,Kreuzberg,,,,false,none,USD,Unspecified,Senior,,false,false,2026-02-07,Adzuna
Senior Consultant AI Engineering (m/w/d),AI Engineer,Comma Soft AG,Germany,Bonn,,,,false,none,USD,Unspecified,Senior,,false,false,2025-10-09,Adzuna
Technology & AI Consultant (m/w/d),AI Consulting / Solutions,INVENSITY GmbH,Germany,Sonnenberg,,,,false,none,USD,Unspecified,Mid-level,,false,false,2026-01-16,Adzuna
Senior Consultant AI Engineering (m/w/d),AI Engineer,Comma Soft AG,Germany,,,,,false,none,USD,Unspecified,Senior,,false,true,2025-09-05,Adzuna
Computer Vision Engineer,Computer Vision,Buddywise,Germany,Neukölln,,,,false,none,USD,Unspecified,Mid-level,Computer Vision,false,false,2026-01-15,Adzuna
"Computer Vision Engineer, SLAM/Photogrammetry",Computer Vision,Trimble,Germany,Stuttgart,,,,false,none,USD,Unspecified,Mid-level,Computer Vision,false,false,2026-02-07,Adzuna
Intern: Computer Vision Engineer - Munich,Computer Vision,Conxai Technologies GmbH,Germany,Moosach,,,,false,none,USD,Unspecified,Mid-level,Computer Vision,true,false,2025-09-23,Adzuna
Senior Computer Vision Engineer (All Genders),Computer Vision,Stark,Germany,Mitte,,,,false,none,USD,Unspecified,Senior,Computer Vision,false,false,2025-12-12,Adzuna
Staff Computer Vision Engineer (m/f/d),Computer Vision,Deltia,Germany,Berlin,,,,false,none,USD,Unspecified,Lead,"Docker, Kubernetes, Computer Vision",false,false,2025-07-29,Adzuna
Senior Computer Vision Engineer (m/f/d),Computer Vision,vialytics,Germany,Mitte,,,,false,none,USD,Remote,Senior,Computer Vision,false,false,2026-02-03,Adzuna
Senior Computer Vision Engineer - Berlin - (f/m/x),Computer Vision,AUTO1 Group,Germany,Berlin,,,,false,none,USD,Unspecified,Senior,Computer Vision,false,false,2026-02-03,Adzuna
Senior Computer Vision Engineer - Berlin - (f/m/x),Computer Vision,AUTO1 Global Services SE & Co. KG,Germany,Berlin,,,,false,none,USD,Unspecified,Senior,Computer Vision,false,false,2026-02-02,Adzuna
Experienced C++ Computer Vision Engineer at fast growing Berlin AI company,Computer Vision,Nomitri,Germany,Berlin,,,,false,none,USD,Unspecified,Senior,Computer Vision,false,false,2026-01-28,Adzuna
AI Research Engineer - Computer Vision,AI / ML Research,Helsing,Germany,,,,,false,none,USD,Unspecified,Mid-level,Computer Vision,false,false,2025-05-26,Adzuna
Founding Engineer 3D Computer Vision & AI,Computer Vision,SE3 Labs,Germany,,,,,false,none,USD,Unspecified,Mid-level,Computer Vision,false,false,2025-08-24,Adzuna
Praktikum Computer Vision (m/w/d),Computer Vision,Schwarz IT,Germany,Heilbronn,,,,false,none,USD,Unspecified,Mid-level,"Python, Computer Vision",true,false,2026-02-11,Adzuna
"Senior Software Engineer* Rust/ C++ (Computer Vision, ML, Linux)",Computer Vision,VITRONIC Machine Vision,Germany,,,,,false,none,USD,Unspecified,Senior,Computer Vision,false,false,2026-01-17,Adzuna
"Senior Software Engineer* Rust / C++ (Computer Vision, ML, Linux)",Computer Vision,VITRONIC Machine Vision GmbH,Germany,Bruchsal,,,,false,none,USD,Unspecified,Senior,Computer Vision,false,false,2026-01-16,Adzuna
Senior Algorithm Engineer (3D reconstruction),Other / Unclassified,Trimble,Germany,,,,,false,none,USD,Unspecified,Senior,,false,false,2026-02-10,Adzuna
Talent Partner,Other / Unclassified,SE3 Labs,Germany,,,,,false,none,USD,Unspecified,Mid-level,Computer Vision,false,false,2025-12-11,Adzuna
"Intern: Software Engineer, ML Infrastructure",MLOps / ML Infrastructure,Intrinsic,Germany,München,,,,false,none,USD,Unspecified,Mid-level,,true,false,2026-02-07,Adzuna
Natural Language Processing (NLP) Engineer,NLP / LLM Engineering,Your Personal AI,Germany,,,,,false,none,USD,Unspecified,Mid-level,NLP,false,true,2026-01-24,Adzuna
Data Engineer NLP (m/w/d),NLP / LLM Engineering,statworx,Germany,Fechenheim,,,,false,none,USD,Unspecified,Mid-level,NLP,false,false,2026-01-03,Adzuna
Senior Data Engineer (w/m/d) NLP Projekte,NLP / LLM Engineering,Siemens,Germany,Wedding,,,,false,none,USD,Unspecified,Senior,NLP,false,false,2024-02-06,Adzuna
Senior AI Expert (w/m/d) für Transport und Mobilität,Other / Unclassified,Siemens,Germany,Wedding,,,,false,none,USD,Unspecified,Senior,,false,false,2025-02-24,Adzuna
Senior Python Engineer (m/f/d),Other / Unclassified,Redcare Pharmacy,Germany,Mitte,,,,false,none,USD,Unspecified,Senior,Python,false,false,2026-01-23,Adzuna
Intern AI Research – Defect identification and Root Cause Analysis,AI / ML Research,Mercedes-Benz AG,Germany,Sindelfingen,,,,false,none,USD,Unspecified,Mid-level,,true,false,2026-02-20,Adzuna
Data & AI Research Specialist (m/w/d),AI / ML Research,Datev eG,Germany,Nürnberg,,,,false,none,USD,Unspecified,Mid-level,,false,false,2025-11-27,Adzuna
Intern AI Research – Defect identification and Root Cause Analysis JVRS1_DE,AI / ML Research,Mercedes-Benz AG,Germany,Sindelfingen,,,,false,none,USD,Unspecified,Mid-level,,true,false,2026-02-20,Adzuna
AI Researcher,AI / ML Research,Peec AI,Germany,Berlin,97000,162000,129500,false,range,USD,Unspecified,Mid-level,,false,false,2025-08-01,Adzuna
Head of AI Research,AI / ML Research,Dunia Innovations,Germany,Berlin,,,,false,none,USD,Unspecified,Lead,,false,false,2026-02-04,Adzuna
Head of AI Research,AI / ML Research,Dunia Innovations GmbH,Germany,Adlershof,,,,false,none,USD,Unspecified,Lead,,false,false,2026-02-03,Adzuna
Lead AI Research Engineer,AI / ML Research,AVEVA,Germany,Frankfurt am Main,,,,false,none,USD,Unspecified,Lead,,false,true,2026-01-29,Adzuna
"Principal AI Researcher, LLM",AI / ML Research,Cerence,Germany,Aachen,,,,false,none,USD,Unspecified,Lead,,false,false,2025-08-28,Adzuna
Senior Expert - Wireless AI Research,AI / ML Research,Huawei Research Center Germany & Austria,Germany,Moosach,,,,false,none,USD,Unspecified,Senior,,false,false,2024-12-04,Adzuna
AI Research Engineer - Foundation Models,AI / ML Research,Helsing,Germany,,,,,false,none,USD,Unspecified,Mid-level,,false,false,2026-01-28,Adzuna
AI Research Engineer (all genders),AI / ML Research,ellamind,Germany,Bremen,76000,119000,97500,false,range,USD,Unspecified,Mid-level,,false,false,2025-11-17,Adzuna
Werkstudent: AI Research & Data Evaluation,AI / ML Research,LILT,Germany,Berlin,,,,false,none,USD,Unspecified,Mid-level,,false,false,2026-02-15,Adzuna
AI Research Engineer - Reinforcement Learning,AI / ML Research,Helsing,Germany,,,,,false,none,USD,Unspecified,Mid-level,,false,false,2025-09-19,Adzuna
AI Research Engineer - Signal Processing,AI / ML Research,Helsing,Germany,,,,,false,none,USD,Unspecified,Mid-level,,false,false,2025-05-17,Adzuna
AI Research Engineer - ML Engineering,AI / ML Research,Helsing,Germany,,,,,false,none,USD,Unspecified,Mid-level,,false,false,2026-02-12,Adzuna
Data & AI Research Specialist (m/w/d),AI / ML Research,DATEV,Germany,,,,,false,none,USD,Unspecified,Mid-level,,false,false,2025-11-28,Adzuna
Werkstudent:in Creative Development / AI Research (m/w/d),AI / ML Research,KMS TEAM,Germany,München,,,,false,none,USD,Unspecified,Mid-level,,false,false,2026-02-14,Adzuna
"AI Research Scientist, Perception for Contact Rich Manipulation",AI / ML Research,Intrinsic,Germany,München,,,,false,none,USD,Unspecified,Mid-level,,false,false,2025-12-26,Adzuna
Research Manager (f/m/d): SAP Business AI Research,AI / ML Research,SAP,Germany,Garching bei München,,,,false,none,USD,Unspecified,Management,,false,false,2026-02-19,Adzuna
Research Manager (f/m/d): SAP Business AI Research,AI / ML Research,SAP,Germany,,,,,false,none,USD,Unspecified,Management,,false,false,2026-02-21,Adzuna
Intern Ai Research - Defect Identification And Root Cause Analysis,AI / ML Research,Mercedes-Benz AG,Germany,Flugfeld,,,,false,none,USD,Unspecified,Mid-level,,true,false,2026-02-21,Adzuna
"Data & AI Research Specialist (m/w/d) - Datenbankentwicklung/BI, Forschung, Ingenieur",AI / ML Research,DATEV eG,Germany,Nürnberg,,,,false,none,USD,Unspecified,Mid-level,,false,false,2026-02-18,Adzuna
PhD Internship (f/m/d) - AI Research - Foundation Models on Structured Data,AI / ML Research,SAP,Germany,Berlin,,,,false,none,USD,Unspecified,Mid-level,,true,false,2026-01-20,Adzuna
PhD Internship (f/m/d) - AI Research - Knowledge Graphs for Agentic AI,AI / ML Research,SAP,Germany,Walldorf,,,,false,none,USD,Unspecified,Mid-level,,true,false,2026-01-20,Adzuna
Intern - AI Architectures Research for Safety Related Systems,AI / ML Research,Huawei Research Center Germany & Austria,Germany,Moosach,,,,false,none,USD,Unspecified,Mid-level,,true,false,2026-02-05,Adzuna
Working Student (f/m/d) - for AI Agent Research,AI / ML Research,SAP,Germany,Karlsruhe,,,,false,none,USD,Unspecified,Mid-level,,false,false,2026-01-08,Adzuna
"Senior Consultant Automation, AI & EU Research (m/w/d)",AI / ML Research,SKAD AG,Germany,,,,,false,none,USD,Unspecified,Senior,,false,false,2026-01-27,Adzuna
Clinical Research Manager AI,AI / ML Research,Dentsply Sirona,Germany,Bensheim,,,,false,none,USD,Unspecified,Management,,false,false,2025-11-25,Adzuna
PhD Position – Representation and Active Learning for Multi-Scale Scientific Imaging JVRS1_DE,Other / Unclassified,Forschungszentrum Jülich GmbH,Germany,,,,,false,none,USD,Unspecified,Mid-level,,false,false,2026-02-19,Adzuna
Werkstudent Media Research & AI - Marktforschung (all genders),AI / ML Research,MEDIAPLUS Gruppe,Germany,München,,,,false,none,USD,Unspecified,Mid-level,,false,false,2026-01-24,Adzuna
Research Engineer AI (m/w/d),AI / ML Research,MWAY DIGITAL,Germany,,,,,false,none,USD,Unspecified,Mid-level,,false,false,2025-04-19,Adzuna
Research Engineer AI (m/w/d),AI / ML Research,MWAY DIGITAL GmbH,Germany,Bad Cannstatt,,,,false,none,USD,Unspecified,Mid-level,,false,false,2025-04-17,Adzuna
Senior Research Engineer - AI for 6G,AI / ML Research,Huawei Research Center Germany & Austria,Germany,Moosach,,,,false,none,USD,Unspecified,Senior,,false,false,2025-04-17,Adzuna
Senior HPC and AI Networking Performance Research and Analysis Engineer,AI / ML Research,NVIDIA,Germany,,,,,false,none,USD,Unspecified,Senior,,false,false,2026-01-30,Adzuna
Senior Consultant Automation & AI - Life Sciences & Research (m/w/d),AI / ML Research,SKAD AG,Germany,,,,,false,none,USD,Unspecified,Senior,,false,false,2026-01-29,Adzuna
Physics Researcher (Python) - Freelance AI Trainer,AI Training & Annotation,Mindrift,Germany,Berlin,,,,false,none,USD,Unspecified,Mid-level,Python,false,true,2026-02-21,Adzuna
Physics Researcher (Python) - Freelance AI Trainer,AI Training & Annotation,Mindrift,Germany,Köln,,,,false,none,USD,Unspecified,Mid-level,Python,false,true,2026-02-21,Adzuna
Physics Researcher (Python) - Freelance AI Trainer,AI Training & Annotation,Mindrift,Germany,Hamburg,,,,false,none,USD,Unspecified,Mid-level,Python,false,true,2026-02-21,Adzuna
Physics Researcher (Python) - Freelance AI Trainer,AI Training & Annotation,Mindrift,Germany,,,,,false,none,USD,Unspecified,Mid-level,Python,false,true,2026-02-21,Adzuna
"PhD Researcher: AI for Semantic Structures, Reasoning Flows & Personalized Content Generation",AI / ML Research,Constructor Knowledge Labs,Germany,Bremen,,,,false,none,USD,Unspecified,Mid-level,,false,false,2025-12-11,Adzuna
"PhD Researcher: AI for Semantic Structures, Reasoning Flows & Personalized Content Generation",AI / ML Research,Constructor University,Germany,Bremen,,,,false,none,USD,Unspecified,Mid-level,,false,false,2026-01-21,Adzuna
Senior Software Engineer (AI Platform),MLOps / ML Infrastructure,Resaro AI,Germany,,,,,false,none,USD,Unspecified,Senior,Computer Vision,false,false,2025-11-14,Adzuna
Pflichtpraktikum (m/w/d) KI-Online-Marketing & Recruiting,AI Engineer,Zahn Kumpan,Germany,Moabit,,,,false,none,USD,Unspecified,Mid-level,,false,false,2025-06-23,Adzuna
Research Video Sessions | $25 USD Compensation | AI Development Project,AI / ML Research,Your Personal AI,Germany,,49000,49000,49000,true,point_estimate,USD,Unspecified,Mid-level,,false,false,2026-01-28,Adzuna
Research Engineer/Scientist - Spatial AI,AI / ML Research,Huawei Research Center Germany & Austria,Germany,Moosach,,,,false,none,USD,Unspecified,Mid-level,,false,false,2025-11-24,Adzuna
Director of AI,Other / Unclassified,Hypatos,Germany,,,,,false,none,USD,Unspecified,Management,,false,false,2026-01-23,Adzuna
PhD Student (m/w/d) - KI,AI Engineer,JobImpulse GmbH,Germany,Ebersheim,,,,false,none,USD,Unspecified,Mid-level,,false,false,2025-12-17,Adzuna
(Senior) Software Engineer (m/f/d) Robotics,AI Software Engineer,Agile Robots SE,Germany,,,,,false,none,USD,Unspecified,Senior,,false,false,2025-11-21,Adzuna
Research Scientist (w/m/d) Human AI Collaboration,AI / ML Research,Siemens AG,Germany,München,,,,false,none,USD,Remote,Mid-level,,false,false,2026-02-12,Adzuna
"ML Engineer, Cloud Platform",Machine Learning Engineer,Prior Labs,Germany,Bernau bei Berlin,,,,false,none,USD,Unspecified,Mid-level,,false,false,2025-09-28,Adzuna
PhD Student Data Science - Machine Learning Research (m/f/d),AI / ML Research,Forschungszentrum Jülich GmbH,Germany,Jülich,,,,false,none,USD,Unspecified,Mid-level,,false,false,2026-02-19,Adzuna
Full-Stack Customer Success Engineer (f/m/i),AI Software Engineer,D4L data4life gGmbH,Germany,Babelsberg Süd,,,,false,none,USD,Unspecified,Mid-level,,false,false,2026-02-10,Adzuna
Full-Stack Customer Success Engineer (f/m/i),AI Software Engineer,D4L data4life,Germany,,,,,false,none,USD,Unspecified,Mid-level,,false,false,2026-02-10,Adzuna
Visual AI Specialist (m/w/d/k.A.),AI Engineer,Hirschen Group GmbH,Germany,Altona-Nord,,,,false,none,USD,Unspecified,Mid-level,,false,false,2026-02-03,Adzuna
"Full Stack Engineer, ML Platform",MLOps / ML Infrastructure,Prior Labs,Germany,Bernau bei Berlin,,,,false,none,USD,Unspecified,Mid-level,,false,false,2026-02-19,Adzuna
Visual AI Specialist (m/w/d/k.A.),AI Engineer,Hirschen Group,Germany,,,,,false,none,USD,Unspecified,Mid-level,,false,false,2026-02-04,Adzuna
Engineer - 6G Network Architecture Standards,Other / Unclassified,Huawei Research Center Germany & Austria,Germany,Moosach,,,,false,none,USD,Unspecified,Mid-level,,false,false,2025-07-24,Adzuna
Strategic Finance/FP&A,Other / Unclassified,Black Forest Labs,Germany,,2000,3000,2500,false,range,USD,Unspecified,Mid-level,,false,false,2026-01-30,Adzuna
(Senior) Software Engineer (m/f/d) Robotics,AI Software Engineer,Agile Robots SE,Germany,Sendling,,,,false,none,USD,Unspecified,Senior,,false,false,2025-11-19,Adzuna
Internship - EEG & fNIRS Data Acquisition and (Pre-)Processing,Other / Unclassified,ZEISS,Germany,Eggenstein-Leopoldshafen,,,,false,none,USD,Unspecified,Mid-level,,true,false,2025-08-16,Adzuna
Research Associate or PhD student or Postdoc (f/m/x),AI / ML Research,Uniklinik Köln,Germany,Klettenberg,,,,false,none,USD,Unspecified,Junior,,false,false,2026-01-25,Adzuna
Technical Customer Success Manager (Europe),Other / Unclassified,AIRS Medical Inc,Germany,München,,,,false,none,USD,Unspecified,Management,,false,false,2026-01-29,Adzuna
"Intern: Software Engineer, AI-enabled Robotic and Dexterous Manipulation Research",AI / ML Research,Intrinsic,Germany,München,,,,false,none,USD,Unspecified,Mid-level,,true,false,2025-12-20,Adzuna
"Manager of Solutions Architecture, Applied AI (Industries)",AI Consulting / Solutions,Anthropic,Germany,München,,,,false,none,USD,Unspecified,Management,,false,false,2026-02-14,Adzuna
"Global Medical Expert Network (Pathology, Radiology, Cardiology)",Other / Unclassified,CloudFactory,Germany,,,,,false,none,USD,Unspecified,Mid-level,,false,true,2025-10-16,Adzuna
Lead (all genders) AI Transformation,Other / Unclassified,Parship Group,Germany,,,,,false,none,USD,Unspecified,Lead,,false,false,2025-07-18,Adzuna
(Senior) Analyst u2013 Data & AI Advisory Germany,Data Analyst / BI,Avanade Inc.,Germany,Kronberg,,,,false,none,USD,Unspecified,Senior,,false,false,2025-12-23,Adzuna
Python Engineer for AI (m/f/d),AI Engineer,Appsfactory GmbH,Germany,Zentrum,,,,false,none,USD,Unspecified,Mid-level,Python,false,false,2026-01-16,Adzuna
(Senior) Analyst - Data & AI Advisory Germany,Data Analyst / BI,Avanade Inc.,Germany,Kronberg,,,,false,none,USD,Unspecified,Senior,,false,false,2025-12-19,Adzuna
(Senior) Analyst – Data & AI Advisory Germany,Data Analyst / BI,Avanade Deutschland Company,Germany,,,,,false,none,USD,Unspecified,Senior,,false,false,2026-01-09,Adzuna
Senior Backend Engineer,AI Software Engineer,Knowlix,Germany,,,,,false,none,USD,Unspecified,Senior,,false,false,2025-08-12,Adzuna
Python Engineer for AI (m/f/d),AI Engineer,Appsfactory,Germany,,,,,false,none,USD,Unspecified,Mid-level,Python,false,false,2025-11-23,Adzuna
Head of Data Center (f/m/d),Other / Unclassified,Max-Planck-Institut für Geoanthropologie,Germany,Jena,,,,false,none,USD,Unspecified,Management,,false,false,2026-02-22,Adzuna
"Communications Manager, EMEA",Other / Unclassified,Anthropic,Germany,,2000,2000,2000,true,point_estimate,USD,Unspecified,Lead,,false,false,2026-02-08,Adzuna
"External Affairs, Germany",Other / Unclassified,Anthropic,Germany,München,,,,false,none,USD,Unspecified,Lead,,false,false,2026-02-14,Adzuna
"Partner Solutions Architect, Applied AI",AI Consulting / Solutions,Anthropic,Germany,München,,,,false,none,USD,Unspecified,Mid-level,,false,false,2026-02-11,Adzuna
Administrative Business Partner,Other / Unclassified,Anthropic,Germany,München,,,,false,none,USD,Unspecified,Senior,,false,false,2026-01-28,Adzuna
AI Trainer - Advanced Korean Fluency (GER),AI Training & Annotation,Prolific,Germany,,,,,false,none,USD,Unspecified,Mid-level,,false,false,2026-01-11,Adzuna
AI Trainer - Advanced Mandarin Fluency (GER),AI Training & Annotation,Prolific,Germany,Berlin,,,,false,none,USD,Unspecified,Mid-level,,false,false,2026-01-11,Adzuna
AI Trainer - Advanced Arabic Fluency (Germany),AI Training & Annotation,Prolific,Germany,Berlin,,,,false,none,USD,Unspecified,Mid-level,,false,false,2026-01-11,Adzuna
AI Trainer - Advanced Hindi Fluency (GER),AI Training & Annotation,Prolific,Germany,Berlin,,,,false,none,USD,Unspecified,Mid-level,,false,false,2026-01-09,Adzuna
"Enterprise Account Executive, Industries",Other / Unclassified,Anthropic,Germany,München,221000,275000,248000,false,range,USD,Unspecified,Mid-level,,false,false,2025-10-13,Adzuna
"Enterprise Account Executive, Digital Native Business",Other / Unclassified,Anthropic,Germany,München,221000,275000,248000,false,range,USD,Unspecified,Mid-level,,false,false,2025-11-08,Adzuna
"Solutions Architect, Applied AI (Industries)",AI Consulting / Solutions,Anthropic,Germany,München,205000,216000,210500,false,range,USD,Unspecified,Mid-level,,false,false,2025-12-18,Adzuna
"Forward Deployed Engineer, Applied AI",AI Engineer,Anthropic,Germany,München,221000,238000,229500,false,range,USD,Unspecified,Mid-level,,false,false,2026-02-19,Adzuna
Business Development Executive - ERP (German-Speaking),Other / Unclassified,"QAD, Inc.",Germany,München,,,,false,none,USD,Unspecified,Mid-level,,false,false,2026-01-30,Adzuna
Senior Software Architect (m/f/d) Robotics,AI Consulting / Solutions,Agile Robots SE,Germany,Sendling,,,,false,none,USD,Unspecified,Senior,,false,false,2025-10-14,Adzuna
Mechanical Prototyping Engineer (m/f/d) Robotics,Other / Unclassified,Agile Robots SE,Germany,Sendling,,,,false,none,USD,Unspecified,Senior,,false,false,2025-12-18,Adzuna
AI Training Experts - Munich,Other / Unclassified,Prolific,Germany,,,,,false,none,USD,Unspecified,Mid-level,,false,false,2026-01-28,Adzuna
AI Training Experts - Hamburg,Other / Unclassified,Prolific,Germany,Hamburg,,,,false,none,USD,Unspecified,Mid-level,,false,false,2026-01-28,Adzuna
AI Training Experts - Berlin,Other / Unclassified,Prolific,Germany,Berlin,,,,false,none,USD,Unspecified,Mid-level,,false,false,2026-01-28,Adzuna
Materials Informatics Scientist (Evaluation-focused),Other / Unclassified,Dunia Innovations GmbH,Germany,Adlershof,,,,false,none,USD,Unspecified,Mid-level,,false,false,2026-02-03,Adzuna
"Senior Product Designer - Hanover, Germany",Other / Unclassified,Speechify,Germany,Hannover,,,,false,none,USD,Unspecified,Senior,,false,false,2025-11-05,Adzuna
"Tech Lead, Web Core Product & Chrome Extension - Dortmund, Germany",Other / Unclassified,Speechify,Germany,Dortmund,,,,false,none,USD,Unspecified,Lead,,false,false,2025-08-23,Adzuna
"Senior Software Engineer, AI Model Serving - Dortmund, Germany",AI Engineer,Speechify,Germany,Dortmund,,,,false,none,USD,Unspecified,Senior,,false,false,2025-08-09,Adzuna
"Senior Software Engineer, AI Model Serving - Frankfurt, Germany",AI Engineer,Speechify,Germany,Frankfurt am Main,,,,false,none,USD,Unspecified,Senior,,false,false,2025-08-10,Adzuna
"Senior Product Designer - Frankfurt, Germany",Other / Unclassified,Speechify,Germany,Frankfurt am Main,,,,false,none,USD,Unspecified,Senior,,false,false,2025-11-05,Adzuna
"Senior Product Designer - Berlin, Germany",Other / Unclassified,Speechify,Germany,Berlin,,,,false,none,USD,Unspecified,Senior,,false,false,2025-11-07,Adzuna
"Senior Product Designer - Dortmund, Germany",Other / Unclassified,Speechify,Germany,Dortmund,,,,false,none,USD,Unspecified,Senior,,false,false,2025-11-07,Adzuna
Senior Software Architect (m/f/d) Robotics,AI Consulting / Solutions,Agile Robots SE,Germany,,,,,false,none,USD,Unspecified,Senior,,false,true,2025-10-02,Adzuna
Mechanical Prototyping Engineer (m/f/d) Robotics,Other / Unclassified,Agile Robots SE,Germany,,,,,false,none,USD,Unspecified,Senior,,false,true,2025-12-19,Adzuna
"Tech Lead, Web Core Product & Chrome Extension - Berlin, Germany",Other / Unclassified,Speechify,Germany,Berlin,,,,false,none,USD,Unspecified,Lead,,false,false,2025-08-23,Adzuna
"Senior Software Engineer, AI Model Serving - Nuremberg, Germany",AI Engineer,Speechify,Germany,Nürnberg,,,,false,none,USD,Unspecified,Senior,,false,false,2025-08-23,Adzuna
"Tech Lead, Web Core Product & Chrome Extension - Frankfurt, Germany",Other / Unclassified,Speechify,Germany,Frankfurt am Main,,,,false,none,USD,Unspecified,Lead,,false,false,2025-08-23,Adzuna
"Senior Software Engineer, AI Model Serving - Hanover, Germany",AI Engineer,Speechify,Germany,Hannover,,,,false,none,USD,Unspecified,Senior,,false,false,2025-08-09,Adzuna
"Senior Product Designer - Nuremberg, Germany",Other / Unclassified,Speechify,Germany,Nürnberg,,,,false,none,USD,Unspecified,Senior,,false,false,2025-11-07,Adzuna
"Tech Lead, Web Core Product & Chrome Extension - Munich, Germany",Other / Unclassified,Speechify,Germany,München,,,,false,none,USD,Unspecified,Lead,,false,false,2025-08-24,Adzuna
Participate in Video Research Project / €23 for 45 Minutes / Support Cybersecurity Innovation,AI / ML Research,Your Personal AI,Germany,,56000,56000,56000,true,point_estimate,USD,Unspecified,Mid-level,,false,false,2026-02-20,Adzuna
Software Engineer - Platform,AI Software Engineer,Proxima Fusion,Germany,,,,,false,none,USD,Unspecified,Mid-level,,false,false,2025-10-03,Adzuna
Technical Team Lead (m/f/d) Dexterous Manipulation,Other / Unclassified,Agile Robots SE,Germany,Sendling,,,,false,none,USD,Unspecified,Lead,,false,false,2025-10-31,Adzuna
Robotics Vision & Perception Engineer (m/f/d),Computer Vision,Agile Robots SE,Germany,Sendling,,,,false,none,USD,Unspecified,Mid-level,,false,false,2026-01-22,Adzuna
Research Scientist Intern (PhD),AI / ML Research,Prior Labs,Germany,Bernau bei Berlin,,,,false,none,USD,Unspecified,Mid-level,,true,false,2026-02-06,Adzuna
Materials Informatics Scientist (Evaluation-focused),Other / Unclassified,Dunia Innovations,Germany,Berlin,,,,false,none,USD,Unspecified,Mid-level,,false,false,2026-02-04,Adzuna
"ML Engineer, Agents & Reasoning",Machine Learning Engineer,Dunia Innovations,Germany,Berlin,,,,false,none,USD,Unspecified,Mid-level,,false,false,2026-02-07,Adzuna
"Research Scientist, Foundation Model",AI / ML Research,Prior Labs,Germany,Bernau bei Berlin,,,,false,none,USD,Unspecified,Mid-level,,false,false,2025-02-15,Adzuna
"Software Engineer, Platform - Munich, Germany",AI Software Engineer,Speechify,Germany,München,,,,false,none,USD,Unspecified,Mid-level,,false,false,2025-08-23,Adzuna
"Software Engineer, Platform - Berlin, Germany",AI Software Engineer,Speechify,Germany,Berlin,,,,false,none,USD,Unspecified,Mid-level,,false,false,2025-08-23,Adzuna
"ML Engineer, Agents & Reasoning",Machine Learning Engineer,Dunia Innovations GmbH,Germany,Adlershof,,,,false,none,USD,Unspecified,Mid-level,,false,false,2026-02-07,Adzuna
Robotics Vision & Perception Engineer (m/f/d),Computer Vision,Agile Robots SE,Germany,,,,,false,none,USD,Unspecified,Mid-level,,false,true,2025-12-17,Adzuna
Technical Team Lead (m/f/d) Dexterous Manipulation,Other / Unclassified,Agile Robots SE,Germany,,,,,false,none,USD,Unspecified,Lead,,false,true,2025-10-24,Adzuna
"Software Engineer, Data Infrastructure & Acquisition - Nuremberg, Germany",AI Software Engineer,Speechify,Germany,Nürnberg,,,,false,none,USD,Unspecified,Mid-level,,false,false,2025-08-23,Adzuna
"Software Engineer, Data Infrastructure & Acquisition - Berlin, Germany",AI Software Engineer,Speechify,Germany,Berlin,,,,false,none,USD,Unspecified,Mid-level,,false,false,2025-08-23,Adzuna
Research Software Engineer / HIFIS Consultant,AI / ML Research,Deutsches Krebsforschungszentrum,Germany,Bergheim,,,,false,none,USD,Unspecified,Mid-level,,false,false,2026-02-06,Adzuna
Senior Sales Development Representative - Strategic Outbound [AI-First] (f/m/d),Other / Unclassified,UXCam,Germany,Wedding,,,,false,none,USD,Hybrid,Senior,,false,false,2026-01-16,Adzuna
(Pflicht-)Praktikum Softwareentwicklung Mobile Robotics,Other / Unclassified,4am Robotics,Germany,Plattling,,,,false,none,USD,Unspecified,Mid-level,,true,false,2025-11-15,Adzuna
(Senior) Cloud / Backend Engineer (m/f/d) Industrial Systems & Observability,AI Software Engineer,Agile Robots SE,Germany,Sendling,,,,false,none,USD,Hybrid,Senior,,false,false,2026-01-06,Adzuna
"ML Engineer, Forward Deployed",Machine Learning Engineer,Prior Labs,Germany,Bernau bei Berlin,76000,119000,97500,false,range,USD,Unspecified,Mid-level,,false,false,2026-02-02,Adzuna
Data Procurement & Operations Lead,Other / Unclassified,Black Forest Labs,Germany,,,,,false,none,USD,Unspecified,Lead,,false,false,2026-01-22,Adzuna
(Senior) Cloud / Backend Engineer (m/f/d) Industrial Systems & Observability,AI Software Engineer,Agile Robots SE,Germany,,,,,false,none,USD,Hybrid,Senior,,false,true,2026-01-06,Adzuna
"Tenure Track Assistant Professor in ""Mathematics of Machine Learning""",Other / Unclassified,Technische Universität München,Germany,München,,,,false,none,USD,Unspecified,Mid-level,,false,false,2026-02-01,Adzuna
Founding VC Investor,Other / Unclassified,Merantix,Germany,Wedding,,,,false,none,USD,Unspecified,Mid-level,,false,false,2025-11-24,Adzuna
Forward Deployed Engineer - Munich,Other / Unclassified,OpenAI,Germany,München,,,,false,none,USD,Unspecified,Lead,OpenAI,false,false,2025-09-21,Adzuna
Country Manager - Germany,Other / Unclassified,Cohere,Germany,Berlin,,,,false,none,USD,Unspecified,Management,RAG,false,false,2025-12-10,Adzuna
"Research Engineer, Foundation Model",AI / ML Research,Prior Labs,Germany,Bernau bei Berlin,,,,false,none,USD,Unspecified,Mid-level,,false,false,2025-09-22,Adzuna
Sales Development - Germany,Other / Unclassified,ElevenLabs,Germany,,,,,false,none,USD,Unspecified,Mid-level,,false,false,2025-10-10,Adzuna
"Applied Scientist, Data Science",AI / ML Research,Prior Labs,Germany,Bernau bei Berlin,,,,false,none,USD,Unspecified,Mid-level,,false,false,2025-11-23,Adzuna
Head of Talent / Founding Recruiter,Other / Unclassified,Prior Labs,Germany,,,,,false,none,USD,Unspecified,Management,,false,false,2025-11-11,Adzuna
Office Manager - Freiburg,Other / Unclassified,Prior Labs,Germany,Freiburg im Breisgau,,,,false,none,USD,Unspecified,Management,,false,false,2026-02-05,Adzuna
"Tech Lead, Android Core Product - Munich, Germany",Other / Unclassified,Speechify,Germany,München,,,,false,none,USD,Unspecified,Lead,,false,false,2025-10-18,Adzuna
"Software Engineer, iOS Core Product - Nuremberg, Germany",AI Software Engineer,Speechify,Germany,Nürnberg,,,,false,none,USD,Unspecified,Mid-level,,false,false,2025-08-24,Adzuna
"Tech Lead, Android Core Product - Leipzig, Germany",Other / Unclassified,Speechify,Germany,Leipzig,,,,false,none,USD,Unspecified,Lead,,false,false,2026-02-18,Adzuna
"Tech Lead, Android Core Product - Stuttgart, Germany",Other / Unclassified,Speechify,Germany,Stuttgart,,,,false,none,USD,Unspecified,Lead,,false,false,2026-02-18,Adzuna
"Tech Lead, Android Core Product - Cologne, Germany",Other / Unclassified,Speechify,Germany,Köln,,,,false,none,USD,Unspecified,Lead,,false,false,2026-02-18,Adzuna
"Tech Lead, Android Core Product - Düsseldorf, Germany",Other / Unclassified,Speechify,Germany,Düsseldorf,,,,false,none,USD,Unspecified,Lead,,false,false,2026-02-18,Adzuna
"Tech Lead, Android Core Product - Frankfurt, Germany",Other / Unclassified,Speechify,Germany,Frankfurt am Main,,,,false,none,USD,Unspecified,Lead,,false,false,2025-10-18,Adzuna
"Tech Lead, Android Core Product - Hamburg, Germany",Other / Unclassified,Speechify,Germany,Hamburg,,,,false,none,USD,Unspecified,Lead,,false,false,2025-10-18,Adzuna
"ML Engineer, Training Infrastructure",Machine Learning Engineer,Prior Labs,Germany,Bernau bei Berlin,,,,false,none,USD,Unspecified,Mid-level,,false,false,2026-02-02,Adzuna
"Software Engineer, iOS Core Product - Berlin, Germany",AI Software Engineer,Speechify,Germany,Berlin,,,,false,none,USD,Unspecified,Mid-level,,false,false,2025-08-23,Adzuna
"Software Engineer, iOS Core Product - Hamburg, Germany",AI Software Engineer,Speechify,Germany,Hamburg,,,,false,none,USD,Unspecified,Mid-level,,false,false,2025-08-23,Adzuna
"Tech Lead, Android Core Product - Hanover, Germany",Other / Unclassified,Speechify,Germany,Hannover,,,,false,none,USD,Unspecified,Lead,,false,false,2025-10-18,Adzuna
"Tech Lead, Android Core Product - Berlin, Germany",Other / Unclassified,Speechify,Germany,Berlin,,,,false,none,USD,Unspecified,Lead,,false,false,2025-10-18,Adzuna
Working Student – Outbound Marketing,Other / Unclassified,FACT-Finder Holding GmbH,Germany,Brötzingen,,,,false,none,USD,Unspecified,Mid-level,,false,false,2026-01-09,Adzuna
Research Software Engineer / HIFIS Consultant,AI / ML Research,Deutsches Krebsforschungszentrum,Germany,Heidelberg,,,,false,none,USD,Unspecified,Mid-level,R,false,false,2026-02-07,Adzuna
Strategic Project Manager (Grants) (d/f/m),AI Product & Program,Aignostics,Germany,Tiergarten,,,,false,none,USD,Unspecified,Management,,false,false,2025-11-27,Adzuna
Forward Deployed Software Engineer - Munich,AI Software Engineer,OpenAI,Germany,München,,,,false,none,USD,Unspecified,Mid-level,OpenAI,false,false,2025-11-23,Adzuna
Senior Backend Engineer / Tech Lead (Data Management) (d/f/m),AI Software Engineer,Aignostics,Germany,Tiergarten,,,,false,none,USD,Unspecified,Senior,,false,false,2025-11-27,Adzuna
Enterprise Solutions Engineer - EU (German Speaking),AI Consulting / Solutions,ElevenLabs,Germany,,,,,false,none,USD,Unspecified,Mid-level,,false,false,2026-01-29,Adzuna
"Senior Software Engineer, Windows/Desktop Applications - Munich, Germany",AI Software Engineer,Speechify,Germany,München,,,,false,none,USD,Unspecified,Senior,,false,false,2025-12-05,Adzuna
Senior Account Executive - Germany,Other / Unclassified,Cohere,Germany,,,,,false,none,USD,Unspecified,Senior,RAG,false,false,2025-11-24,Adzuna
Senior Frontend Engineer (d/f/m),AI Software Engineer,Aignostics,Germany,Tiergarten,,,,false,none,USD,Unspecified,Senior,,false,false,2026-02-03,Adzuna
Quality Manager Specialist (CAPA and Change Management) (d/f/m),Other / Unclassified,Aignostics,Germany,Tiergarten,,,,false,none,USD,Unspecified,Management,,false,false,2026-01-12,Adzuna
"Senior Software Engineer, Windows/Desktop Applications - Berlin, Germany",AI Software Engineer,Speechify,Germany,Berlin,,,,false,none,USD,Unspecified,Senior,,false,false,2025-12-05,Adzuna
"Senior Software Engineer, Windows/Desktop Applications - Dortmund, Germany",AI Software Engineer,Speechify,Germany,Dortmund,,,,false,none,USD,Unspecified,Senior,,false,false,2025-12-07,Adzuna
"Senior Software Engineer, Windows/Desktop Applications - Hamburg, Germany",AI Software Engineer,Speechify,Germany,Hamburg,,,,false,none,USD,Unspecified,Senior,,false,false,2025-12-05,Adzuna
AI/ML Drug Design Product Owner (all genders) - Inklusiver Job,AI Engineer,Sanofi-Aventis Deutschland GmbH,Germany,Frankfurt am Main,,,,false,none,USD,Unspecified,Mid-level,,false,false,2026-02-21,Adzuna
Principal Engineer (d/f/m),Other / Unclassified,Aignostics,Germany,Tiergarten,,,,false,none,USD,Unspecified,Lead,,false,false,2025-11-27,Adzuna
Member of Technical Staff - Training Cluster Engineer,Other / Unclassified,Black Forest Labs,Germany,,2000,4000,3000,false,range,USD,Unspecified,Lead,,false,false,2025-09-19,Adzuna
Staff Computational Biologist (d/f/m),Other / Unclassified,Aignostics,Germany,Tiergarten,,,,false,none,USD,Unspecified,Lead,,false,false,2025-12-22,Adzuna
Product Manager - Autonomous Airborne Systems,AI Product & Program,Helsing,Germany,,,,,false,none,USD,Unspecified,Management,,false,false,2026-02-08,Adzuna
Integration Engineer – Microsoft Graph & Enterprise AI Systems,Other / Unclassified,FGS Global,Germany,Berlin,,,,false,none,USD,Remote,Management,,false,false,2026-01-31,Adzuna
IT Specialist (Artificial Intelligence),Other / Unclassified,U.S. Secret Service,United States,"Washington, D.C.",144000,187000,165500,false,range,USD,Unspecified,Mid-level,,false,false,,USAJobs
IT Specialist (Artificial Intelligence),Other / Unclassified,Department of the Treasury - Agency Wide,United States,Location Negotiable After Selection,90000,197000,143500,false,range,USD,Unspecified,Senior,,false,false,,USAJobs
Supervisory IT Specialist (Artificial Intelligence),Other / Unclassified,U.S. Secret Service,United States,"Washington, D.C.",169000,197000,183000,false,range,USD,Unspecified,Mid-level,,false,false,,USAJobs
Chief Artificial Intelligence Officer,Other / Unclassified,Patent and Trademark Office,United States,"Alexandria, Virginia",198000,220000,209000,false,range,USD,Unspecified,Senior,,false,false,,USAJobs
"ASSISTANT/ASSOCIATE/FULL PROFESSOR (CYBER, ARTIFICIAL INTELLIGENCE, DISRUPTIVE TECHNOLOGY)",Other / Unclassified,Defense Security Cooperation Agency,United States,"Honolulu, Hawaii",111000,196000,153500,false,range,USD,Unspecified,Junior,,false,false,,USAJobs
Technical Advisor for AI and Data Science,Data Scientist,Department of the Air Force - Agency Wide,United States,,161000,210000,185500,false,range,USD,Unspecified,Senior,,false,false,,USAJobs
Statistician,Other / Unclassified,Office of Management and Budget,United States,"Washington, D.C.",122000,187000,154500,false,range,USD,Unspecified,Senior,,false,false,,USAJobs
AI Standards Architect,AI Consulting / Solutions,National Institute of Standards and Technology,United States,,85000,187000,136000,false,range,USD,Unspecified,Mid-level,,false,false,,USAJobs
Solutions Architect,AI Consulting / Solutions,Social Security Administration,United States,"Woodlawn, Maryland",144000,197000,170500,false,range,USD,Unspecified,Mid-level,SQL,false,false,,USAJobs
Research Computer Scientist,AI / ML Research,Veterans Health Administration,United States,"Bedford, Massachusetts",,,,false,none,USD,Unspecified,Mid-level,NLP,false,false,,USAJobs
DATA SCIENTIST,Data Scientist,"Air Force Elements, U.S. Transportation Command",United States,"Scott AFB, Illinois",109000,142000,125500,false,range,USD,Unspecified,Mid-level,,false,false,,USAJobs
Data Analyst,Data Analyst / BI,"Office of the Inspector General, USPS",United States,"Arlington, Virginia",71000,158000,114500,false,range,USD,Unspecified,Mid-level,"Python, R, SQL, Azure",false,false,,USAJobs
Operations Research Analyst (Direct Hire),AI / ML Research,John F. Kennedy Space Center,United States,"Kennedy Space Center, Florida",107000,139000,123000,false,range,USD,Unspecified,Mid-level,,false,false,,USAJobs
Engineering Technician (Direct Hire),Other / Unclassified,Armstrong Flight Research Center,United States,"Edwards AFB, California",87000,113000,100000,false,range,USD,Unspecified,Mid-level,,false,false,,USAJobs
"AST, Technical Management",Other / Unclassified,John C. Stennis Space Center,United States,"Stennis Space Center, Mississippi",126000,164000,145000,false,range,USD,Unspecified,Mid-level,,false,false,,USAJobs
"Aerospace Engineer, AST, Flight Systems Test (Direct Hire)",Other / Unclassified,Lyndon B. Johnson Space Center,United States,"Las Cruces, New Mexico",106000,138000,122000,false,range,USD,Unspecified,Mid-level,,false,false,,USAJobs
"Electrical Engineer, AST, Electrical Systems",Other / Unclassified,Armstrong Flight Research Center,United States,"Edwards AFB, California",124000,161000,142500,false,range,USD,Unspecified,Mid-level,,false,false,,USAJobs
"Senior Interagency Advisor, Export Control & Interagency Liaison Division",AI Consulting / Solutions,"Headquarters, NASA",United States,"Washington, D.C.",152000,217000,184500,false,range,USD,Unspecified,Senior,,false,false,,USAJobs
"General Engineer, AST, Launch and Flight Operations (Direct Hire)",Other / Unclassified,John F. Kennedy Space Center,United States,"Kennedy Space Center, Florida",107000,139000,123000,false,range,USD,Remote,Mid-level,,false,false,,USAJobs
Artemis Mission Development Manager,Other / Unclassified,"Headquarters, NASA",United States,NASA - United States Locations,152000,217000,184500,false,range,USD,Unspecified,Senior,,false,false,,USAJobs
"General Engineer, AST, Mission Support Requirements and Development (Direct Hire)",Other / Unclassified,John F. Kennedy Space Center,United States,"Kennedy Space Center, Florida",127000,165000,146000,false,range,USD,Unspecified,Mid-level,,false,false,,USAJobs
Director for Spectrum Policy and Planning,Other / Unclassified,"Headquarters, NASA",United States,"Washington, D.C.",152000,217000,184500,false,range,USD,Unspecified,Senior,,false,false,,USAJobs
"AST, Technical Management (Direct Hire)",Other / Unclassified,George C. Marshall Space Flight Center,United States,"Huntsville, Alabama",154000,197000,175500,false,range,USD,Unspecified,Mid-level,,false,false,,USAJobs
"Aerospace Engineer, AST, Aerospace Flight Systems (Direct Hire)",Other / Unclassified,Lyndon B. Johnson Space Center,United States,"Houston, Texas",123000,160000,141500,false,range,USD,Unspecified,Mid-level,,false,false,,USAJobs
"Electrical Engineer, AST - Electrical Power Systems (Direct Hire)",Other / Unclassified,Lyndon B. Johnson Space Center,United States,"Houston, Texas",171000,197000,184000,false,range,USD,Unspecified,Mid-level,,false,false,,USAJobs
ASSOCIATE GENERAL COUNSEL,Other / Unclassified,Defense Intelligence Agency,United States,"Washington, D.C.",122000,197000,159500,false,range,USD,Unspecified,Junior,,false,false,,USAJobs
JAVA Angular Full Stack Web Application Developer,AI Software Engineer,Social Security Administration,United States,"Woodlawn, Maryland",122000,197000,159500,false,range,USD,Unspecified,Mid-level,"SQL, AWS",false,false,,USAJobs
Node-React Full Stack Web Application Developer,AI Software Engineer,Social Security Administration,United States,"Woodlawn, Maryland",122000,197000,159500,false,range,USD,Unspecified,Mid-level,"SQL, AWS, Azure",false,false,,USAJobs
Business Systems Developer,AI Software Engineer,Social Security Administration,United States,"Woodlawn, Maryland",122000,197000,159500,false,range,USD,Unspecified,Mid-level,SQL,false,false,,USAJobs
Kafka Engineer,Other / Unclassified,Social Security Administration,United States,"Woodlawn, Maryland",144000,197000,170500,false,range,USD,Hybrid,Junior,Python,false,false,,USAJobs
Data Scientist,Data Scientist,Social Security Administration,United States,"Woodlawn, Maryland",144000,187000,165500,false,range,USD,Unspecified,Mid-level,"Python, R, SQL, PyTorch, TensorFlow, LangChain, Transformers",false,false,,USAJobs
Test Automation Engineer,Other / Unclassified,Social Security Administration,United States,"Woodlawn, Maryland",144000,197000,170500,false,range,USD,Unspecified,Mid-level,"AWS, Azure",false,false,,USAJobs
HIT Integration Developer,AI Software Engineer,Social Security Administration,United States,"Woodlawn, Maryland",144000,197000,170500,false,range,USD,Unspecified,Mid-level,Python,false,false,,USAJobs
Python Developer,AI Software Engineer,Social Security Administration,United States,"Woodlawn, Maryland",144000,197000,170500,false,range,USD,Unspecified,Mid-level,"Python, SQL, AWS, Azure",false,false,,USAJobs
"AI Research Scientist, Applied Systems",AI / ML Research,National Institute of Standards and Technology,United States,,122000,197000,159500,false,range,USD,Unspecified,Mid-level,,false,false,,USAJobs
"AI Evaluations Scientist, Biological AI Models",Other / Unclassified,National Institute of Standards and Technology,United States,,122000,197000,159500,false,range,USD,Unspecified,Mid-level,,false,false,,USAJobs
Director of Budget,Other / Unclassified,"Headquarters, NASA",United States,"Washington, D.C.",217000,223000,220000,false,range,USD,Unspecified,Junior,,false,false,,USAJobs
COMPUTER SCIENTIST,Other / Unclassified,Naval Sea Systems Command,United States,"Dahlgren, Virginia",101000,157000,129000,false,range,USD,Unspecified,Mid-level,Python,false,false,,USAJobs
"Deputy Comptroller for Supervision System and Analytical Support, NB-0570-VIII",Other / Unclassified,Office of the Comptroller of the Currency,United States,,176000,320000,248000,false,range,USD,Unspecified,Senior,,false,false,,USAJobs
Director Engineering Directorate,Other / Unclassified,Langley Research Center,United States,"Hampton, Virginia",217000,223000,220000,false,range,USD,Unspecified,Junior,,false,false,,USAJobs
Technical Careers,Other / Unclassified,Central Intelligence Agency,United States,"Washington, D.C.",70000,185000,127500,false,range,USD,Unspecified,Mid-level,"Python, SQL",false,false,,USAJobs
Project Manager Engineer,AI Product & Program,Central Intelligence Agency,United States,"Washington, D.C.",70000,185000,127500,false,range,USD,Unspecified,Management,,false,false,,USAJobs
Staff Assistant,Other / Unclassified,Drug Enforcement Administration,United States,"Arlington, Virginia",71000,111000,91000,false,range,USD,Unspecified,Senior,,false,false,,USAJobs
Computer Scientist (Data Scientist),Data Scientist,U.S. Coast Guard,United States,"District of Columbia, District of Columbia",144000,187000,165500,false,range,USD,Unspecified,Mid-level,,false,false,,USAJobs
Deputy Administrator for Technology,Other / Unclassified,"Treasury, Departmental Offices",United States,"Washington, D.C.",152000,228000,190000,false,range,USD,Unspecified,Senior,,false,false,,USAJobs
"Education Policy Analyst, AD-1701-00, GS-15 Equivalent (Excepted Service) (Term NTE 3 YRS)",Data Analyst / BI,National Assessment Governing Board,United States,"District of Columbia, District of Columbia",169000,197000,183000,false,range,USD,Unspecified,Mid-level,,false,false,,USAJobs
Chief Data Officer,Other / Unclassified,Patent and Trademark Office,United States,"Alexandria, Virginia",198000,220000,209000,false,range,USD,Unspecified,Senior,,false,false,,USAJobs
Data Scientist,Data Scientist,U.S. Secret Service,United States,"Washington, D.C.",102000,133000,117500,false,range,USD,Unspecified,Mid-level,Azure,false,false,,USAJobs
ISS (Educational Technologist),Other / Unclassified,Department of Defense Education Activity,United States,"Agana, Guam",100000,135000,117500,false,range,USD,Unspecified,Lead,,false,false,,USAJobs
Marketing Specialist,Other / Unclassified,Air Combat Command,United States,"Tyndall AFB, Florida",,,,false,none,USD,Unspecified,Mid-level,OpenAI,false,false,,USAJobs
Program Analyst (Informatics),Data Analyst / BI,Veterans Health Administration,United States,"Richmond, Virginia",93000,122000,107500,false,range,USD,Unspecified,Lead,,false,false,,USAJobs
Interdisciplinary Physical Scientist / General Engineer,Other / Unclassified,Defense Threat Reduction Agency,United States,"Reston, Virginia",144000,187000,165500,false,range,USD,Unspecified,Lead,R,false,false,,USAJobs
Trial Attorney (Enforcement and Affirmative Litigation Branch),Other / Unclassified,"Offices, Boards and Divisions",United States,"Washington, D.C.",122000,197000,159500,false,range,USD,Unspecified,Mid-level,,false,false,,USAJobs
Program Analyst (Informatics),Data Analyst / BI,Veterans Health Administration,United States,"El Paso, Texas",90000,116000,103000,false,range,USD,Unspecified,Lead,,false,false,,USAJobs
Patent Examiner (Mechanical Engineering),Other / Unclassified,Patent and Trademark Office,United States,"Alexandria County, Virginia",68000,121000,94500,false,range,USD,Unspecified,Mid-level,,false,false,,USAJobs
Patent Examiner (Physics),Other / Unclassified,Patent and Trademark Office,United States,"Alexandria, Virginia",68000,121000,94500,false,range,USD,Unspecified,Mid-level,,false,false,,USAJobs
Patent Examiner (Chemical Engineering),Other / Unclassified,Patent and Trademark Office,United States,"Alexandria, Virginia",68000,121000,94500,false,range,USD,Unspecified,Mid-level,,false,false,,USAJobs
Patent Examiner (Chemistry),Other / Unclassified,Patent and Trademark Office,United States,"Alexandria, Virginia",68000,121000,94500,false,range,USD,Unspecified,Mid-level,,false,false,,USAJobs
Patent Examiner (Computer Science),Other / Unclassified,Patent and Trademark Office,United States,"Alexandria, Virginia",68000,121000,94500,false,range,USD,Unspecified,Mid-level,,false,false,,USAJobs
Patent Examiner (Electrical Engineering),Other / Unclassified,Patent and Trademark Office,United States,"Alexandria, Virginia",68000,121000,94500,false,range,USD,Unspecified,Mid-level,,false,false,,USAJobs
Patent Examiner (Computer Engineering),Other / Unclassified,Patent and Trademark Office,United States,"Alexandria, Virginia",68000,121000,94500,false,range,USD,Unspecified,Mid-level,,false,false,,USAJobs
Marine Interdiction Agent,Other / Unclassified,Customs and Border Protection,United States,Location Negotiable After Selection,77000,142000,109500,false,range,USD,Unspecified,Mid-level,,false,false,,USAJobs
Applied Research Mathematician / Machine Learning Security and Generative AI,AI / ML Research,National Security Agency/Central Security Service,United States,"Fort Meade, Maryland",133000,197000,165000,false,range,USD,Unspecified,Junior,,false,false,,USAJobs
Applied Research Mathematician / Machine Learning Security / Generative AI - Exp to Expert (MD),AI / ML Research,National Security Agency/Central Security Service,United States,"Fort Meade, Maryland",133000,197000,165000,false,range,USD,Unspecified,Junior,,false,false,,USAJobs
ENGINEER,Other / Unclassified,Naval Sea Systems Command,United States,"Dam Neck Naval Facility, Virginia Beach, Virginia",90000,139000,114500,false,range,USD,Unspecified,Mid-level,Python,false,false,,USAJobs
"Research Engineer/Scientist, Agent Security",AI / ML Research,National Institute of Standards and Technology,United States,,122000,197000,159500,false,range,USD,Unspecified,Mid-level,,false,false,,USAJobs
"Member of Technical Staff, Frontier Assessment",Other / Unclassified,National Institute of Standards and Technology,United States,,122000,197000,159500,false,range,USD,Unspecified,Lead,,false,false,,USAJobs
Computer Engineer,Other / Unclassified,Naval Air Systems Command,United States,"Lakehurst, New Jersey",125000,163000,144000,false,range,USD,Unspecified,Mid-level,,false,false,,USAJobs
Data Scientist,Data Scientist,U.S. Census Bureau,United States,"Suitland, Maryland",85000,111000,98000,false,range,USD,Unspecified,Mid-level,,false,false,,USAJobs
Bindery Machine Operator,Other / Unclassified,Government Publishing Office,United States,"Stennis Space Center, Mississippi",,,,false,none,USD,Unspecified,Mid-level,,false,false,,USAJobs
Nursing Assistant,Other / Unclassified,Veterans Health Administration,United States,"Portland, Oregon",42000,69000,55500,false,range,USD,Unspecified,Junior,,false,false,,USAJobs
Nursing Assistant- Geriatrics,Other / Unclassified,Veterans Health Administration,United States,"Albany, New York",33000,55000,44000,false,range,USD,Unspecified,Mid-level,,false,false,,USAJobs
Without Compensation (WOC) Research Mathematical Statistician,AI / ML Research,Veterans Health Administration,United States,"Pittsburgh, Pennsylvania",,,,false,none,USD,Unspecified,Junior,"Python, R",false,false,,USAJobs
Outpatient Registered Respiratory Therapist - PAP Clinic,Other / Unclassified,Veterans Health Administration,United States,"Cleveland, Ohio",83000,108000,95500,false,range,USD,Hybrid,Mid-level,,false,false,,USAJobs
Nursing Assistant- Med-Surg,Other / Unclassified,Veterans Health Administration,United States,"Albany, New York",33000,54000,43500,false,range,USD,Unspecified,Mid-level,,false,false,,USAJobs
Nursing Assistant- 10B Inpatient Mental Health,Other / Unclassified,Veterans Health Administration,United States,"Albany, New York",33000,54000,43500,false,range,USD,Unspecified,Mid-level,,false,false,,USAJobs
Medical Instrument Technician (Echocardiography),Other / Unclassified,Veterans Health Administration,United States,"Martinsburg, West Virginia",51000,82000,66500,false,range,USD,Unspecified,Mid-level,,false,false,,USAJobs
Nursing Assistant,Other / Unclassified,Veterans Health Administration,United States,"Houston, Texas",39000,64000,51500,false,range,USD,Unspecified,Lead,,false,false,,USAJobs
DATA SCIENTIST,Data Scientist,DOD Cyber Crime Center,United States,"Linthicum Heights, Maryland",122000,158000,140000,false,range,USD,Unspecified,Lead,,false,false,,USAJobs
DATA SCIENTIST,Data Scientist,Defense Finance and Accounting Service,United States,,106000,144000,125000,false,range,USD,Unspecified,Mid-level,,false,false,,USAJobs
DATA SCIENTIST,Data Scientist,Air Force Civilian Career Training,United States,,50000,99000,74500,false,range,USD,Unspecified,Senior,,false,false,,USAJobs
Data Scientist,Data Scientist,Department of State - Agency Wide,United States,"Washington, D.C.",144000,187000,165500,false,range,USD,Unspecified,Junior,,false,false,,USAJobs
Analysis Career Field (Data Scientist) (Washington DC),Data Scientist,Defense Intelligence Agency,United States,"Washington, D.C.",43000,135000,89000,false,range,USD,Unspecified,Mid-level,,false,false,,USAJobs
Clinical Laboratory Scientist,Other / Unclassified,Veterans Health Administration,United States,"Pensacola, Florida",61000,117000,89000,false,range,USD,Unspecified,Junior,,false,false,,USAJobs
ENGINEER/SCIENTIST,Other / Unclassified,Naval Sea Systems Command,United States,"Dam Neck Naval Facility, Virginia Beach, Virginia",128000,195000,161500,false,range,USD,Unspecified,Mid-level,,false,false,,USAJobs
ENGINEER/SCIENTIST,Other / Unclassified,Naval Sea Systems Command,United States,"Dahlgren, Virginia",70000,157000,113500,false,range,USD,Unspecified,Mid-level,,false,false,,USAJobs
Supervisory Clinical Laboratory Scientist,Other / Unclassified,Veterans Health Administration,United States,"Lebanon, Pennsylvania",115000,149000,132000,false,range,USD,Unspecified,Lead,,false,false,,USAJobs
COOPERATIVE ENGAGEMENT CAPABILITY SYSTEMS ENGINEER,Other / Unclassified,Naval Sea Systems Command,United States,"Dahlgren, Virginia",70000,157000,113500,false,range,USD,Unspecified,Mid-level,,false,false,,USAJobs
TECHNICAL PROJECT MANAGER,AI Product & Program,Naval Sea Systems Command,United States,"Naval Base Newport, Rhode Island",101000,197000,149000,false,range,USD,Unspecified,Lead,,false,false,,USAJobs
ENGINEER/SCIENTIST,Other / Unclassified,Naval Sea Systems Command,United States,"Naval Base Newport, Rhode Island",142000,197000,169500,false,range,USD,Unspecified,Mid-level,,false,false,,USAJobs
Mathematician,Other / Unclassified,Department of the Air Force - Agency Wide,United States,,64000,164000,114000,false,range,USD,Unspecified,Mid-level,,false,false,,USAJobs
Geodesist,Other / Unclassified,National Oceanic and Atmospheric Administration,United States,,51000,133000,92000,false,range,USD,Unspecified,Mid-level,,false,false,,USAJobs
ENGINEER/SCIENTIST,Other / Unclassified,Naval Sea Systems Command,United States,"Crane, Indiana",126000,192000,159000,false,range,USD,Unspecified,Mid-level,,false,false,,USAJobs
SOFTWARE DEVELOPER,AI Software Engineer,Naval Sea Systems Command,United States,"Dahlgren, Virginia",101000,157000,129000,false,range,USD,Unspecified,Mid-level,,false,false,,USAJobs
MANAGER,Other / Unclassified,Naval Sea Systems Command,United States,"Crane, Indiana",126000,192000,159000,false,range,USD,Unspecified,Management,,false,false,,USAJobs
MANAGER,Other / Unclassified,Naval Sea Systems Command,United States,"Naval Business Center, Philadelphia, Pennsylvania",139000,197000,168000,false,range,USD,Unspecified,Management,,false,false,,USAJobs
Supervisory Physical Scientist (Firearms) - Direct Hire (Open Continuous Announcement),Other / Unclassified,"Bureau of Alcohol, Tobacco, Firearms, and Explosives",United States,"Wichita, Kansas",127000,165000,146000,false,range,USD,Unspecified,Mid-level,,false,false,,USAJobs
Supervisory Physical Scientist (Friction Ridge) - Direct Hire (Open Continuous Announcement),Other / Unclassified,"Bureau of Alcohol, Tobacco, Firearms, and Explosives",United States,"Wichita, Kansas",127000,165000,146000,false,range,USD,Unspecified,Mid-level,,false,false,,USAJobs
BIOLOGICAL SCIENTIST (ENVIRONMENTAL),Other / Unclassified,Air Force Civilian Career Training,United States,"Elmendorf AFB, Alaska",56000,90000,73000,false,range,USD,Unspecified,Mid-level,,false,false,,USAJobs
ENGINEER/SCIENTIST (Lead Test and Evaluation Engineer),Other / Unclassified,Naval Sea Systems Command,United States,"Dahlgren, Virginia",144000,197000,170500,false,range,USD,Unspecified,Lead,,false,false,,USAJobs
ENGINEER/SCIENTIST Unmanned Surface Vessel Lead Mission Autonomy Software Developer,AI Software Engineer,Naval Sea Systems Command,United States,"Dahlgren, Virginia",101000,157000,129000,false,range,USD,Unspecified,Lead,Python,false,false,,USAJobs
INTEROPERABILITY & EMBEDDED SOFTWARE LEAD,Other / Unclassified,Naval Sea Systems Command,United States,"Dahlgren, Virginia",144000,197000,170500,false,range,USD,Unspecified,Lead,,false,false,,USAJobs
Clinical Lab Scientist - Generalist,Other / Unclassified,Veterans Health Administration,United States,"Grand Junction, Colorado",73000,140000,106500,false,range,USD,Unspecified,Management,,false,false,,USAJobs
Clinical Laboratory Scientist - Micro-Molecular,Other / Unclassified,Veterans Health Administration,United States,"Minneapolis, Minnesota",71000,117000,94000,false,range,USD,Unspecified,Junior,,false,false,,USAJobs
Clinical Laboratory Scientist,Other / Unclassified,Veterans Health Administration,United States,"Castle Point, New York",124000,162000,143000,false,range,USD,Unspecified,Management,,false,false,,USAJobs
Clinical Laboratory Scientist,Other / Unclassified,Veterans Health Administration,United States,,51000,129000,90000,false,range,USD,Unspecified,Junior,,false,false,,USAJobs
Clinical Laboratory Scientist,Other / Unclassified,Veterans Health Administration,United States,Seattle,69000,127000,98000,false,range,USD,Unspecified,Junior,,false,false,,USAJobs
COMPUTER SCIENTIST-DIRECT HIRE AUTHORITY,Other / Unclassified,Air Force Materiel Command,United States,"Eglin AFB, Florida",89000,137000,113000,false,range,USD,Unspecified,Mid-level,,false,false,,USAJobs
Clinical Laboratory Scientist - Generalist,Other / Unclassified,Veterans Health Administration,United States,"Oklahoma City, Oklahoma",60000,115000,87500,false,range,USD,Unspecified,Junior,,false,false,,USAJobs
Clinical Laboratory Scientist,Other / Unclassified,Veterans Health Administration,United States,"Oklahoma City, Oklahoma",60000,115000,87500,false,range,USD,Unspecified,Junior,,false,false,,USAJobs
Physical Scientist,Other / Unclassified,Veterans Health Administration,United States,"Salt Lake City, Utah",90000,116000,103000,false,range,USD,Unspecified,Mid-level,,false,false,,USAJobs
Interdisciplinary,Other / Unclassified,U.S. Army Medical Command,United States,"Tripler Army Medical Center, Hawaii",64000,101000,82500,false,range,USD,Unspecified,Mid-level,,false,false,,USAJobs
Supervisory Physical Scientist (Digital Forensic Examiner/Latent Prints),Other / Unclassified,Joint Activities,United States,"Fort Bragg, North Carolina",111000,144000,127500,false,range,USD,Unspecified,Mid-level,,false,false,,USAJobs
SUPERVISORY GENERAL ENGINEER/PHYSICAL SCIENTIST/OPS RESEARCH ANALYST,AI / ML Research,Department of the Air Force - Agency Wide,United States,"Patrick AFB, Florida",148000,193000,170500,false,range,USD,Unspecified,Senior,,false,false,,USAJobs
Clinical Laboratory Scientist (Technical Specialist) - Blood Bank,Other / Unclassified,Veterans Health Administration,United States,"Los Angeles, California",132000,171000,151500,false,range,USD,Unspecified,Lead,,false,false,,USAJobs
Interdisciplinary,Other / Unclassified,U.S. Army Forces Command,United States,"Aberdeen Proving Ground, Maryland",144000,187000,165500,false,range,USD,Unspecified,Senior,,false,false,,USAJobs
Clinical Laboratory Scientist - Chemistry/Urinalysis,Other / Unclassified,Veterans Health Administration,United States,"Columbia, South Carolina",89000,116000,102500,false,range,USD,Unspecified,Lead,,false,false,,USAJobs
Clinical Laboratory Scientist,Other / Unclassified,Veterans Health Administration,United States,"Leavenworth, Kansas",108000,141000,124500,false,range,USD,Unspecified,Mid-level,,false,false,,USAJobs
PREVENTION SPECIALIST,Other / Unclassified,Department of the Air Force - Agency Wide,United States,,52000,163000,107500,false,range,USD,Unspecified,Lead,,false,false,,USAJobs
Director Resource and Integration Directorate,Other / Unclassified,Department of the Air Force - Agency Wide,United States,"Huntsville, AL",167000,219000,193000,false,range,USD,Unspecified,Senior,,false,false,,USAJobs
Clinical Lab Scientist - Off-Shift,Other / Unclassified,Veterans Health Administration,United States,"Albuquerque, New Mexico",108000,140000,124000,false,range,USD,Unspecified,Junior,,false,false,,USAJobs
Clinical Lab Scientist,Other / Unclassified,Veterans Health Administration,United States,"Tucson, Arizona",108000,140000,124000,false,range,USD,Unspecified,Junior,,false,false,,USAJobs
Lead Clinical Laboratory Scientist - Toxicology,Other / Unclassified,Veterans Health Administration,United States,"Minneapolis, Minnesota",107000,139000,123000,false,range,USD,Unspecified,Lead,,false,false,,USAJobs
